zinc_id,engine_H,ref_H,engine_O,ref_O,engine_cascade,ref_cascade
ZINCj6000002m2pR,39.56218254058284,39.56218254058284,16.369341431291932,16.369341431291932,25.64647787500829,25.646477875008294
ZINCk5000003WWXg,34.38695355472221,34.38695355472221,17.160918321828085,17.160918321828085,24.051332414985737,24.051332414985737
ZINCh6000018XeqX,42.48908792811077,39.99793267811248,12.143588457792053,11.386241027646065,24.28178824591954,22.83091768783263
ZINCj7000002nUsv,34.168309532736544,34.168309532736544,18.33042777886906,18.33042777886906,24.66558048041605,24.665580480416054
ZINCk5000009FGhs,38.34275944886656,38.34275944886656,24.969418632951328,24.969418632951328,30.318754959317417,30.318754959317417
ZINCk700000AJ53N,41.557466502787214,41.557466502787214,16.416943773732818,16.416943773732818,26.473152865354574,26.473152865354578
ZINCj500000ffylE,38.34275944886656,38.34275944886656,21.04386202232096,21.043862022320962,27.9634209929392,27.963420992939202
ZINCk6000004dyEv,48.206981642737496,48.206981642737496,20.858575584215224,20.858575584215224,31.797938007624133,31.797938007624133
ZINCj7000018Tf5a,34.168309532736544,34.168309532736544,17.52738245751787,17.52738245751787,24.183753287605334,24.183753287605338
ZINCi80000015fZN,32.207787600796564,32.207787600796564,19.704433531567677,19.704433531567673,24.70577515925923,24.70577515925923
ZINCj800000JW4cI,33.935008419937205,33.935008419937205,17.35986098373043,17.35986098373043,23.98991995821314,23.98991995821314
ZINCj500000ffiBK,34.168309532736544,34.168309532736544,20.219932287872588,20.219932287872588,25.79928318581817,25.79928318581817
ZINCh500000JTm06,34.74960601639999,34.74960601639999,18.531153848171293,18.531153848171293,25.01853471546277,25.01853471546277
ZINCh600000K4kXF,34.351665344695306,34.351665344695306,17.696096086750025,17.696096086750025,24.358323789928136,24.358323789928136
ZINCk6000009JypK,34.38695355472221,34.38695355472221,17.79758153482455,17.79758153482455,24.43333034278361,24.43333034278361
ZINCk600000PwCMV,35.53084632385342,35.53084632385342,18.13136681977844,18.131366819778442,25.091158621408432,25.091158621408432
ZINCi600000cVY82,34.351665344695306,34.351665344695306,18.348199284149675,18.348199284149675,24.749585708367928,24.749585708367928
ZINCk800000PtvXm,34.351665344695306,34.351665344695306,19.559496072866654,19.559496072866658,25.47636378159812,25.476363781598117
ZINCj800000y9cSp,34.932961828358735,34.932961828358735,16.469550172060178,16.469550172060178,23.854914834579603,23.854914834579603
ZINCk700001bNgyl,38.34275944886656,38.34275944886656,20.779058846078332,20.779058846078335,27.804539087193625,27.804539087193625
ZINCk700001bPKsP,34.168309532736544,34.168309532736544,20.71079701506995,20.71079701506995,26.093802022136583,26.093802022136586
ZINCj5000002h3y9,32.07394797713363,32.07394797713363,18.76992748273141,18.769927482731415,24.0915356804923,24.0915356804923
ZINCj500000crn2D,32.391143412755326,32.391143412755326,19.166607133781643,19.166607133781643,24.45642164537112,24.45642164537112
ZINCj5000002axaf,32.207787600796564,32.207787600796564,21.18614309098314,21.18614309098314,25.59480089490851,25.59480089490851
ZINCk600000Pziko,29.82129840447632,29.821298404476316,23.63498482982502,23.63498482982502,26.109510259685536,26.109510259685536
ZINCk500000gaoBb,36.38223751692659,36.38223751692659,22.6947286751306,22.694728675130598,28.169732211848995,28.169732211848995
ZINCk600000PtvhJ,38.34275944886656,38.34275944886656,18.18487897453272,18.18487897453272,26.24803116426625,26.248031164266255
ZINCk7000004goV3,36.755201860911455,34.168309532736544,18.600614619989088,19.074895969911736,25.86244951635804,25.112261395041656
ZINCj800000JV4wV,36.74488997860436,36.74488997860436,16.422824023441834,16.422824023441834,24.551650405506845,24.551650405506845
ZINCk500000dobtZ,36.92824579056311,36.92824579056311,16.46400038897035,16.46400038897035,24.649698549607457,24.649698549607457
ZINCh500000057hA,34.932961828358735,34.932961828358735,16.836874367070852,16.836874367070852,24.075309351586007,24.075309351586007
ZINCk5000009AqW4,33.81239250864757,33.81239250864757,17.91509188558767,17.91509188558767,24.274012134811628,24.274012134811628
ZINCk500000dppUs,34.168309532736544,34.168309532736544,18.591726927132463,18.591726927132466,24.822359969374094,24.822359969374098
ZINCj600000JTvBb,34.38103669862671,34.38103669862671,17.85219161012832,17.85219161012832,24.463729645527675,24.463729645527675
ZINCk700000EmvGT,32.391143412755326,32.391143412755326,19.760231029456147,19.760231029456147,24.81259598277582,24.81259598277582
ZINCk700000gsNMz,32.207787600796564,32.207787600796564,18.14745579209341,18.14745579209341,23.77158851557467,23.77158851557467
ZINCi500000cpbR3,32.391143412755326,32.391143412755326,18.54098893913516,18.540988939135158,24.08105072858323,24.08105072858323
ZINCk8000004jz8x,36.54992451139248,36.549924511392476,15.892288033914536,15.892288033914536,24.155342624905717,24.155342624905714
ZINCk5000009CVpA,34.168309532736544,34.168309532736544,17.152254881459033,17.152254881459033,23.95867674197004,23.958676741970038
ZINCj600000AJjWj,32.391143412755326,32.391143412755326,18.81821992899385,18.818219928993855,24.24738932249845,24.247389322498446
ZINCk6000009J2JA,31.3584279740694,31.358427974069397,19.952058513928307,19.952058513928307,24.51460629798474,24.51460629798474
ZINCj8000002r9tt,32.391143412755326,32.391143412755326,19.699325261522524,19.699325261522524,24.776052522015647,24.776052522015647
ZINCj800000FCTSH,34.168309532736544,34.168309532736544,17.034107963196647,17.034107963196647,23.887788591012605,23.887788591012605
ZINCk5000003VSqP,34.168309532736544,34.168309532736544,18.367894174827217,18.367894174827217,24.68806031799095,24.68806031799095
ZINCk6000004cskJ,34.351665344695306,34.351665344695306,19.84193392865385,19.841933928653855,25.645826495070438,25.645826495070434
ZINCj700000PKodz,34.168309532736544,34.168309532736544,17.423529293488453,17.423529293488453,24.121441389187687,24.121441389187687
ZINCi500000cVE2u,32.07394797713363,32.07394797713363,19.95348588264429,19.953485882644294,24.80167072044003,24.80167072044003
ZINCk500000dpFUm,34.714317806373074,34.714317806373074,18.801754040809925,18.801754040809925,25.166779547035183,25.166779547035183
ZINCk700000grPpq,32.7537958744331,32.7537958744331,19.446869298028293,19.446869298028293,24.769639928590216,24.769639928590216
ZINCk600000dqLks,32.207787600796564,32.207787600796564,18.53076545424908,18.530765454249078,24.001574312868076,24.001574312868073
ZINCj500000y8REp,33.53556236164904,33.53556236164904,19.50004721390118,19.50004721390118,25.11425327300032,25.11425327300032
ZINCk600000PBD40,36.74488997860436,36.74488997860436,17.600693369795376,17.600693369795376,25.25837201331897,25.25837201331897
ZINCk5000009Bjce,35.53084632385342,35.53084632385342,17.88515420804189,17.88515420804189,24.9434310543665,24.9434310543665
ZINCk6000004cATr,34.714317806373074,34.714317806373074,17.141986930484276,17.141986930484276,24.170919280839797,24.170919280839794
ZINCj500000c9VmM,38.34275944886656,38.34275944886656,19.497295438567637,19.497295438567633,27.0354810426872,27.035481042687202
ZINCk800000Pzmg5,38.92405593253,38.92405593253,16.08663207139486,16.08663207139486,25.221601615848915,25.221601615848915
ZINCk600000GfMPb,36.92824579056311,36.92824579056311,19.555577933906555,19.555577933906555,26.504645076569176,26.504645076569176
ZINCk50000045qVV,35.38664720980987,35.38664720980987,20.28615358283165,20.286153582831652,26.32635103362294,26.32635103362294
ZINCi500000y8ASW,34.168309532736544,34.168309532736544,18.601491863882835,18.601491863882835,24.82821893142432,24.828218931424317
ZINCk500000g6NQn,34.168309532736544,34.168309532736544,20.03195828337141,20.031958283371406,25.68649878311746,25.68649878311746
ZINCk600000PAEpL,29.63794259251756,29.637942592517557,20.693085088589218,20.693085088589218,24.271028090160552,24.271028090160552
ZINCk500000geJaN,34.351665344695306,34.351665344695306,24.80741297847628,24.80741297847628,28.625113924963884,28.625113924963884
ZINCk800000FCwWd,35.53084632385342,35.53084632385342,18.427757293460484,18.427757293460484,25.26899290561765,25.268992905617655
ZINCk800000PApCX,38.34275944886656,38.34275944886656,26.776544032298894,26.776544032298894,31.40303019892596,31.40303019892596
ZINCi500000xcpuH,33.53556236164904,33.53556236164904,19.45988308760877,19.459883087608766,25.090154797224876,25.090154797224873
ZINCj600000BmUP2,34.351665344695306,34.351665344695306,17.312748109836367,17.312748109836367,24.128315003779942,24.128315003779942
ZINCi700000cWdHG,34.351665344695306,34.351665344695306,17.241373488090247,17.241373488090247,24.08549023073227,24.08549023073227
ZINCi500000cV1nl,34.932961828358735,34.932961828358735,19.40366444016599,19.40366444016599,25.615383395443093,25.615383395443093
ZINCj500000fdR4c,32.391143412755326,32.391143412755326,18.28635871945938,18.28635871945938,23.92827259677776,23.92827259677776
ZINCi800000FD1cR,32.207787600796564,32.207787600796564,18.784477182055053,18.784477182055053,24.153801349551657,24.153801349551657
ZINCj5000002gt40,32.391143412755326,32.391143412755326,18.62076910236924,18.62076910236924,24.12891882652368,24.128918826523677
ZINCk7000004gxIH,38.92405593253,38.92405593253,21.991319569951003,21.991319569951003,28.7644141149826,28.7644141149826
ZINCk800000JT7rU,34.168309532736544,34.168309532736544,19.208190189623263,19.208190189623263,25.19223792686858,25.19223792686858
ZINCj5000002g3DB,34.932961828358735,34.932961828358735,19.96710635504653,19.967106355046532,25.953448544371412,25.953448544371415
ZINCk700000PzgaI,34.168309532736544,34.168309532736544,18.862090203239408,18.862090203239408,24.984577935038264,24.984577935038264
ZINCk800000AJ8NL,38.70541191054433,38.70541191054433,17.44374783666769,17.44374783666769,25.948413466218344,25.948413466218344
ZINCk700000Gg81q,32.207787600796564,32.207787600796564,19.382819080800058,19.382819080800058,24.51280648879866,24.51280648879866
ZINCj600000JSFiN,36.70208327471477,36.702083274714774,15.55150621314258,15.551506213142579,24.011737037771457,24.011737037771457
ZINCk600000gpFCy,38.34275944886656,38.34275944886656,25.817617517307102,25.817617517307106,30.827674289930883,30.827674289930883
ZINCj5000009g8AX,33.81239250864757,33.81239250864757,21.453367482140795,21.453367482140795,26.396977492743503,26.396977492743506
ZINCk8000004jGTY,38.70541191054433,38.70541191054433,17.57894473631363,17.57894473631363,26.029531606005907,26.029531606005907
ZINCk7000004eqJQ,33.81239250864757,33.81239250864757,17.715771016196122,17.715771016196122,24.154419613176703,24.154419613176703
ZINCk700000PzN3v,29.63794259251756,29.637942592517557,20.27608375643897,20.27608375643897,24.020827290870407,24.020827290870407
ZINCj6000002lFgR,31.939724457732837,31.939724457732833,19.66351719226777,19.663517192267772,24.5740000984538,24.574000098453798
ZINCi600000PCNZt,34.351665344695306,34.351665344695306,16.71332639724866,16.71332639724866,23.76866197622732,23.768661976227317
ZINCk500000gdvSv,36.783225624191815,36.783225624191815,24.44063594362303,24.44063594362303,29.377671815850547,29.377671815850547
ZINCk50000040A6B,34.168309532736544,34.168309532736544,22.305493854900764,22.305493854900764,27.050620126035074,27.050620126035074
ZINCk8000004jX0F,43.85518715862079,43.85518715862079,20.14455184283621,20.14455184283621,29.62880596915004,29.62880596915004
ZINCk50000042b3S,38.34275944886656,38.34275944886656,24.6027468998763,24.6027468998763,30.09875191947241,30.098751919472406
ZINCk6000004cN7B,35.895530351877184,35.895530351877184,16.85032719839197,16.85032719839197,24.46840845978605,24.468408459786055
ZINCj8000002qnQO,32.207787600796564,32.207787600796564,19.481465989652992,19.481465989652992,24.57199463411042,24.57199463411042
ZINCk7000004glke,34.168309532736544,34.168309532736544,19.17682441966457,19.17682441966457,25.17341846489336,25.17341846489336
ZINCk600000gpWAn,34.351665344695306,34.351665344695306,18.168527168345253,18.168527168345253,24.641782438885272,24.641782438885272
ZINCj600000BmkTG,35.21365088823171,35.21365088823171,18.4635148048348,18.463514804834798,25.163569238193567,25.163569238193567
ZINCk800000JTYjQ,37.18805111944532,37.18805111944532,16.098550651475612,16.098550651475612,24.534350838663496,24.534350838663496
ZINCj600000foKIy,34.74960601639999,34.74960601639999,16.928442745813058,16.928442745813058,24.056908054047828,24.056908054047828
ZINCk7000018ThKp,36.74488997860436,36.74488997860436,16.575546075902434,16.575546075902434,24.64328363698321,24.643283636983206
ZINCk600000goRLR,34.351665344695306,34.351665344695306,18.974433937470064,18.974433937470064,25.12532650036016,25.125326500360156
ZINCk8000004jnNf,34.74960601639999,34.74960601639999,17.12562124168529,17.12562124168529,24.17521515157117,24.17521515157117
ZINCk5000003ZO8S,32.391143412755326,32.391143412755326,18.627873291233996,18.627873291233993,24.13318133984253,24.13318133984253
ZINCk8000018TqKv,34.932961828358735,34.932961828358735,16.65598968172596,16.65598968172596,23.966778540379067,23.966778540379067
ZINCi500000y8HHM,34.74960601639999,34.74960601639999,20.699982844911364,20.699982844911364,26.319832113506813,26.319832113506813
ZINCk700000xc53e,40.91933989473438,40.91933989473438,23.503043407317907,23.503043407317907,30.46956200228449,30.469562002284494
ZINCj500000w0uVP,36.400729166333285,36.400729166333285,16.375648191326828,16.375648191326828,24.38568058132941,24.38568058132941
ZINCk500000gb1Dz,30.17721542856529,30.17721542856529,21.176283664229494,21.176283664229498,24.776656369963813,24.776656369963813
ZINCj500000d6QZu,35.53084632385342,35.53084632385342,18.461287455210456,18.461287455210456,25.28911100266764,25.289111002667642
ZINCj7000018UJuC,30.17721542856529,30.17721542856529,20.216214820082037,20.216214820082033,24.200615063475333,24.200615063475333
ZINCj6000002lwIg,36.38223751692659,36.38223751692659,18.66904702090123,18.66904702090123,25.75432321931137,25.75432321931137
ZINCk600000dqS5s,36.92824579056311,36.92824579056311,19.220841864390025,19.220841864390025,26.30380343485926,26.30380343485926
ZINCk5000003Z4oG,34.168309532736544,34.168309532736544,23.100615838208537,23.100615838208537,27.527693316019743,27.527693316019743
ZINCk5000009CSaS,31.8044562527589,31.8044562527589,19.436949489024983,19.436949489024986,24.383952194518557,24.383952194518553
ZINCk600000JSaH5,35.895530351877184,35.895530351877184,19.479396492051173,19.479396492051173,26.045850035981577,26.045850035981577
ZINCi700000BlTNB,35.53084632385342,35.53084632385342,16.939145489529828,16.939145489529828,24.375825823259262,24.375825823259262
ZINCj700000JUqud,35.525455647520424,35.525455647520424,18.51360666065219,18.51360666065219,25.318346255399486,25.318346255399486
ZINCj600000caafR,41.26263121052084,41.26263121052084,21.44659308793081,21.44659308793081,29.373008336966823,29.373008336966823
ZINCk7000004fsqA,31.38500740783896,31.385007407838962,20.513989546177942,20.513989546177942,24.86239669084235,24.86239669084235
ZINCk5000009F4nW,34.351665344695306,34.351665344695306,19.212965353269848,19.212965353269848,25.26844534984003,25.26844534984003
ZINCj700000EmEB7,34.932961828358735,34.932961828358735,19.09025206714417,19.090252067144174,25.42733597163,25.42733597163
ZINCk600000JT18V,34.351665344695306,34.351665344695306,17.930522043590756,17.930522043590756,24.49897936403257,24.498979364032575
ZINCk7000004goqI,34.168309532736544,34.168309532736544,17.94685334074335,17.94685334074335,24.435435817540625,24.435435817540625
ZINCj500000fkoCi,32.391143412755326,32.391143412755326,19.36697193703861,19.366971937038606,24.576640527325296,24.576640527325296
ZINCh500000xcsxS,36.38223751692659,36.38223751692659,16.800639074107902,16.800639074107902,24.633278451235373,24.633278451235373
ZINCj800000d8K7H,31.3584279740694,31.358427974069397,22.906370909127794,22.906370909127794,26.28719373510443,26.28719373510443
ZINCj600000JWQ1E,32.82741973004747,32.82741973004747,19.22052989037227,19.22052989037227,24.663285826242348,24.663285826242348
ZINCj600000d7Tys,34.168309532736544,34.168309532736544,18.411075965542334,18.411075965542338,24.713969392420022,24.713969392420022
ZINCk800000JTzlq,32.391143412755326,32.391143412755326,22.50566636623442,22.50566636623442,26.459857184842782,26.459857184842782
ZINCk500000BlPdx,34.351665344695306,34.351665344695306,18.305776520324045,18.305776520324045,24.72413205007255,24.72413205007255
ZINCk5000009GuYP,34.74960601639999,34.74960601639999,16.76209031201678,16.76209031201678,23.957096593770064,23.957096593770064
ZINCk800001bQ9hp,34.714317806373074,34.714317806373074,21.507402205786573,21.507402205786573,26.790168446021173,26.790168446021173
ZINCi800000Ja2iT,34.74960601639999,34.74960601639999,18.08419071198498,18.08419071198498,24.75035683375098,24.75035683375098
ZINCk500000BlQXX,38.34275944886656,38.34275944886656,19.53000726809992,19.530007268099922,27.05510814040657,27.055108140406574
ZINCk800000FCzIV,33.97334406552467,33.97334406552467,18.60221574311405,18.60221574311405,24.750667072078297,24.750667072078297
ZINCk800000JU0Vl,36.74488997860436,36.74488997860436,15.276486899503574,15.276486899503574,23.86384813114389,23.86384813114389
ZINCk5000003XF6t,38.34275944886656,38.34275944886656,15.99380337640674,15.99380337640674,24.933385805390667,24.933385805390667
ZINCk600000PBByA,34.351665344695306,34.351665344695306,19.68231919689425,19.68231919689425,25.55005765601467,25.55005765601467
ZINCk800000GfQcG,38.34275944886656,38.34275944886656,23.52542117020765,23.525421170207654,29.452356481671217,29.452356481671217
ZINCj7000018UKfs,34.168309532736544,34.168309532736544,17.572405224377647,17.572405224377647,24.210766947721204,24.210766947721204
ZINCk600000JRV3y,34.351665344695306,34.351665344695306,18.73022912066147,18.73022912066147,24.978803610275,24.978803610275
ZINCk8000004jEiV,37.36452210785526,37.36452210785526,20.493278466086853,20.493278466086853,27.24177592279421,27.241775922794215
ZINCk600000cvm9q,36.38223751692659,36.38223751692659,18.0313951261592,18.0313951261592,25.37173208246616,25.37173208246616
ZINCj8000002qF2B,38.0026487159081,38.0026487159081,17.070410267135543,17.070410267135543,25.443305646644564,25.443305646644564
ZINCk7000018Tv1J,34.351665344695306,34.351665344695306,20.05930150890997,20.059301508909975,25.77624704322411,25.77624704322411
ZINCj500000vzWwA,34.168309532736544,34.168309532736544,17.763062207678797,17.763062207678797,24.32516113770189,24.325161137701894
ZINCk50000041vWR,34.351665344695306,34.351665344695306,20.76756828892839,20.76756828892839,26.201207111235156,26.201207111235153
ZINCk800000Bmkv9,37.5207396097248,37.5207396097248,19.782785143936028,19.782785143936028,26.87796693025154,26.87796693025154
ZINCk600000Bn0vf,34.168309532736544,34.168309532736544,18.274131899722143,18.274131899722143,24.631802952927902,24.631802952927902
ZINCk6000004cBFz,38.510446443332455,38.510446443332455,17.706768718409396,17.706768718409396,26.028239808378625,26.028239808378622
ZINCk800000JRWGK,34.351665344695306,34.351665344695306,18.146336927478067,18.146336927478067,24.628468294364964,24.628468294364964
ZINCk800000Py8Z5,39.01564525778856,39.015645257788556,20.090524285666053,20.090524285666053,27.660572674515056,27.660572674515056
ZINCk800000JUqcY,34.932961828358735,34.932961828358735,17.078970168631248,17.078970168631248,24.220566832522245,24.220566832522245
ZINCj600000Boi0e,34.168309532736544,34.168309532736544,21.479674598679622,21.479674598679622,26.55512857230239,26.55512857230239
ZINCk50000040ELJ,33.97334406552467,33.97334406552467,19.0328988233139,19.0328988233139,25.009076920198208,25.009076920198208
ZINCk8000018Tgo7,34.168309532736544,34.168309532736544,23.67220277351195,23.67220277351195,27.870645477201784,27.870645477201784
ZINCk5000003X12S,34.168309532736544,34.168309532736544,22.34678372442366,22.34678372442366,27.07539404774881,27.075394047748812
ZINCj700000J9Lrv,38.34275944886656,38.34275944886656,18.66086290617439,18.66086290617439,26.53362152325126,26.53362152325126
ZINCj500000vEeDA,29.63794259251756,29.637942592517557,20.21443518335436,20.21443518335436,23.98383814701964,23.983838147019636
ZINCj6000002mjG7,36.06504208130489,36.06504208130489,16.586795132363104,16.586795132363104,24.378093911939818,24.378093911939818
ZINCk500000dpWow,30.758511912228727,30.758511912228727,19.35349437867547,19.35349437867547,23.91550139209677,23.915501392096772
ZINCj800000fqLLl,36.38223751692659,36.38223751692659,19.049764305273083,19.049764305273083,25.98275358993448,25.982753589934482
ZINCk5000009E2q6,31.851870576707604,31.851870576707604,20.84030990150647,20.84030990150647,25.24493417158692,25.24493417158692
ZINCk600000gqFi9,34.168309532736544,34.168309532736544,17.656362923626737,17.656362923626737,24.261141567270663,24.261141567270663
ZINCj500000y8Pyl,34.932961828358735,34.932961828358735,20.20761450884581,20.20761450884581,26.097753436650983,26.097753436650983
ZINCj6000018TEda,35.525455647520424,35.525455647520424,17.21928720511498,17.21928720511498,24.54175458207716,24.54175458207716
ZINCk50000047vW2,32.207787600796564,32.207787600796564,18.459163085840068,18.459163085840068,23.958612891822668,23.958612891822668
ZINCk7000009KR1z,29.82129840447632,29.821298404476316,19.88434805817109,19.884348058171092,23.85912819669318,23.85912819669318
ZINCj5000009h8W7,34.79467992897148,32.207787600796564,17.32090655065945,17.963612413884565,24.310415901984264,23.661282488649366
ZINCk800000xc547,36.74488997860436,36.74488997860436,19.70214263287623,19.70214263287623,26.519241571167484,26.519241571167484
ZINCi700000wRlXg,50.89299917238446,50.89299917238446,16.201721510763072,16.201721510763072,30.07823257541163,30.07823257541163
ZINCj6000002m5Lt,37.566372398615954,37.566372398615954,16.239277634955513,16.239277634955513,24.77011554041969,24.77011554041969
ZINCj800000JWwPw,33.97334406552467,33.97334406552467,19.82051160888438,19.82051160888438,25.481644591540498,25.481644591540498
ZINCk8000004jpYI,38.34275944886656,38.34275944886656,22.94503205943458,22.94503205943458,29.10412301520737,29.10412301520737
ZINCi700000JWwQ5,32.01282213358469,32.01282213358469,18.32376233795572,18.323762337955717,23.79938625620731,23.79938625620731
ZINCk8000009Lbu4,30.17721542856529,30.17721542856529,22.34912731368502,22.34912731368502,25.480362559637125,25.480362559637125
ZINCj700001bPD5G,34.351665344695306,34.351665344695306,20.086322144955705,20.086322144955705,25.792459424851543,25.792459424851543
ZINCk600000vMhsL,34.932961828358735,34.932961828358735,18.42095760065811,18.42095760065811,25.025759291738364,25.025759291738364
ZINCi60000010YLr,38.0026487159081,38.0026487159081,15.546983944688352,15.546983944688353,24.529249853176253,24.529249853176253
ZINCk600000xc51H,36.74488997860436,36.74488997860436,20.49828793102297,20.49828793102297,26.996928750055528,26.996928750055528
ZINCj5000002gO4D,48.51723069214403,48.51723069214403,20.169283775328104,20.169283775328104,31.50846254205447,31.50846254205447
ZINCk600000PBF75,30.17721542856529,30.17721542856529,24.121769123756152,24.121769123756152,26.543947645679804,26.543947645679804
ZINCk600000PxUFZ,34.351665344695306,34.351665344695306,18.018422594103885,18.018422594103885,24.55171969434045,24.551719694340452
ZINCk600000JRV9U,34.351665344695306,34.351665344695306,18.97437813643559,18.97437813643559,25.12529301973948,25.125293019739477
ZINCk5000003XMif,33.81239250864757,33.81239250864757,21.46502010529602,21.46502010529602,26.40396906663664,26.40396906663664
ZINCk6000004dcEJ,44.172382594242485,44.172382594242485,17.706902555137464,17.706902555137464,28.29309457077948,28.293094570779477
ZINCj600001bToz5,29.63794259251756,29.637942592517557,20.54233780661553,20.542337806615535,24.180579720976343,24.180579720976343
ZINCj8000002qG8U,34.168309532736544,34.168309532736544,17.694555347900653,17.694555347900653,24.28405702183501,24.28405702183501
ZINCk700000gsuUi,35.53084632385342,35.53084632385342,19.6250316108727,19.6250316108727,25.987357496064988,25.987357496064988
ZINCj8000002qyfb,45.62326259991869,45.62326259991869,20.32735789317369,20.327357893173694,30.44571977587169,30.445719775871694
ZINCk800000gvuhl,34.351665344695306,34.351665344695306,21.53833918500572,21.53833918500572,26.663669648881555,26.663669648881555
ZINCk600000gpbXL,34.168309532736544,34.168309532736544,18.20794650869692,18.207946508696917,24.59209171831277,24.59209171831277
ZINCk500000g7tHT,34.351665344695306,34.351665344695306,19.99364831078224,19.99364831078224,25.736855124347468,25.736855124347468
ZINCi600000AJPU7,34.74960601639999,34.74960601639999,19.600234759801484,19.600234759801484,25.65998326244089,25.65998326244089
ZINCk700000JTkTC,44.172382594242485,44.172382594242485,16.46531370256536,16.46531370256536,27.54814125923621,27.548141259236214
ZINCk700000JU22H,36.755201860911455,34.168309532736544,19.47121951528621,19.256075810721892,26.38481245353631,25.220969299527752
ZINCk600000AIYDm,36.92824579056311,36.92824579056311,16.476951664116637,16.476951664116637,24.65746931469523,24.65746931469523
ZINCk8000004igsI,43.51798843472719,43.51798843472719,17.538481950574294,17.538481950574294,27.93028454423545,27.93028454423545
ZINCh500000cOtu3,36.38223751692659,36.38223751692659,18.63492269272263,18.63492269272263,25.73384862240421,25.73384862240421
ZINCj700000JU4ZR,32.66644179629532,32.66644179629532,18.48338185292028,18.48338185292028,24.156605830270298,24.156605830270298
ZINCk800000JSzji,47.312085505340576,47.312085505340576,22.00628712277509,22.006287122775092,32.128606475801284,32.128606475801284
ZINCk600000JU77g,38.34275944886656,38.34275944886656,21.268623448006647,21.268623448006647,28.09827784835061,28.098277848350612
ZINCj500000d7nyi,36.70316868935773,36.70316868935773,15.677260869806815,15.677260869806817,24.087623997627183,24.087623997627183
ZINCk500000gczRj,34.351665344695306,34.351665344695306,19.95736694695335,19.95736694695335,25.71508630605013,25.71508630605013
ZINCk600000gpYpk,32.207787600796564,32.207787600796564,18.25771960446341,18.257719604463414,23.83774680299668,23.837746802996676
ZINCj800000frw6s,36.74488997860436,36.74488997860436,20.9938326968358,20.9938326968358,27.29425560954322,27.29425560954322
ZINCk600000PwhBo,34.351665344695306,34.351665344695306,19.879474023298208,19.879474023298208,25.66835055185705,25.668350551857046
ZINCj600000AJ9uw,34.168309532736544,34.168309532736544,22.80014332947189,22.80014332947189,27.34740981077775,27.34740981077775
ZINCk500000dpBEp,31.8044562527589,31.8044562527589,20.50523519135359,20.50523519135359,25.02492361591571,25.02492361591571
ZINCj800000PFY7i,30.17721542856529,30.17721542856529,20.803925171007798,20.803925171007794,24.553241274030796,24.553241274030793
ZINCk5000003YJBp,34.168309532736544,34.168309532736544,20.816945971958333,20.816945971958333,26.157491396269617,26.157491396269617
ZINCj5000009ffbS,34.168309532736544,34.168309532736544,18.24855644799014,18.24855644799014,24.616457681888704,24.616457681888704
ZINCk700000GfWHj,38.34275944886656,38.34275944886656,23.304796821360547,23.304796821360547,29.319981872362955,29.319981872362955
ZINCk7000004eKMy,36.74488997860436,36.74488997860436,19.50280542620154,19.50280542620154,26.399639247162664,26.399639247162664
ZINCk700001bPxV1,34.351665344695306,34.351665344695306,20.126938149742823,20.126938149742823,25.816829027723813,25.816829027723813
ZINCk50000041LBe,33.81239250864757,33.81239250864757,18.10386891834348,18.10386891834348,24.38727835446512,24.387278354465117
ZINCi600000JWWzl,36.38223751692659,36.38223751692659,23.57137061871495,23.57137061871495,28.695717377999607,28.695717377999607
ZINCk500000dqcJh,34.351665344695306,34.351665344695306,18.78195918778429,18.781959187784295,25.009841650548697,25.009841650548697
ZINCk700000PwQkg,36.38223751692659,36.38223751692659,15.554023658814634,15.554023658814634,23.88530920205941,23.885309202059414
ZINCk800000Pv6Za,32.25285868397283,32.25285868397283,26.44624432440456,26.446244324404557,28.76889006823187,28.76889006823187
ZINCk7000009KAms,34.168309532736544,34.168309532736544,22.12362496443852,22.12362496443852,26.941498791757727,26.941498791757727
ZINCk800001bNyQw,32.391143412755326,32.391143412755326,18.8695430391292,18.869543039129198,24.278183188579654,24.278183188579654
ZINCi700000eO2fm,34.351665344695306,34.351665344695306,22.19852344254208,22.19852344254208,27.05978020340337,27.05978020340337
ZINCk6000004cTM4,34.82270369225184,34.82270369225184,20.28245907629664,20.282459076296636,26.09855692267872,26.098556922678718
ZINCk7000009L0RP,36.74488997860436,36.74488997860436,22.26015623411447,22.26015623411447,28.054049731910425,28.054049731910425
ZINCj6000002mcDa,36.92824579056311,36.92824579056311,19.36678164488939,19.36678164488939,26.391367303158876,26.391367303158873
ZINCk600000dqWfu,31.3584279740694,31.358427974069397,18.77835272054973,18.77835272054973,23.8103828219576,23.810382821957596
ZINCk7000009L0e8,36.755201860911455,34.168309532736544,18.78948307768635,19.33455653714402,25.975770590976392,25.268057735381028
ZINCk600000JS8mq,36.92824579056311,36.92824579056311,20.658199535517628,20.658199535517628,27.16621803753582,27.16621803753582
ZINCk6000009JtGH,36.38223751692659,36.38223751692659,18.333444250489084,18.333444250489084,25.552961557064087,25.552961557064087
ZINCj5000002gN2U,39.56218254058284,39.56218254058284,14.844487046420932,14.844487046420932,24.731565244085697,24.731565244085697
ZINCi800000xdaJM,38.92405593253,38.92405593253,15.17522358239346,15.17522358239346,24.67475652244808,24.674756522448078
ZINCk7000004fXbb,34.82270369225184,34.82270369225184,16.4128980063994,16.4128980063994,23.77682028074037,23.776820280740374
ZINCk8000009MfIL,33.935008419937205,33.935008419937205,19.318305554809747,19.318305554809747,25.16498670086073,25.16498670086073
ZINCk700000FCtk1,34.168309532736544,34.168309532736544,20.399202397634536,20.399202397634536,25.906845251675332,25.906845251675335
ZINCh700001bSGuI,36.92824579056311,36.92824579056311,18.982365084308707,18.982365084308707,26.16071736681047,26.16071736681047
ZINCj500000y8AXe,36.38223751692659,36.38223751692659,21.61137057587732,21.611370575877316,27.519717352297025,27.519717352297025
ZINCk8000004kbdm,32.207787600796564,32.207787600796564,18.42114027374194,18.42114027374194,23.93579920456379,23.93579920456379
ZINCj600000PBAbR,36.92824579056311,36.92824579056311,18.893747596580727,18.893747596580727,26.10754687417368,26.107546874173682
ZINCk5000009FjIn,32.7537958744331,32.7537958744331,20.105014673102936,20.105014673102936,25.164527153635003,25.164527153635003
ZINCk5000009E7eV,34.351665344695306,34.351665344695306,22.851930040419436,22.851930040419433,27.45182416212978,27.45182416212978
ZINCj800000d8QT0,36.755201860911455,34.168309532736544,17.102756005372193,16.451409044335975,24.963734347587906,23.5381692396962
ZINCk7000009KMua,34.74960601639999,34.74960601639999,18.27079350470826,18.27079350470826,24.862318509384952,24.862318509384952
ZINCk5000009D8U3,36.38223751692659,36.38223751692659,20.0067195495874,20.006719549587398,26.556926736523074,26.556926736523074
ZINCk700000PBXJR,34.38695355472221,34.38695355472221,17.425722071593395,17.425722071593395,24.21021466484492,24.21021466484492
ZINCi600000JXbXj,39.56218254058284,39.56218254058284,14.897546712324845,14.897546712324845,24.763401043628043,24.763401043628043
ZINCi60000010ysj,42.70188545168093,42.70188545168093,18.101564420608756,18.101564420608753,27.941692833037624,27.941692833037624
ZINCk600000y8JtW,41.53897202398527,41.53897202398527,22.202736235488658,22.202736235488658,29.937230550887307,29.937230550887307
ZINCk500000geI6P,34.168309532736544,34.168309532736544,19.900960115914813,19.900960115914813,25.607899882643505,25.607899882643505
ZINCk800000JSM1F,36.38223751692659,36.38223751692659,17.910467425484423,17.910467425484423,25.29917546206129,25.299175462061292
ZINCk8000004jO4w,39.924835002260615,39.924835002260615,20.747604908757477,20.747604908757474,28.41849694615873,28.41849694615873
ZINCj800000JWee0,43.896041780778056,43.896041780778056,20.52743547291856,20.527435472918558,29.87487799606236,29.874877996062356
ZINCj500000kFuMP,34.38695355472221,34.38695355472221,18.037616762760344,18.037616762760344,24.57735147954509,24.57735147954509
ZINCi5000000VaQb,39.318084780813,39.318084780813,15.73928333817256,15.73928333817256,25.17080391522873,25.170803915228735
ZINCk600000y8AEk,34.168309532736544,34.168309532736544,22.030414623026704,22.030414623026704,26.88557258691064,26.885572586910637
ZINCk600001bOktr,33.81239250864757,33.81239250864757,19.19038111672284,19.19038111672284,25.03918567349273,25.03918567349273
ZINCk600000PwxRb,36.783225624191815,36.783225624191815,17.36464295063651,17.36464295063651,25.13207602005864,25.132076020058637
ZINCk700000grilP,34.168309532736544,34.168309532736544,17.815668700680686,17.815668700680686,24.35672503350303,24.35672503350303
ZINCj7000002nzUX,30.17721542856529,30.17721542856529,21.300068441738983,21.300068441738986,24.850927236469506,24.850927236469506
ZINCk500000g86jo,34.351665344695306,34.351665344695306,18.81211043993907,18.81211043993907,25.027932401841564,25.027932401841564
ZINCk800000Pu0KL,34.351665344695306,34.351665344695306,20.919844554451323,20.919844554451323,26.292572870548916,26.292572870548913
ZINCk7000009Krck,36.38223751692659,36.38223751692659,18.689437373372915,18.689437373372915,25.766557430794386,25.766557430794386
ZINCj500000d6cSP,34.351665344695306,34.351665344695306,22.200659025328264,22.200659025328264,27.061061553075085,27.061061553075085
ZINCi800000147fS,36.92824579056311,36.92824579056311,15.12043239630258,15.12043239630258,23.843557754006795,23.843557754006795
ZINCi60000010qEj,34.168309532736544,34.168309532736544,17.77167857407764,17.77167857407764,24.3303309575412,24.3303309575412
ZINCi500000y8gew,38.072664739456826,38.072664739456826,17.695632024961323,17.695632024961323,25.846445110759525,25.846445110759525
ZINCk700000Bngy6,34.38695355472221,34.38695355472221,18.16360196868485,18.16360196868485,24.652942603099792,24.652942603099792
ZINCj50000027TvH,36.38223751692659,36.38223751692659,19.273646582285597,19.273646582285593,26.117082956141992,26.117082956141992
ZINCk700000AJ7PV,34.168309532736544,34.168309532736544,22.81813837382644,22.818138373826436,27.35820683739048,27.358206837390476
ZINCk50000043GO0,34.168309532736544,34.168309532736544,20.137147604815183,20.137147604815183,25.749612375983727,25.749612375983727
ZINCk5000009BA9Z,33.81239250864757,33.81239250864757,17.668599962865247,17.668599962865247,24.12611698117817,24.126116981178175
ZINCk5000009EMQh,34.168309532736544,34.168309532736544,21.268226193404026,21.268226193404026,26.428259529137037,26.428259529137033
ZINCk500000gedtT,31.3584279740694,31.358427974069397,22.56496895312139,22.56496895312139,26.08235256150059,26.08235256150059
ZINCk800000PBNSw,29.82129840447632,29.821298404476316,21.35623647404837,21.35623647404837,24.74226124621955,24.74226124621955
ZINCk50000044CqL,34.168309532736544,34.168309532736544,17.065213803213485,17.065213803213485,23.906452095022708,23.906452095022708
ZINCk600000PyS1k,29.63794259251756,29.637942592517557,21.143409651180143,21.143409651180146,24.54122282771511,24.54122282771511
ZINCk500000dowIY,36.74488997860436,36.74488997860436,20.38191726400141,20.38191726400141,26.92710634984259,26.92710634984259
ZINCk600000EmErA,36.06504208130489,36.06504208130489,18.620398828938335,18.620398828938338,25.598256129884955,25.598256129884955
ZINCj500000kHi8C,32.207787600796564,32.207787600796564,20.655191190135643,20.655191190135643,25.27622975440001,25.27622975440001
ZINCk8000004jXRW,32.983637231917015,32.983637231917015,18.49601268031585,18.49601268031585,24.29106250095632,24.29106250095632
ZINCj50000027fM9,34.82270369225184,34.82270369225184,16.539283513636992,16.539283513636992,23.85265158508293,23.852651585082935
ZINCk700000JT9tB,32.207787600796564,32.207787600796564,18.28429146679832,18.284291466798322,23.85368992039762,23.85368992039762
ZINCj600000PJ6Oz,40.93109610655227,40.93109610655227,19.583318981790352,19.583318981790352,28.12242983169512,28.12242983169512
ZINCk7000009KyQr,32.207787600796564,32.207787600796564,18.94298440767397,18.942984407673972,24.24890568492301,24.24890568492301
ZINCk600000JSbJP,35.895530351877184,35.895530351877184,15.821550785110311,15.821550785110311,23.85114261181706,23.85114261181706
ZINCj500000c9WYi,40.91933989473438,40.91933989473438,20.05442011593037,20.054420115930366,28.40038802745197,28.400388027451974
ZINCj700000AJhwf,38.34275944886656,38.34275944886656,20.642438637131388,20.642438637131388,27.722566961825457,27.722566961825457
ZINCk8000004iRsw,40.44803361405806,40.44803361405806,14.07437355961182,14.07437355961182,24.62383758139032,24.62383758139032
ZINCi500000eKWSz,35.53084632385342,35.53084632385342,18.777240125114623,18.777240125114623,25.478682604610132,25.478682604610135
ZINCk6000009JMrQ,34.74960601639999,34.74960601639999,20.876006253828187,20.876006253828187,26.425446158856907,26.425446158856907
ZINCk800000gutBO,30.17721542856529,30.17721542856529,19.8846435108268,19.8846435108268,24.001672277922196,24.001672277922193
ZINCk6000004bXNq,34.168309532736544,34.168309532736544,18.523046095122368,18.523046095122368,24.78115147016804,24.78115147016804
ZINCk6000018TBwb,34.932961828358735,34.932961828358735,19.154209853779104,19.154209853779104,25.46571064361096,25.46571064361096
ZINCi800001bNsPD,34.168309532736544,34.168309532736544,19.173372770110205,19.173372770110205,25.171347475160744,25.171347475160744
ZINCk700000drkMx,33.97334406552467,33.97334406552467,17.117446573628637,17.117446573628637,23.85980557038705,23.85980557038705
ZINCk700001bOBWU,36.38223751692659,36.38223751692659,20.45619418968334,20.45619418968334,26.82661152058064,26.82661152058064
ZINCk600000JT9tg,34.351665344695306,34.351665344695306,18.87908303682667,18.87908303682667,25.06811595997413,25.068115959974126
ZINCk8000009LQNn,30.17721542856529,30.17721542856529,20.623142914874848,20.623142914874848,24.444771920351023,24.444771920351023
ZINCk500000gfrar,33.81239250864757,33.81239250864757,20.66208615271113,20.66208615271113,25.9222086950857,25.9222086950857
ZINCk500000dq9TE,34.351665344695306,34.351665344695306,17.21386127800611,17.21386127800611,24.068982904681786,24.068982904681786
ZINCk6000004dHej,35.21365088823171,35.21365088823171,22.641042194975142,22.641042194975142,27.67008567227777,27.67008567227777
ZINCk500000BlRsC,34.351665344695306,34.351665344695306,20.324209034619507,20.324209034619507,25.935191558649823,25.935191558649823
ZINCk500000g874B,32.207787600796564,32.207787600796564,18.46366052993992,18.463660529939922,23.96131135828258,23.96131135828258
ZINCi80000013JGb,32.391143412755326,32.391143412755326,18.9274331564627,18.9274331564627,24.31291725897976,24.312917258979756
ZINCj700000Emxcu,34.351665344695306,34.351665344695306,21.970627725784727,21.970627725784727,26.92304277334896,26.92304277334896
ZINCk6000004cdFq,36.74488997860436,36.74488997860436,22.620056531164817,22.620056531164817,28.26998991014064,28.269989910140637
ZINCj6000002luLg,29.63794259251756,29.637942592517557,19.86318572184072,19.86318572184072,23.773088470111453,23.773088470111453
ZINCj600000BlSMP,34.351665344695306,34.351665344695306,17.51291675644823,17.51291675644823,24.248416191747054,24.248416191747058
ZINCi500000Ja4Ls,34.351665344695306,34.351665344695306,17.730041831753404,17.730041831753404,24.37869123693016,24.378691236930162
ZINCj7000002oK6N,32.391143412755326,32.391143412755326,20.541905966780558,20.541905966780554,25.281600945170467,25.281600945170467
ZINCj700000JS0DF,36.92824579056311,36.92824579056311,20.911545078536665,20.911545078536665,27.31822536334724,27.318225363347242
ZINCj500000fgFEV,30.17721542856529,30.17721542856529,19.681379909978634,19.681379909978634,23.879714117413297,23.879714117413297
ZINCk600000gp83k,34.351665344695306,34.351665344695306,17.624060994875617,17.624060994875617,24.31510273480349,24.31510273480349
ZINCk700000vT33A,29.63794259251756,29.637942592517557,20.80279949662385,20.80279949662385,24.336856734981332,24.336856734981335
ZINCk8000009LVF1,34.351665344695306,34.351665344695306,20.05315471353857,20.053154713538575,25.77255896600127,25.77255896600127
ZINCk700000y8M5i,32.07394797713363,32.07394797713363,21.756245568781026,21.756245568781026,25.883326532122062,25.883326532122062
ZINCk800000PBaiT,34.168309532736544,34.168309532736544,18.15762311152192,18.157623111521918,24.561897680007768,24.561897680007768
ZINCi7000018Wpoq,39.20474499240297,39.20474499240297,21.086419748963795,21.086419748963795,28.33374984633947,28.33374984633947
ZINCk600000PBF9M,37.42808766983345,37.42808766983345,19.507523703252296,19.507523703252296,26.67574928988476,26.67574928988476
ZINCk7000018SOP6,34.94415916385699,34.94415916385699,19.625415545776693,19.625415545776693,25.75291299300881,25.75291299300881
ZINCk600000w2mMx,40.91933989473438,40.91933989473438,17.825156152370838,17.825156152370838,27.06282964931625,27.06282964931625
ZINCk50000046GgD,36.92824579056311,36.92824579056311,17.022231111421927,17.022231111421927,24.984636983078403,24.984636983078403
ZINCk6000004dp5z,36.38223751692659,36.38223751692659,21.80207987322499,21.80207987322499,27.63414293070563,27.63414293070563
ZINCj800000xcg3R,41.95845461005244,41.95845461005244,12.76346755425412,12.76346755425412,24.44146237657345,24.44146237657345
ZINCk6000004druD,39.35980607005963,39.35980607005963,14.976230604656946,14.976230604656946,24.72966079081802,24.72966079081802
ZINCk800000dsj3h,37.36452210785526,37.36452210785526,20.48949442633357,20.489494426333575,27.239505498942247,27.239505498942247
ZINCk500000geeCr,34.351665344695306,34.351665344695306,21.687822036371937,21.687822036371937,26.753359359701285,26.753359359701285
ZINCk8000004jPTd,30.17721542856529,30.17721542856529,20.65022855954973,20.650228559549735,24.46102330715596,24.46102330715596
ZINCk6000004ccYb,34.168309532736544,34.168309532736544,18.725855952526224,18.725855952526224,24.90283738461035,24.90283738461035
ZINCk800000PxU3w,34.168309532736544,34.168309532736544,19.62391156192721,19.62391156192721,25.441670750250942,25.441670750250942
ZINCk600000Pwq7D,38.34275944886656,38.34275944886656,19.84967014826419,19.84967014826419,27.246905868505134,27.246905868505138
ZINCk700000JSlhd,31.3584279740694,31.358427974069397,19.348454541136352,19.348454541136352,24.15244391430957,24.15244391430957
ZINCk700000PA2sd,31.3584279740694,31.358427974069397,19.04304340332207,19.04304340332207,23.969197231621,23.969197231621
ZINCk5000003YXUR,34.168309532736544,34.168309532736544,17.792291120755838,17.792291120755838,24.34269848554812,24.34269848554812
ZINCk800000BmyuI,34.351665344695306,34.351665344695306,19.885573425237407,19.885573425237407,25.67201019302057,25.67201019302057
ZINCk8000004hC6v,33.935008419937205,33.935008419937205,17.53405703990902,17.53405703990902,24.094437591920293,24.094437591920293
ZINCk600000dr3TI,37.49136825579339,37.49136825579339,21.92031779365212,21.92031779365212,28.14873797850863,28.14873797850863
ZINCk700000FCwup,34.932961828358735,34.932961828358735,20.612032729857187,20.612032729857187,26.340404369257808,26.340404369257808
ZINCk8000018TfBl,33.97334406552467,33.97334406552467,21.50020682898644,21.50020682898644,26.48946172360173,26.489461723601732
ZINCj700001bNqcC,34.714317806373074,34.714317806373074,18.63105099875083,18.63105099875083,25.064357721799723,25.064357721799723
ZINCj6000002l2Vk,34.351665344695306,34.351665344695306,17.020645027032412,17.020645027032412,23.95305315409757,23.95305315409757
ZINCj700000foPd9,32.983637231917015,32.983637231917015,17.730917706591438,17.730917706591438,23.83200551672167,23.83200551672167
ZINCj5000009gIhP,36.38223751692659,36.38223751692659,21.236846858326462,21.236846858326466,27.295003121766516,27.295003121766513
ZINCi600001bWkwk,35.53084632385342,35.53084632385342,17.95159068616669,17.95159068616669,24.983292941241377,24.983292941241377
ZINCk6000004dbde,32.7537958744331,32.7537958744331,18.004437501204354,18.004437501204354,23.90418085049585,23.904180850495855
ZINCk700000PtZ2t,34.351665344695306,34.351665344695306,25.255641412567147,25.255641412567147,28.894050985418406,28.894050985418406
ZINCj7000002nPtV,34.168309532736544,34.168309532736544,19.07841320240841,19.07841320240841,25.114371734539663,25.114371734539663
ZINCj500000c9PTl,33.935008419937205,33.935008419937205,17.28729318677054,17.28729318677054,23.94637928003721,23.946379280037206
ZINCi5000000TqLh,34.168309532736544,34.168309532736544,18.45269070120324,18.45269070120324,24.73893823381656,24.73893823381656
ZINCk5000009B22A,35.53084632385342,35.53084632385342,17.043077056300966,17.043077056300966,24.438184763321942,24.438184763321946
ZINCk500000dpAP8,34.351665344695306,34.351665344695306,19.865699624812816,19.865699624812816,25.66008591276581,25.660085912765812
ZINCk700000PAvV8,34.168309532736544,34.168309532736544,17.01701731229545,17.01701731229545,23.87753420047189,23.87753420047189
ZINCk800000JRVIr,41.557466502787214,41.557466502787214,19.865225097486924,19.865225097486924,28.54212165960704,28.54212165960704
ZINCk600000JTs4F,34.351665344695306,34.351665344695306,21.882660812541683,21.882660812541683,26.87026262540313,26.87026262540313
ZINCk800000JU0an,34.168309532736544,34.168309532736544,18.536892118669744,18.536892118669744,24.78945908429646,24.78945908429646
ZINCk7000009Krie,34.351665344695306,34.351665344695306,17.767084209567415,17.767084209567415,24.40091666361857,24.40091666361857
ZINCj800000d8Kl6,36.783225624191815,36.783225624191815,22.087759464070277,22.087759464070274,27.96594592811889,27.96594592811889
ZINCk6000004dTKu,32.391143412755326,32.391143412755326,19.45182530599239,19.45182530599239,24.62755254869757,24.62755254869757
ZINCk6000009J21t,36.783225624191815,36.783225624191815,17.22604249019212,17.22604249019212,25.048915743792,25.048915743792
ZINCk50000045stw,34.351665344695306,34.351665344695306,19.8907932829448,19.890793282944802,25.675142107645,25.675142107644998
ZINCk5000003WCPH,34.168309532736544,34.168309532736544,17.693380232339138,17.693380232339138,24.2833519524981,24.2833519524981
ZINCk6000009JeRG,34.168309532736544,34.168309532736544,19.13108983008916,19.13108983008916,25.14597771114812,25.145977711148117
ZINCk700000vHdrj,34.168309532736544,34.168309532736544,19.899576275162502,19.899576275162502,25.607069578192117,25.607069578192114
ZINCk8000004isr1,33.935008419937205,33.935008419937205,19.09381342294238,19.09381342294238,25.03029142174031,25.03029142174031
ZINCi800000cWxaY,32.207787600796564,32.207787600796564,20.600575364497185,20.600575364497185,25.24346025901693,25.243460259016935
ZINCk8000004jd6t,34.351665344695306,34.351665344695306,17.610976098564603,17.610976098564603,24.30725179701688,24.30725179701688
ZINCk600000xcrYV,32.7537958744331,32.7537958744331,19.335828733416133,19.335828733416133,24.70301558982292,24.703015589822922
ZINCk8000009LgQe,29.82129840447632,29.821298404476316,21.57144026068288,21.571440260682877,24.87138351820025,24.87138351820025
ZINCk700000GfiSk,37.49136825579339,37.49136825579339,22.592847547715063,22.592847547715063,28.552255830946397,28.552255830946393
ZINCk800001bNsvx,34.74960601639999,34.74960601639999,21.62784536530726,21.62784536530726,26.87654962574435,26.87654962574435
ZINCj6000018UH62,42.70188545168093,42.70188545168093,17.869095336786867,17.869095336786867,27.80221138274449,27.802211382744492
ZINCk700000wWRDP,33.945320302244305,31.358427974069397,18.83131502130371,19.12469149806927,24.87691713367995,24.01818608846932
ZINCj8000002qMLI,42.70188545168093,42.70188545168093,16.75134773011692,16.75134773011692,27.131562818742523,27.131562818742523
ZINCk6000004dGzy,38.92405593253,38.92405593253,20.595603669122468,20.595603669122468,27.92698457448548,27.92698457448548
ZINCk50000041DmU,33.97334406552467,33.97334406552467,17.657606155550873,17.657606155550873,24.18390131954039,24.18390131954039
ZINCk700000PCnBA,34.82270369225184,34.82270369225184,20.67202560981301,20.67202560981301,26.332296842788537,26.332296842788537
ZINCj8000018SvCn,34.168309532736544,34.168309532736544,17.599441389133734,17.599441389133734,24.22698864657486,24.22698864657486
ZINCk700000Pypat,32.391143412755326,32.391143412755326,18.54668669377853,18.54668669377853,24.08446938136925,24.08446938136925
ZINCj600001bRFyb,38.88876772250309,38.88876772250309,15.622913813652616,15.622913813652616,24.929255377192806,24.929255377192806
ZINCj5000002giNw,32.207787600796564,32.207787600796564,18.385129097536,18.385129097536,23.914192498840222,23.914192498840226
ZINCk6000009J7kf,34.351665344695306,34.351665344695306,16.726345243612396,16.726345243612396,23.77647328404556,23.776473284045558
ZINCj6000002lJXy,34.74960601639999,34.74960601639999,17.301417810458375,17.301417810458375,24.28069309283502,24.28069309283502
ZINCk800000gvvbJ,40.91933989473438,40.91933989473438,20.346496975678196,20.346496975678193,28.575634143300665,28.575634143300665
ZINCk8000004i3j7,36.92824579056311,36.92824579056311,21.533882215049083,21.533882215049083,27.69162764525469,27.69162764525469
ZINCk500000gcHib,31.8044562527589,31.8044562527589,19.72700811959273,19.727008119592732,24.5579873728592,24.5579873728592
ZINCj600000crDbM,48.00292226034637,48.002922260346374,15.194881585924216,15.194881585924216,28.31809785569308,28.318097855693082
ZINCk500000g6Za1,29.82129840447632,29.821298404476316,20.19788215454699,20.19788215454699,24.04724865451872,24.04724865451872
ZINCj500000ca0ZC,34.351665344695306,34.351665344695306,20.57767257083921,20.57767257083921,26.08726968038165,26.08726968038165
ZINCk800000JTCI2,32.391143412755326,32.391143412755326,20.88040263611123,20.88040263611123,25.48469894676887,25.48469894676887
ZINCk5000003ZAll,44.172382594242485,44.172382594242485,20.61980609795431,20.61980609795431,30.04083669646958,30.04083669646958
ZINCk6000004deKL,46.13290452618246,46.13290452618246,17.275112019883,17.275112019883,28.818229022402782,28.818229022402786
ZINCk6000004dpsM,38.70541191054433,38.70541191054433,21.57492947485851,21.57492947485851,28.427122449132835,28.427122449132835
ZINCk600000dr0Jt,36.92824579056311,36.92824579056311,19.011301669637927,19.011301669637927,26.178079318008,26.178079318008002
ZINCk7000009KrdE,34.168309532736544,34.168309532736544,18.2035398890907,18.2035398890907,24.58944774654904,24.589447746549038
ZINCj6000002lhn1,41.557466502787214,41.557466502787214,17.983925436803364,17.983925436803364,27.413341863196905,27.413341863196905
ZINCk7000009KtHr,43.55219123011115,43.55219123011115,23.161603972624,23.161603972624,31.317838875618857,31.317838875618857
ZINCk7000004glp8,34.74960601639999,34.74960601639999,23.344806832481584,23.344806832481584,27.906726506048944,27.906726506048944
ZINCk50000041CEY,34.351665344695306,34.351665344695306,19.117260927798817,19.117260927798817,25.21102269455741,25.21102269455741
ZINCi60000011cGO,34.932961828358735,34.932961828358735,17.526692455844696,17.526692455844696,24.489200204850317,24.489200204850313
ZINCk700000Ptx52,36.92824579056311,36.92824579056311,20.731295754678808,20.731295754678808,27.210075769032528,27.210075769032528
ZINCk8000004idJG,32.207787600796564,32.207787600796564,18.520368853090748,18.520368853090748,23.995336352173076,23.995336352173073
ZINCi5000000Wz07,32.207787600796564,32.207787600796564,18.761407822648284,18.761407822648284,24.139959733907595,24.139959733907595
ZINCk7000004eXdP,33.97334406552467,33.97334406552467,25.198817320363396,25.198817320363393,28.708628018427905,28.708628018427905
ZINCk5000009FFm4,32.07394797713363,32.07394797713363,19.331718814254646,19.331718814254646,24.42861047940624,24.42861047940624
ZINCk7000009KyQW,29.82129840447632,29.821298404476316,21.031933586926485,21.031933586926485,24.547679513946417,24.547679513946417
ZINCi600000PTQ5A,36.06504208130489,36.06504208130489,16.556333658427803,16.556333658427803,24.35981702757864,24.35981702757864
ZINCk500000g7ny5,37.49136825579339,37.49136825579339,21.625009895898334,21.625009895898334,27.971553239856355,27.971553239856355
ZINCk800000gv7rm,34.351665344695306,34.351665344695306,20.83587003770137,20.83587003770137,26.242188160498948,26.242188160498948
ZINCi5000000RGfh,34.168309532736544,34.168309532736544,17.173001687628116,17.173001687628116,23.971124825671485,23.971124825671485
ZINCj500000fkrjj,36.38223751692659,36.38223751692659,19.05498037437184,19.05498037437184,25.985883231393743,25.985883231393743
ZINCi70000012u81,32.207787600796564,32.207787600796564,19.8495324811592,19.849532481159198,24.792834529014147,24.792834529014147
ZINCj700000JS9rF,34.38103669862671,34.38103669862671,18.16984848313903,18.16984848313903,24.654323769334106,24.654323769334102
ZINCj800000JSfzr,34.351665344695306,34.351665344695306,22.21171393699667,22.21171393699667,27.06769450007612,27.067694500076122
ZINCk600000Bn3SG,29.82129840447632,29.821298404476316,20.08705789092728,20.08705789092728,23.98075409634689,23.980754096346892
ZINCj5000002ckDY,33.935008419937205,33.935008419937205,18.622866703518604,18.622866703518604,24.747723390086048,24.747723390086048
ZINCk500000465yY,38.92405593253,38.92405593253,17.96094665632913,17.96094665632913,26.34619036680948,26.34619036680948
ZINCk700000PBfJy,38.34275944886656,38.34275944886656,22.91988948975353,22.919889489753526,29.089037473398736,29.089037473398736
ZINCi80000014QCR,39.842871600455815,39.842871600455815,17.614817004010792,17.614817004010792,26.506038842588804,26.506038842588804
ZINCj7000002o0Ja,34.38695355472221,34.38695355472221,20.47524938187637,20.47524938187637,26.039931051014708,26.039931051014708
ZINCj8000018TD2x,38.072664739456826,38.072664739456826,21.60424495188405,21.604244951884052,28.19161286691316,28.19161286691316
ZINCk50000040AKn,33.935008419937205,33.935008419937205,18.919315393214543,18.919315393214543,24.92559260390361,24.925592603903606
ZINCk700000gtcu5,32.391143412755326,32.391143412755326,19.96904818891818,19.96904818891818,24.937886278453043,24.937886278453043
ZINCj6000002lrX2,34.168309532736544,34.168309532736544,19.111708727356888,19.111708727356888,25.134349049508756,25.134349049508753
ZINCk700000PuBF3,29.82129840447632,29.821298404476316,21.17039271073418,21.17039271073418,24.630754988231036,24.630754988231033
ZINCk700000PAEp4,38.34275944886656,38.34275944886656,23.570560013308786,23.570560013308786,29.47943978753189,29.47943978753189
ZINCk8000018SMbg,32.391143412755326,32.391143412755326,20.87401580057941,20.87401580057941,25.48086684544978,25.48086684544978
ZINCj5000002eSsm,34.351665344695306,34.351665344695306,21.469081535463445,21.469081535463445,26.622115059156197,26.622115059156194
ZINCj7000018T47B,36.92824579056311,36.92824579056311,16.372374884823664,16.372374884823664,24.594723247119443,24.594723247119443
ZINCk600000PBCHe,32.391143412755326,32.391143412755326,22.083080268769955,22.083080268769955,26.206305526364105,26.206305526364105
ZINCk8000004jE7d,31.939724457732837,31.939724457732833,18.34305142664328,18.343051426643278,23.7817206390791,23.7817206390791
ZINCk5000003URPr,36.38223751692659,36.38223751692659,16.126046360381128,16.126046360381128,24.22852282299931,24.22852282299931
ZINCk700000PChm6,34.168309532736544,34.168309532736544,22.13629504048801,22.13629504048801,26.949100837387423,26.949100837387423
ZINCk700000JUdGc,39.56218254058284,39.56218254058284,18.066867880816343,18.066867880816346,26.66499374472295,26.66499374472295
ZINCk600000PzZp0,34.168309532736544,34.168309532736544,20.14227050756716,20.14227050756716,25.75268611763492,25.752686117634916
ZINCk800000PyVyk,38.34275944886656,38.34275944886656,19.18196135097734,19.18196135097734,26.846280590133027,26.846280590133027
ZINCk7000009Kr9Q,32.391143412755326,32.391143412755326,19.650738808291663,19.650738808291663,24.74690065007713,24.74690065007713
ZINCk800000PvJdW,34.351665344695306,34.351665344695306,19.93727523957128,19.93727523957128,25.70303128162089,25.70303128162089
ZINCk600000vkLlG,34.351665344695306,34.351665344695306,20.86222199211185,20.86222199211185,26.257999333145232,26.257999333145232
ZINCj8000002qbzi,32.207787600796564,32.207787600796564,18.34813377061215,18.34813377061215,23.89199530268592,23.891995302685917
ZINCk8000004iH21,34.168309532736544,34.168309532736544,19.84900127277114,19.84900127277114,25.576724576757297,25.576724576757297
ZINCk700000cvuj3,39.99793267811248,39.99793267811248,15.60142568435386,15.60142568435386,25.360028481857302,25.360028481857306
ZINCk600000gpP1F,34.168309532736544,34.168309532736544,20.01738959253676,20.01738959253676,25.67775756861667,25.67775756861667
ZINCi500000Bn400,36.38223751692659,36.38223751692659,16.18935125341586,16.18935125341586,24.266505758820152,24.266505758820152
ZINCj600000JTgEh,37.36452210785526,37.36452210785526,20.72055952591795,20.72055952591795,27.378144558692878,27.378144558692874
ZINCj5000002bRSl,33.81239250864757,33.81239250864757,20.60190983714398,20.60190983714398,25.886102905745418,25.886102905745418
ZINCk500000gaaGP,34.168309532736544,34.168309532736544,21.64206962934802,21.64206962934802,26.652565590703425,26.652565590703425
ZINCk7000009KRPb,37.49136825579339,37.49136825579339,20.82996623632497,20.82996623632497,27.49452704411234,27.49452704411234
ZINCk6000004dlfb,34.351665344695306,34.351665344695306,19.543895048286483,19.543895048286483,25.46700316685001,25.46700316685001
ZINCk7000009Kgpn,32.391143412755326,32.391143412755326,18.021915694565745,18.021915694565745,23.769606781841578,23.769606781841578
ZINCh500000AJ6Cx,41.557466502787214,41.557466502787214,15.154821786594006,15.154821786594006,25.71587967307129,25.71587967307129
ZINCk50000045wiw,44.172382594242485,44.172382594242485,16.370288617220034,16.370288617220034,27.491126208029016,27.491126208029016
ZINCk8000004iy9k,34.168309532736544,34.168309532736544,18.302895542401863,18.302895542401863,24.649061138535732,24.649061138535735
ZINCj5000002fH5n,41.557466502787214,41.557466502787214,16.037256005861373,16.037256005861373,26.245340204631702,26.245340204631706
ZINCk600000dqLGq,34.94415916385699,34.94415916385699,22.41660601408205,22.41660601408205,27.427627273992023,27.427627273992023
ZINCk800000EmoXU,40.91933989473438,40.91933989473438,20.143848959741373,20.143848959741373,28.454045333738577,28.454045333738577
ZINCk500000dpUrf,34.351665344695306,34.351665344695306,19.04206863983858,19.04206863983858,25.165907321781265,25.165907321781265
ZINCk5000009FlZR,32.391143412755326,32.391143412755326,19.181576743018837,19.181576743018834,24.46540341091343,24.46540341091343
ZINCj600000PzUMv,34.168309532736544,34.168309532736544,22.39784333202648,22.397843332026476,27.106029812310503,27.106029812310506
ZINCk500000dpsZL,32.207787600796564,32.207787600796564,22.41495733933178,22.41495733933178,26.332089443917692,26.332089443917695
ZINCk600000kFBgM,34.168309532736544,34.168309532736544,19.46987538587308,19.46987538587308,25.349249044618468,25.349249044618468
ZINCk600000Em5JI,32.207787600796564,32.207787600796564,19.423373302996747,19.423373302996747,24.53713902211668,24.537139022116676
ZINCj800000d8KRV,30.17721542856529,30.17721542856529,19.91087455435545,19.91087455435545,24.017410904039384,24.017410904039384
ZINCj700000BnDqa,32.983637231917015,32.983637231917015,18.731256857811378,18.731256857811378,24.432209007453636,24.432209007453633
ZINCk500000415BC,29.63794259251756,29.637942592517557,20.75820622507871,20.75820622507871,24.31010077205425,24.31010077205425
ZINCk50000045Gio,38.70541191054433,38.70541191054433,20.82200225546,20.822002255459996,27.975366117493728,27.975366117493728
ZINCk800000PCays,30.758511912228727,30.758511912228727,22.037133329741778,22.037133329741778,25.52568476273656,25.525684762736557
ZINCj500000d7jjy,32.391143412755326,32.391143412755326,19.41007860360202,19.41007860360202,24.602504527263346,24.602504527263346
ZINCj700000wKajl,32.207787600796564,32.207787600796564,18.41124611593101,18.41124611593101,23.92986270987723,23.92986270987723
ZINCk6000004byGY,32.391143412755326,32.391143412755326,20.792850428945577,20.792850428945577,25.43216762246948,25.432167622469482
ZINCk7000009L3NU,36.38223751692659,36.38223751692659,23.98339406910778,23.98339406910778,28.942931448235303,28.942931448235303
ZINCh500000JUsE2,38.0026487159081,38.0026487159081,19.962630067089552,19.962630067089552,27.17863752661697,27.17863752661697
ZINCi700000y9mUv,36.92824579056311,36.92824579056311,15.589513271012304,15.589513271012304,24.12500627883263,24.12500627883263
ZINCk50000041sk0,34.168309532736544,34.168309532736544,19.895824276140388,19.895824276140388,25.604818378778848,25.604818378778848
ZINCj800000vhpa5,34.38695355472221,34.38695355472221,17.78802850290683,17.78802850290683,24.42759852363298,24.42759852363298
ZINCk5000009CKG1,38.34275944886656,38.34275944886656,25.31238437728169,25.31238437728169,30.52453440591564,30.524534405915638
ZINCj5000009gGcN,38.34275944886656,38.34275944886656,19.46066183063088,19.460661830630876,27.01350087792515,27.01350087792515
ZINCj6000002mhWA,34.82270369225184,34.82270369225184,18.49154941797506,18.49154941797506,25.02401112768577,25.024011127685775
ZINCj700000PKmGV,32.207787600796564,32.207787600796564,18.2617483434006,18.2617483434006,23.840164046358986,23.840164046358986
ZINCj500000d6K3p,33.97334406552467,33.97334406552467,16.965529355637713,16.965529355637713,23.76865523959249,23.768655239592494
ZINCk800000gue9Q,34.168309532736544,34.168309532736544,18.760766132751737,18.760766132751737,24.92378349274566,24.92378349274566
ZINCk500000472wV,36.38223751692659,36.38223751692659,21.14346332162001,21.14346332162001,27.23897299974264,27.23897299974264
ZINCk5000009BAaz,33.81239250864757,33.81239250864757,18.715606128005955,18.715606128005955,24.7543206802626,24.7543206802626
ZINCj800000FCtqd,33.945320302244305,31.358427974069397,17.265061754498927,17.42420844455045,23.93716517359708,22.99789625635803
ZINCk600000gqhkx,34.351665344695306,34.351665344695306,21.665807329396607,21.665807329396607,26.740150535516083,26.740150535516083
ZINCk50000044P61,34.351665344695306,34.351665344695306,17.167602341217467,17.167602341217467,24.041227542608603,24.041227542608603
ZINCj700000BomoS,34.82270369225184,34.82270369225184,23.332334685422357,23.332334685422353,27.92848228815415,27.92848228815415
ZINCj700000PAFfk,34.932961828358735,34.932961828358735,20.184730293541296,20.184730293541296,26.084022907468277,26.084022907468274
ZINCk800000JRY6k,35.895530351877184,35.895530351877184,21.96076009345113,21.96076009345113,27.53466819682155,27.53466819682155
ZINCk6000004bGPH,45.3168015431362,45.3168015431362,17.88108421052164,17.88108421052164,28.855371143567467,28.855371143567467
ZINCj800000PCxfJ,36.52190074811213,33.935008419937205,17.987802567770522,18.01588736194912,25.401441839907164,24.383535785144357
ZINCk8000004jBkY,34.932961828358735,34.932961828358735,19.242079552669125,19.242079552669125,25.51843246294497,25.518432462944972
ZINCj700000x0Haf,38.92405593253,38.92405593253,18.769398282852777,18.769398282852777,26.831261342723668,26.831261342723668
ZINCi700000PSyEu,40.0679487016612,40.0679487016612,20.435900308529348,20.435900308529348,28.288719665782093,28.288719665782093
ZINCj6000002mtfo,32.207787600796564,32.207787600796564,20.16423055033277,20.164230550332775,24.98165337051829,24.98165337051829
ZINCk700000PyG7Q,34.714317806373074,34.714317806373074,17.552250181772138,17.552250181772138,24.41707723161251,24.41707723161251
ZINCj600000BnYFm,36.92824579056311,36.92824579056311,17.320413277188663,17.320413277188663,25.163546282538444,25.163546282538444
ZINCi500000cp8QX,42.539751093715886,42.539751093715886,16.506075620259086,16.506075620259086,26.919545809641804,26.919545809641804
ZINCk700000GfTGM,35.895530351877184,35.895530351877184,18.7896997463944,18.7896997463944,25.63203198858751,25.63203198858751
ZINCj8000002rMuO,34.168309532736544,34.168309532736544,17.410523847315783,17.410523847315783,24.113638121484087,24.113638121484087
ZINCi60000010Lf3,36.74488997860436,36.74488997860436,15.672274818224317,15.672274818224317,24.10132088237633,24.10132088237633
ZINCk700000y8Q1e,32.391143412755326,32.391143412755326,20.91631509533005,20.91631509533005,25.50624642230016,25.506246422300162
ZINCj700000d8kPm,34.351665344695306,34.351665344695306,17.5108421439834,17.5108421439834,24.24717142426816,24.24717142426816
ZINCj500000xcko1,34.168309532736544,34.168309532736544,18.772563333987357,18.772563333987353,24.93086181348703,24.93086181348703
