receptor_residue_label,receptor_residue_class,ligand_count,total_matched_native_feature_count,matched_native_feature_weight_sum,min_closest_native_distance_angstrom
VAL93,hydrophobic,1152,2417,3241.840754,3.570051820352195
MET62,hydrophobic,1036,1591,2277.316142,3.093684049802112
GLY58,other,1001,1251,1939.581582,3.491368499600121
ILE61,hydrophobic,1001,1251,1939.581582,3.4697695888920377
GLN72,polar,888,1748,2202.550061,3.520651928265561
ILE99,hydrophobic,734,1228,1873.9520400000001,4.2617875357647765
LEU54,hydrophobic,734,1228,1873.9520400000001,2.8310128929413225
LEU57,hydrophobic,664,664,1174.606704,3.99682799229589
PHE91,aromatic,664,664,1174.606704,4.405796182303488
HIS73,basic,642,1161,1437.5751830000002,3.437041460326019
LYS94,basic,642,1161,1437.5751830000002,3.106867393372301
TYR67,aromatic,587,587,764.974878,4.027409216853931
VAL75,hydrophobic,587,587,764.974878,3.8461800529876364
HIS96,basic,564,588,721.552656,3.3600267856075186
GLN71,polar,559,559,834.661347,4.062885058674442
LYS70,basic,559,559,834.661347,4.389299944182441
TYR100,aromatic,24,24,22.207320000000003,3.674694681194616
