ligand_id,method,evaluation_tie_group,evaluation_rank
CHEMBL5879668,full_cascade,0,2.0
CHEMBL5921912,full_cascade,0,2.0
CHEMBL5989834,full_cascade,0,2.0
CHEMBL3653239,full_cascade,1,4.0
CHEMBL5883242,full_cascade,2,5.0
CHEMBL3407579,full_cascade,3,8.0
CHEMBL3693969,full_cascade,3,8.0
CHEMBL378100,full_cascade,3,8.0
CHEMBL4102803,full_cascade,3,8.0
CHEMBL5913446,full_cascade,3,8.0
ZINCf50000009AET,full_cascade,4,13.5
ZINCf50000009AIT,full_cascade,4,13.5
ZINCf5000000ajs3,full_cascade,4,13.5
ZINCf5000000amZV,full_cascade,4,13.5
ZINCf5000000atn8,full_cascade,4,13.5
ZINCf5000000axnZ,full_cascade,4,13.5
ZINCf50000008PQx,full_cascade,5,26.0
ZINCf50000008TKQ,full_cascade,5,26.0
ZINCf50000009Hhg,full_cascade,5,26.0
ZINCf50000009LXr,full_cascade,5,26.0
ZINCf50000009wAP,full_cascade,5,26.0
ZINCf5000000WClS,full_cascade,5,26.0
ZINCf5000000Zu2d,full_cascade,5,26.0
ZINCf5000000ZxFj,full_cascade,5,26.0
ZINCf5000000Zz1e,full_cascade,5,26.0
ZINCf5000000a5P4,full_cascade,5,26.0
ZINCf5000000a959,full_cascade,5,26.0
ZINCf5000000aiZh,full_cascade,5,26.0
ZINCf5000000aloI,full_cascade,5,26.0
ZINCf5000000atn7,full_cascade,5,26.0
ZINCf50000024W6j,full_cascade,5,26.0
ZINCf50000024fnB,full_cascade,5,26.0
ZINCf5000002aOJy,full_cascade,5,26.0
ZINCf5000002aOhX,full_cascade,5,26.0
ZINCf5000002rwb1,full_cascade,5,26.0
ZINCf5000000aloJ,full_cascade,6,37.0
ZINCf5000000aloK,full_cascade,6,37.0
ZINCf5000002oIFK,full_cascade,6,37.0
ZINCf50000009H33,full_cascade,7,40.0
ZINCf5000000axSu,full_cascade,7,40.0
ZINCf50000017zaD,full_cascade,7,40.0
ZINCf50000018cs2,full_cascade,8,42.5
ZINCf5000002oGxA,full_cascade,8,42.5
ZINCf5000000a5Jc,full_cascade,9,46.0
ZINCf5000000aqQc,full_cascade,9,46.0
ZINCf50000026TVY,full_cascade,9,46.0
ZINCf50000028kMc,full_cascade,9,46.0
ZINCf5000002aKDa,full_cascade,9,46.0
ZINCf50000008FGW,full_cascade,10,98.0
ZINCf50000008Gu8,full_cascade,10,98.0
ZINCf50000008LDR,full_cascade,10,98.0
ZINCf50000008MuT,full_cascade,10,98.0
ZINCf50000008N08,full_cascade,10,98.0
ZINCf50000008OyQ,full_cascade,10,98.0
ZINCf50000008PnV,full_cascade,10,98.0
ZINCf50000008THz,full_cascade,10,98.0
ZINCf50000008U3J,full_cascade,10,98.0
ZINCf500000090KH,full_cascade,10,98.0
ZINCf500000090y4,full_cascade,10,98.0
ZINCf500000091AO,full_cascade,10,98.0
ZINCf500000091IM,full_cascade,10,98.0
ZINCf500000091pC,full_cascade,10,98.0
ZINCf500000091sp,full_cascade,10,98.0
ZINCf500000094Mg,full_cascade,10,98.0
ZINCf500000094km,full_cascade,10,98.0
ZINCf50000009ENd,full_cascade,10,98.0
ZINCf50000009HnH,full_cascade,10,98.0
ZINCf50000009ITp,full_cascade,10,98.0
ZINCf50000009LWV,full_cascade,10,98.0
ZINCf50000009MFI,full_cascade,10,98.0
ZINCf50000009U67,full_cascade,10,98.0
ZINCf50000009UCC,full_cascade,10,98.0
ZINCf50000009UOR,full_cascade,10,98.0
ZINCf50000009UcH,full_cascade,10,98.0
ZINCf50000009XeK,full_cascade,10,98.0
ZINCf50000009Y74,full_cascade,10,98.0
ZINCf50000009ZfR,full_cascade,10,98.0
ZINCf50000009ZnU,full_cascade,10,98.0
ZINCf50000009Zzc,full_cascade,10,98.0
ZINCf50000009jED,full_cascade,10,98.0
ZINCf50000009u6R,full_cascade,10,98.0
ZINCf50000009ujW,full_cascade,10,98.0
ZINCf50000009ulF,full_cascade,10,98.0
ZINCf5000000S4Wj,full_cascade,10,98.0
ZINCf5000000S58O,full_cascade,10,98.0
ZINCf5000000S6Kn,full_cascade,10,98.0
ZINCf5000000VZ0I,full_cascade,10,98.0
ZINCf5000000VZfJ,full_cascade,10,98.0
ZINCf5000000Vl6O,full_cascade,10,98.0
ZINCf5000000VlpG,full_cascade,10,98.0
ZINCf5000000Vnj5,full_cascade,10,98.0
ZINCf5000000Yb07,full_cascade,10,98.0
ZINCf5000000Zt92,full_cascade,10,98.0
ZINCf5000000ZxEo,full_cascade,10,98.0
ZINCf5000000ae2p,full_cascade,10,98.0
ZINCf5000000aguA,full_cascade,10,98.0
ZINCf5000000ajo9,full_cascade,10,98.0
ZINCf5000000atl4,full_cascade,10,98.0
ZINCf5000000auKc,full_cascade,10,98.0
ZINCf50000017AUR,full_cascade,10,98.0
ZINCf50000017Bo0,full_cascade,10,98.0
ZINCf50000017I9l,full_cascade,10,98.0
ZINCf50000017LMW,full_cascade,10,98.0
ZINCf50000017PTU,full_cascade,10,98.0
ZINCf50000017QzM,full_cascade,10,98.0
ZINCf50000017VL8,full_cascade,10,98.0
ZINCf50000017WSs,full_cascade,10,98.0
ZINCf50000017sZp,full_cascade,10,98.0
ZINCf50000017vaC,full_cascade,10,98.0
ZINCf50000017wdb,full_cascade,10,98.0
ZINCf500000184cO,full_cascade,10,98.0
ZINCf50000018dKA,full_cascade,10,98.0
ZINCf5000001TvEm,full_cascade,10,98.0
ZINCf5000001V3uo,full_cascade,10,98.0
ZINCf5000001XGaU,full_cascade,10,98.0
ZINCf50000023t3V,full_cascade,10,98.0
ZINCf500000260cr,full_cascade,10,98.0
ZINCf500000262Yb,full_cascade,10,98.0
ZINCf50000027kAm,full_cascade,10,98.0
ZINCf50000027xxP,full_cascade,10,98.0
ZINCf50000029Pki,full_cascade,10,98.0
ZINCf50000029civ,full_cascade,10,98.0
ZINCf5000002aTEW,full_cascade,10,98.0
ZINCf5000002aUsU,full_cascade,10,98.0
ZINCf5000002dEhE,full_cascade,10,98.0
ZINCf5000002dEwn,full_cascade,10,98.0
ZINCf5000002dq88,full_cascade,10,98.0
ZINCf5000002dqDb,full_cascade,10,98.0
ZINCf5000002e2dg,full_cascade,10,98.0
ZINCf5000002eaNP,full_cascade,10,98.0
ZINCf5000002muQN,full_cascade,10,98.0
ZINCf5000002myMR,full_cascade,10,98.0
ZINCf5000002oC1u,full_cascade,10,98.0
ZINCf5000002oHw2,full_cascade,10,98.0
ZINCf5000002qVkX,full_cascade,10,98.0
ZINCf5000002rNZq,full_cascade,10,98.0
ZINCf5000002rPQz,full_cascade,10,98.0
ZINCf5000002rteZ,full_cascade,10,98.0
ZINCf5000002ru41,full_cascade,10,98.0
ZINCf5000002ru8s,full_cascade,10,98.0
ZINCf5000002rvJM,full_cascade,10,98.0
ZINCf5000002rwt8,full_cascade,10,98.0
ZINCf5000002s0Ez,full_cascade,10,98.0
ZINCf5000002s767,full_cascade,10,98.0
ZINCf5000002s99t,full_cascade,10,98.0
ZINCf5000002sfL9,full_cascade,10,98.0
ZINCf5000002sfMO,full_cascade,10,98.0
ZINCf5000000Vn0I,full_cascade,11,149.5
ZINCf5000000ZwRE,full_cascade,11,149.5
ZINCf5000002rb06,full_cascade,11,149.5
ZINCf5000002rkb9,full_cascade,11,149.5
ZINCf5000000981C,full_cascade,12,153.5
ZINCf5000000S76T,full_cascade,12,153.5
ZINCf5000002eaMm,full_cascade,12,153.5
ZINCf5000002eaMn,full_cascade,12,153.5
ZINCf50000009fgg,full_cascade,13,158.0
ZINCf50000009nBd,full_cascade,13,158.0
ZINCf5000000asm1,full_cascade,13,158.0
ZINCf5000000avJT,full_cascade,13,158.0
ZINCf50000028GQR,full_cascade,13,158.0
ZINCf50000008Nsv,full_cascade,14,172.0
ZINCf50000008T08,full_cascade,14,172.0
ZINCf50000008TFn,full_cascade,14,172.0
ZINCf50000008TrA,full_cascade,14,172.0
ZINCf50000008Tyq,full_cascade,14,172.0
ZINCf500000091Oj,full_cascade,14,172.0
ZINCf50000009GBn,full_cascade,14,172.0
ZINCf5000000S4XZ,full_cascade,14,172.0
ZINCf5000000VZ1e,full_cascade,14,172.0
ZINCf5000000VkUX,full_cascade,14,172.0
ZINCf5000000Vlgb,full_cascade,14,172.0
ZINCf5000000Wzr6,full_cascade,14,172.0
ZINCf50000017B0q,full_cascade,14,172.0
ZINCf50000017QiB,full_cascade,14,172.0
ZINCf50000017nnX,full_cascade,14,172.0
ZINCf50000017sSN,full_cascade,14,172.0
ZINCf5000001DljD,full_cascade,14,172.0
ZINCf5000001tN8K,full_cascade,14,172.0
ZINCf5000001y9DS,full_cascade,14,172.0
ZINCf5000002dmbV,full_cascade,14,172.0
ZINCf5000002mv37,full_cascade,14,172.0
ZINCf5000002rvaq,full_cascade,14,172.0
ZINCf5000002s57x,full_cascade,14,172.0
ZINCf50000008FqE,full_cascade,15,184.0
ZINCf50000009BsN,full_cascade,16,190.5
ZINCf5000000S7uO,full_cascade,16,190.5
ZINCf5000000YbNN,full_cascade,16,190.5
ZINCf5000000YbNq,full_cascade,16,190.5
ZINCf5000000alHu,full_cascade,16,190.5
ZINCf500000184mH,full_cascade,16,190.5
ZINCf500000206o9,full_cascade,16,190.5
ZINCf50000024KJR,full_cascade,16,190.5
ZINCf50000024dVA,full_cascade,16,190.5
ZINCf5000002aSeh,full_cascade,16,190.5
ZINCf5000002oIq2,full_cascade,16,190.5
ZINCf5000002rq2K,full_cascade,16,190.5
ZINCf5000002qYJg,full_cascade,17,197.0
ZINCf5000002aQBR,full_cascade,18,198.5
ZINCf5000002qPRB,full_cascade,18,198.5
ZINCf5000001A1LB,full_cascade,19,200.0
ZINCf50000008E2h,full_cascade,20,242.0
ZINCf50000008FwI,full_cascade,20,242.0
ZINCf50000008Qcv,full_cascade,20,242.0
ZINCf50000008Tpg,full_cascade,20,242.0
ZINCf50000008TsN,full_cascade,20,242.0
ZINCf50000009098,full_cascade,20,242.0
ZINCf5000000936i,full_cascade,20,242.0
ZINCf50000009Aos,full_cascade,20,242.0
ZINCf50000009Edz,full_cascade,20,242.0
ZINCf50000009FOq,full_cascade,20,242.0
ZINCf50000009G31,full_cascade,20,242.0
ZINCf50000009kau,full_cascade,20,242.0
ZINCf50000009kbh,full_cascade,20,242.0
ZINCf50000009pDT,full_cascade,20,242.0
ZINCf50000009vDx,full_cascade,20,242.0
ZINCf50000009xNF,full_cascade,20,242.0
ZINCf50000009y0U,full_cascade,20,242.0
ZINCf5000000S7rD,full_cascade,20,242.0
ZINCf5000000VZ2u,full_cascade,20,242.0
ZINCf5000000VZiS,full_cascade,20,242.0
ZINCf5000000Vn0E,full_cascade,20,242.0
ZINCf5000000Vn0X,full_cascade,20,242.0
ZINCf5000000Zrm2,full_cascade,20,242.0
ZINCf5000000a4N3,full_cascade,20,242.0
ZINCf5000000a4ro,full_cascade,20,242.0
ZINCf5000000adGO,full_cascade,20,242.0
ZINCf5000000ady2,full_cascade,20,242.0
ZINCf5000000aicI,full_cascade,20,242.0
ZINCf5000000an5W,full_cascade,20,242.0
ZINCf5000000aqei,full_cascade,20,242.0
ZINCf5000000as8f,full_cascade,20,242.0
ZINCf5000000as8i,full_cascade,20,242.0
ZINCf5000000asEJ,full_cascade,20,242.0
ZINCf5000000aswG,full_cascade,20,242.0
ZINCf5000000axRX,full_cascade,20,242.0
ZINCf50000017Blk,full_cascade,20,242.0
ZINCf50000017JyP,full_cascade,20,242.0
ZINCf50000017L7N,full_cascade,20,242.0
ZINCf50000017LMX,full_cascade,20,242.0
ZINCf50000017N06,full_cascade,20,242.0
ZINCf50000017Pvr,full_cascade,20,242.0
ZINCf50000017Zn7,full_cascade,20,242.0
ZINCf50000017p9i,full_cascade,20,242.0
ZINCf50000017saR,full_cascade,20,242.0
ZINCf500000181pp,full_cascade,20,242.0
ZINCf500000183co,full_cascade,20,242.0
ZINCf50000018442,full_cascade,20,242.0
ZINCf500000187i8,full_cascade,20,242.0
ZINCf500000189OD,full_cascade,20,242.0
ZINCf5000001oH0e,full_cascade,20,242.0
ZINCf5000001pvAi,full_cascade,20,242.0
ZINCf5000001sSgR,full_cascade,20,242.0
ZINCf5000001wzZ7,full_cascade,20,242.0
ZINCf50000024C21,full_cascade,20,242.0
ZINCf50000024N07,full_cascade,20,242.0
ZINCf50000025g15,full_cascade,20,242.0
ZINCf50000025mCr,full_cascade,20,242.0
ZINCf50000026aCQ,full_cascade,20,242.0
ZINCf50000027fjf,full_cascade,20,242.0
ZINCf50000028CXX,full_cascade,20,242.0
ZINCf50000028NzI,full_cascade,20,242.0
ZINCf50000028TAZ,full_cascade,20,242.0
ZINCf50000029ZxW,full_cascade,20,242.0
ZINCf50000029zy9,full_cascade,20,242.0
ZINCf5000002acJI,full_cascade,20,242.0
ZINCf5000002anJ3,full_cascade,20,242.0
ZINCf5000002dJeP,full_cascade,20,242.0
ZINCf5000002dYYs,full_cascade,20,242.0
ZINCf5000002efJk,full_cascade,20,242.0
ZINCf5000002emMG,full_cascade,20,242.0
ZINCf5000002mHDq,full_cascade,20,242.0
ZINCf5000002myLk,full_cascade,20,242.0
ZINCf5000002qSav,full_cascade,20,242.0
ZINCf5000002qYJv,full_cascade,20,242.0
ZINCf5000002qZGh,full_cascade,20,242.0
ZINCf5000002qsQM,full_cascade,20,242.0
ZINCf5000002r2Ks,full_cascade,20,242.0
ZINCf5000002rFi2,full_cascade,20,242.0
ZINCf5000002rFlk,full_cascade,20,242.0
ZINCf5000002rPNH,full_cascade,20,242.0
ZINCf5000002rVzz,full_cascade,20,242.0
ZINCf5000002rwmk,full_cascade,20,242.0
ZINCf5000002scMB,full_cascade,20,242.0
ZINCf50000009NQ1,full_cascade,21,293.0
ZINCf50000009skC,full_cascade,21,293.0
ZINCf50000009slJ,full_cascade,21,293.0
ZINCf5000000a0u4,full_cascade,21,293.0
ZINCf5000000aofl,full_cascade,21,293.0
ZINCf50000017CZv,full_cascade,21,293.0
ZINCf50000017RUw,full_cascade,21,293.0
ZINCf50000017U6k,full_cascade,21,293.0
ZINCf5000001G1iO,full_cascade,21,293.0
ZINCf5000001qm5O,full_cascade,21,293.0
ZINCf5000001ui70,full_cascade,21,293.0
ZINCf50000026qzT,full_cascade,21,293.0
ZINCf50000028nMV,full_cascade,21,293.0
ZINCf5000002angl,full_cascade,21,293.0
ZINCf5000002aspg,full_cascade,21,293.0
ZINCf5000002dSCQ,full_cascade,21,293.0
ZINCf5000002e1qA,full_cascade,21,293.0
ZINCf5000002mzuw,full_cascade,21,293.0
ZINCf5000002qy1u,full_cascade,21,293.0
ZINCf50000017CmY,full_cascade,22,305.5
ZINCf5000001Oti9,full_cascade,22,305.5
ZINCf5000001sFyK,full_cascade,22,305.5
ZINCf5000002armR,full_cascade,22,305.5
ZINCf5000002eiNd,full_cascade,22,305.5
ZINCf5000002s2ww,full_cascade,22,305.5
ZINCf5000002dQCW,full_cascade,23,309.5
ZINCf5000002qxIx,full_cascade,23,309.5
ZINCf50000009ZnU,stage3_only,0,1.0
ZINCf50000008MuT,stage3_only,1,2.0
ZINCf500000091Oj,stage3_only,2,3.0
ZINCf50000023t3V,stage3_only,3,4.0
ZINCf5000002oC1u,stage3_only,4,5.0
ZINCf5000002rPQz,stage3_only,5,6.0
ZINCf5000000aguA,stage3_only,6,7.0
ZINCf50000027xxP,stage3_only,7,8.0
ZINCf50000017AUR,stage3_only,8,9.0
ZINCf50000009U67,stage3_only,9,10.0
ZINCf50000008N08,stage3_only,10,11.0
ZINCf5000002mHDq,stage3_only,11,12.0
CHEMBL3407579,stage3_only,12,13.0
ZINCf50000018cs2,stage3_only,13,14.0
ZINCf50000028NzI,stage3_only,14,15.0
ZINCf5000002ru8s,stage3_only,15,16.0
ZINCf50000008Gu8,stage3_only,16,17.0
ZINCf50000009ZfR,stage3_only,17,18.0
ZINCf5000001V3uo,stage3_only,18,19.0
ZINCf50000009LWV,stage3_only,19,20.0
ZINCf50000009Aos,stage3_only,20,21.0
ZINCf5000000as8f,stage3_only,21,22.0
ZINCf500000090y4,stage3_only,22,23.0
ZINCf50000009UcH,stage3_only,23,24.0
ZINCf50000017L7N,stage3_only,24,25.0
ZINCf50000009UOR,stage3_only,25,26.0
ZINCf50000017LMW,stage3_only,26,27.0
ZINCf50000009UCC,stage3_only,27,28.0
ZINCf5000000VZfJ,stage3_only,28,29.0
ZINCf5000002e2dg,stage3_only,29,30.0
ZINCf5000002mv37,stage3_only,30,31.0
ZINCf50000028kMc,stage3_only,31,32.0
ZINCf50000009MFI,stage3_only,32,33.0
ZINCf50000009u6R,stage3_only,33,34.0
ZINCf50000017LMX,stage3_only,34,35.0
ZINCf5000002rb06,stage3_only,35,36.0
ZINCf5000000amZV,stage3_only,36,37.0
ZINCf5000001XGaU,stage3_only,37,38.0
ZINCf5000000VZ1e,stage3_only,38,39.0
CHEMBL5921912,stage3_only,39,40.0
ZINCf500000090KH,stage3_only,40,41.0
ZINCf50000017VL8,stage3_only,41,42.0
ZINCf500000094km,stage3_only,42,43.0
ZINCf50000017WSs,stage3_only,43,44.0
ZINCf5000000aloK,stage3_only,44,45.0
CHEMBL4102803,stage3_only,45,46.0
ZINCf50000024dVA,stage3_only,46,47.0
CHEMBL5883242,stage3_only,47,48.0
ZINCf500000260cr,stage3_only,48,49.0
ZINCf50000008E2h,stage3_only,49,50.0
ZINCf5000000auKc,stage3_only,50,51.0
ZINCf50000017vaC,stage3_only,51,52.0
ZINCf5000002s0Ez,stage3_only,52,53.0
ZINCf500000091pC,stage3_only,53,54.0
ZINCf5000000aofl,stage3_only,54,55.0
ZINCf50000028CXX,stage3_only,55,56.0
ZINCf50000017Bo0,stage3_only,56,57.0
ZINCf5000002oGxA,stage3_only,57,58.0
ZINCf50000024N07,stage3_only,58,59.0
ZINCf5000002aTEW,stage3_only,59,60.0
ZINCf5000000Vnj5,stage3_only,60,61.0
ZINCf5000002eaNP,stage3_only,61,62.0
CHEMBL5879668,stage3_only,62,63.0
ZINCf5000000VlpG,stage3_only,63,64.0
ZINCf5000002emMG,stage3_only,64,65.0
ZINCf5000000Vlgb,stage3_only,65,66.0
ZINCf5000000a4N3,stage3_only,66,67.0
ZINCf50000027fjf,stage3_only,67,68.0
ZINCf5000000aloJ,stage3_only,68,69.0
ZINCf500000262Yb,stage3_only,69,70.0
ZINCf50000008FqE,stage3_only,70,71.0
ZINCf5000002oHw2,stage3_only,71,72.0
ZINCf5000002ru41,stage3_only,72,73.0
ZINCf5000002dEhE,stage3_only,73,74.0
ZINCf50000009ulF,stage3_only,74,75.0
ZINCf5000000Zz1e,stage3_only,75,76.0
ZINCf5000000aqQc,stage3_only,76,77.0
ZINCf50000027kAm,stage3_only,77,78.0
ZINCf5000002myLk,stage3_only,78,79.0
ZINCf5000002rvJM,stage3_only,79,80.0
ZINCf50000017wdb,stage3_only,80,81.0
ZINCf50000017JyP,stage3_only,81,82.0
ZINCf5000002qPRB,stage3_only,82,83.0
ZINCf50000009AET,stage3_only,83,84.0
ZINCf5000001A1LB,stage3_only,84,85.0
ZINCf500000091sp,stage3_only,85,86.0
ZINCf50000009ujW,stage3_only,86,87.0
ZINCf50000025mCr,stage3_only,87,88.0
ZINCf50000009wAP,stage3_only,88,89.0
ZINCf50000009AIT,stage3_only,89,90.0
ZINCf5000000axnZ,stage3_only,90,91.0
ZINCf500000091IM,stage3_only,91,92.0
ZINCf5000000atn8,stage3_only,92,93.0
ZINCf50000008TKQ,stage3_only,93,94.0
ZINCf50000026TVY,stage3_only,94,95.0
ZINCf50000024W6j,stage3_only,95,96.0
ZINCf50000009HnH,stage3_only,96,97.0
ZINCf50000029civ,stage3_only,97,98.0
ZINCf50000009pDT,stage3_only,98,99.0
ZINCf50000009G31,stage3_only,99,100.0
ZINCf5000002sfMO,stage3_only,100,101.0
ZINCf5000000S7rD,stage3_only,101,102.0
ZINCf50000009BsN,stage3_only,102,103.0
ZINCf50000009LXr,stage3_only,103,104.0
ZINCf5000000Vn0X,stage3_only,104,105.0
ZINCf5000000atl4,stage3_only,105,106.0
ZINCf50000029zy9,stage3_only,106,107.0
ZINCf5000002dEwn,stage3_only,107,108.0
ZINCf5000001tN8K,stage3_only,108,109.0
ZINCf5000000aloI,stage3_only,109,110.0
CHEMBL3653239,stage3_only,110,111.0
ZINCf5000000Zu2d,stage3_only,111,112.0
ZINCf5000002rPNH,stage3_only,112,113.0
ZINCf5000002rNZq,stage3_only,113,114.0
ZINCf5000001pvAi,stage3_only,114,115.0
ZINCf5000000S4XZ,stage3_only,115,116.0
ZINCf50000025g15,stage3_only,116,117.0
ZINCf5000001DljD,stage3_only,117,118.0
CHEMBL5989834,stage3_only,118,119.0
ZINCf5000002anJ3,stage3_only,119,120.0
ZINCf5000000VZ0I,stage3_only,120,121.0
ZINCf5000000Vn0E,stage3_only,121,122.0
ZINCf5000002acJI,stage3_only,122,123.0
ZINCf50000009H33,stage3_only,123,124.0
ZINCf5000000avJT,stage3_only,124,125.0
ZINCf5000002aUsU,stage3_only,125,126.0
ZINCf50000017PTU,stage3_only,126,127.0
ZINCf50000008T08,stage3_only,127,128.0
ZINCf50000008PQx,stage3_only,128,129.0
ZINCf5000002oIFK,stage3_only,129,130.0
CHEMBL5913446,stage3_only,130,131.0
ZINCf5000000S4Wj,stage3_only,131,132.0
ZINCf5000001TvEm,stage3_only,132,133.0
ZINCf5000000981C,stage3_only,133,134.0
ZINCf5000002sfL9,stage3_only,134,135.0
ZINCf50000029Pki,stage3_only,135,136.0
ZINCf500000094Mg,stage3_only,136,137.0
ZINCf5000000asm1,stage3_only,137,138.0
ZINCf5000002s57x,stage3_only,138,139.0
ZINCf50000008TsN,stage3_only,139,140.0
ZINCf50000008Tpg,stage3_only,140,141.0
ZINCf50000009Edz,stage3_only,141,142.0
ZINCf5000000atn7,stage3_only,142,143.0
ZINCf50000008TFn,stage3_only,143,144.0
ZINCf5000001oH0e,stage3_only,144,145.0
ZINCf5000000alHu,stage3_only,145,146.0
ZINCf50000008PnV,stage3_only,146,147.0
ZINCf5000000a5P4,stage3_only,147,148.0
ZINCf5000000S7uO,stage3_only,148,149.0
ZINCf5000002s99t,stage3_only,149,150.0
ZINCf5000000S58O,stage3_only,150,151.0
ZINCf5000000Vl6O,stage3_only,151,152.0
ZINCf50000008THz,stage3_only,152,153.0
ZINCf50000009nBd,stage3_only,153,154.0
ZINCf5000000aqei,stage3_only,154,155.0
ZINCf50000009xNF,stage3_only,155,156.0
ZINCf50000009fgg,stage3_only,156,157.0
ZINCf50000008FwI,stage3_only,157,158.0
ZINCf50000017Pvr,stage3_only,158,159.0
ZINCf5000002oIq2,stage3_only,159,160.0
ZINCf5000002dYYs,stage3_only,160,161.0
ZINCf50000008LDR,stage3_only,161,162.0
ZINCf5000000S6Kn,stage3_only,162,163.0
ZINCf50000017I9l,stage3_only,163,164.0
ZINCf5000002eaMn,stage3_only,164,165.0
ZINCf5000000Zrm2,stage3_only,165,166.0
ZINCf50000009ITp,stage3_only,166,167.0
ZINCf50000024C21,stage3_only,167,168.0
ZINCf5000000asEJ,stage3_only,168,169.0
ZINCf5000002r2Ks,stage3_only,169,170.0
ZINCf50000009kau,stage3_only,170,171.0
ZINCf5000000axSu,stage3_only,171,172.0
ZINCf5000000VZ2u,stage3_only,172,173.0
ZINCf5000002dqDb,stage3_only,173,174.0
ZINCf50000009Zzc,stage3_only,174,175.0
ZINCf50000009Hhg,stage3_only,175,176.0
ZINCf50000026aCQ,stage3_only,176,177.0
ZINCf5000001sSgR,stage3_only,177,178.0
ZINCf5000002dq88,stage3_only,178,179.0
ZINCf50000008Tyq,stage3_only,179,180.0
ZINCf5000000ajo9,stage3_only,180,181.0
ZINCf500000091AO,stage3_only,181,182.0
ZINCf50000028TAZ,stage3_only,182,183.0
ZINCf50000017sZp,stage3_only,183,184.0
ZINCf50000017nnX,stage3_only,184,185.0
ZINCf5000000Yb07,stage3_only,185,186.0
ZINCf5000002efJk,stage3_only,186,187.0
ZINCf5000002dSCQ,stage3_only,187,188.0
ZINCf5000000ajs3,stage3_only,188,189.0
ZINCf50000024fnB,stage3_only,189,190.0
ZINCf5000000Zt92,stage3_only,190,191.0
ZINCf50000017saR,stage3_only,191,192.0
ZINCf5000002rFi2,stage3_only,192,193.0
ZINCf5000002qVkX,stage3_only,193,194.0
ZINCf50000028nMV,stage3_only,194,195.0
ZINCf50000009XeK,stage3_only,195,196.0
ZINCf50000024KJR,stage3_only,196,197.0
ZINCf50000029ZxW,stage3_only,197,198.0
ZINCf5000002rFlk,stage3_only,198,199.0
ZINCf50000009skC,stage3_only,199,200.0
ZINCf50000008TrA,stage3_only,200,201.0
ZINCf50000028GQR,stage3_only,201,202.0
ZINCf5000002aSeh,stage3_only,202,203.0
ZINCf5000002dmbV,stage3_only,203,204.0
ZINCf5000002dJeP,stage3_only,204,205.0
ZINCf5000000VZiS,stage3_only,205,206.0
ZINCf50000009slJ,stage3_only,206,207.0
ZINCf5000002muQN,stage3_only,207,208.0
ZINCf5000000a4ro,stage3_only,208,209.0
ZINCf5000000VkUX,stage3_only,209,210.0
ZINCf5000002eaMm,stage3_only,210,211.0
ZINCf500000184cO,stage3_only,211,212.0
ZINCf5000000Vn0I,stage3_only,212,213.0
ZINCf5000002rvaq,stage3_only,213,214.0
ZINCf50000008Nsv,stage3_only,214,215.0
ZINCf50000017U6k,stage3_only,215,216.0
ZINCf5000002qYJg,stage3_only,216,217.0
ZINCf5000000a5Jc,stage3_only,217,218.0
ZINCf50000009098,stage3_only,218,219.0
ZINCf50000009kbh,stage3_only,219,220.0
ZINCf50000009vDx,stage3_only,220,221.0
ZINCf50000009jED,stage3_only,221,222.0
ZINCf50000009NQ1,stage3_only,222,223.0
ZINCf50000017Zn7,stage3_only,223,224.0
ZINCf5000002rteZ,stage3_only,224,225.0
ZINCf5000001ui70,stage3_only,225,226.0
ZINCf5000000WClS,stage3_only,226,227.0
ZINCf5000002angl,stage3_only,227,228.0
ZINCf5000000ZxEo,stage3_only,228,229.0
ZINCf5000001wzZ7,stage3_only,229,230.0
ZINCf5000002qYJv,stage3_only,230,231.0
ZINCf50000009GBn,stage3_only,231,232.0
ZINCf5000000adGO,stage3_only,232,233.0
ZINCf5000002rwb1,stage3_only,233,234.0
ZINCf50000017zaD,stage3_only,234,235.0
ZINCf5000001G1iO,stage3_only,235,236.0
ZINCf5000002e1qA,stage3_only,236,237.0
ZINCf5000002rVzz,stage3_only,237,238.0
ZINCf5000002scMB,stage3_only,238,239.0
ZINCf500000184mH,stage3_only,239,240.0
ZINCf50000008FGW,stage3_only,240,241.0
ZINCf5000000Wzr6,stage3_only,241,242.0
CHEMBL3693969,stage3_only,242,243.0
ZINCf50000009Y74,stage3_only,243,244.0
ZINCf5000002rq2K,stage3_only,244,245.0
ZINCf5000002rkb9,stage3_only,245,246.0
ZINCf5000000ady2,stage3_only,246,247.0
ZINCf5000002qZGh,stage3_only,247,248.0
ZINCf5000002eiNd,stage3_only,248,249.0
ZINCf500000189OD,stage3_only,249,250.0
ZINCf50000017sSN,stage3_only,250,251.0
ZINCf500000187i8,stage3_only,251,252.0
ZINCf500000183co,stage3_only,252,253.0
ZINCf5000000a959,stage3_only,253,254.0
ZINCf50000018dKA,stage3_only,254,255.0
CHEMBL378100,stage3_only,255,256.0
ZINCf5000000aiZh,stage3_only,256,257.0
ZINCf5000002aKDa,stage3_only,257,258.0
ZINCf5000000aswG,stage3_only,258,259.0
ZINCf50000017QiB,stage3_only,259,260.0
ZINCf50000017B0q,stage3_only,260,261.0
ZINCf50000018442,stage3_only,261,262.0
ZINCf5000000YbNN,stage3_only,262,263.0
ZINCf50000008U3J,stage3_only,263,264.0
ZINCf5000000axRX,stage3_only,264,265.0
ZINCf50000017CZv,stage3_only,265,266.0
ZINCf50000017QzM,stage3_only,266,267.0
ZINCf50000017Blk,stage3_only,267,268.0
ZINCf5000001Oti9,stage3_only,268,269.0
ZINCf5000000ZwRE,stage3_only,269,270.0
ZINCf50000009ENd,stage3_only,270,271.0
ZINCf5000000ZxFj,stage3_only,271,272.0
ZINCf5000000as8i,stage3_only,272,273.0
ZINCf5000000ae2p,stage3_only,273,274.0
ZINCf50000017p9i,stage3_only,274,275.0
ZINCf5000000aicI,stage3_only,275,276.0
ZINCf50000017RUw,stage3_only,276,277.0
ZINCf5000002qsQM,stage3_only,277,278.0
ZINCf50000017CmY,stage3_only,278,279.0
ZINCf50000009y0U,stage3_only,279,280.0
ZINCf50000008OyQ,stage3_only,280,281.0
ZINCf500000181pp,stage3_only,281,282.0
ZINCf5000002aspg,stage3_only,282,283.0
ZINCf5000000an5W,stage3_only,283,284.0
ZINCf50000008Qcv,stage3_only,284,285.0
ZINCf5000002rwmk,stage3_only,285,286.0
ZINCf5000000a0u4,stage3_only,286,287.0
ZINCf5000000S76T,stage3_only,287,288.0
ZINCf50000026qzT,stage3_only,288,289.0
ZINCf5000002qy1u,stage3_only,289,290.0
ZINCf5000002mzuw,stage3_only,290,291.0
ZINCf5000002qSav,stage3_only,291,292.0
ZINCf5000002aOJy,stage3_only,292,293.0
ZINCf5000002s767,stage3_only,293,294.0
ZINCf5000002aOhX,stage3_only,294,295.0
ZINCf5000000936i,stage3_only,295,296.0
ZINCf5000000YbNq,stage3_only,296,297.0
ZINCf50000017N06,stage3_only,297,298.0
ZINCf5000002rwt8,stage3_only,298,299.0
ZINCf500000206o9,stage3_only,299,300.0
ZINCf50000009FOq,stage3_only,300,301.0
ZINCf5000002aQBR,stage3_only,301,302.0
ZINCf5000002myMR,stage3_only,302,303.0
ZINCf5000002s2ww,stage3_only,303,304.0
ZINCf5000002armR,stage3_only,304,305.0
ZINCf5000001qm5O,stage3_only,305,306.0
ZINCf5000001sFyK,stage3_only,306,307.0
ZINCf5000001y9DS,stage3_only,307,308.0
ZINCf5000002dQCW,stage3_only,308,309.5
ZINCf5000002qxIx,stage3_only,308,309.5
ZINCf50000009ZnU,standard_3d_pharmacophore,0,1.0
ZINCf50000008MuT,standard_3d_pharmacophore,1,2.0
ZINCf500000091Oj,standard_3d_pharmacophore,2,3.0
ZINCf50000023t3V,standard_3d_pharmacophore,3,4.0
ZINCf5000002oC1u,standard_3d_pharmacophore,4,5.0
ZINCf5000002rPQz,standard_3d_pharmacophore,5,6.0
ZINCf5000000aguA,standard_3d_pharmacophore,6,7.0
ZINCf50000027xxP,standard_3d_pharmacophore,7,8.0
ZINCf50000017AUR,standard_3d_pharmacophore,8,9.0
ZINCf50000009U67,standard_3d_pharmacophore,9,10.0
ZINCf50000008N08,standard_3d_pharmacophore,10,11.0
ZINCf5000002mHDq,standard_3d_pharmacophore,11,12.0
CHEMBL3407579,standard_3d_pharmacophore,12,13.0
ZINCf50000018cs2,standard_3d_pharmacophore,13,14.0
ZINCf50000028NzI,standard_3d_pharmacophore,14,15.0
ZINCf5000002ru8s,standard_3d_pharmacophore,15,16.0
ZINCf50000008Gu8,standard_3d_pharmacophore,16,17.0
ZINCf50000009ZfR,standard_3d_pharmacophore,17,18.0
ZINCf5000001V3uo,standard_3d_pharmacophore,18,19.0
ZINCf50000009LWV,standard_3d_pharmacophore,19,20.0
ZINCf50000009Aos,standard_3d_pharmacophore,20,21.0
ZINCf5000000as8f,standard_3d_pharmacophore,21,22.0
ZINCf500000090y4,standard_3d_pharmacophore,22,23.0
ZINCf50000009UcH,standard_3d_pharmacophore,23,24.0
ZINCf50000017L7N,standard_3d_pharmacophore,24,25.0
ZINCf50000009UOR,standard_3d_pharmacophore,25,26.0
ZINCf50000017LMW,standard_3d_pharmacophore,26,27.0
ZINCf50000009UCC,standard_3d_pharmacophore,27,28.0
ZINCf5000000VZfJ,standard_3d_pharmacophore,28,29.0
ZINCf5000002e2dg,standard_3d_pharmacophore,29,30.0
ZINCf5000002mv37,standard_3d_pharmacophore,30,31.0
ZINCf50000028kMc,standard_3d_pharmacophore,31,32.0
ZINCf50000009MFI,standard_3d_pharmacophore,32,33.0
ZINCf50000009u6R,standard_3d_pharmacophore,33,34.0
ZINCf50000017LMX,standard_3d_pharmacophore,34,35.0
ZINCf5000002rb06,standard_3d_pharmacophore,35,36.0
ZINCf5000000amZV,standard_3d_pharmacophore,36,37.0
ZINCf5000001XGaU,standard_3d_pharmacophore,37,38.0
ZINCf5000000VZ1e,standard_3d_pharmacophore,38,39.0
CHEMBL5921912,standard_3d_pharmacophore,39,40.0
ZINCf500000090KH,standard_3d_pharmacophore,40,41.0
ZINCf50000017VL8,standard_3d_pharmacophore,41,42.0
ZINCf500000094km,standard_3d_pharmacophore,42,43.0
ZINCf50000017WSs,standard_3d_pharmacophore,43,44.0
ZINCf5000000aloK,standard_3d_pharmacophore,44,45.0
CHEMBL4102803,standard_3d_pharmacophore,45,46.0
ZINCf50000024dVA,standard_3d_pharmacophore,46,47.0
CHEMBL5883242,standard_3d_pharmacophore,47,48.0
ZINCf500000260cr,standard_3d_pharmacophore,48,49.0
ZINCf50000008E2h,standard_3d_pharmacophore,49,50.0
ZINCf5000000auKc,standard_3d_pharmacophore,50,51.0
ZINCf50000017vaC,standard_3d_pharmacophore,51,52.0
ZINCf5000002s0Ez,standard_3d_pharmacophore,52,53.0
ZINCf500000091pC,standard_3d_pharmacophore,53,54.0
ZINCf5000000aofl,standard_3d_pharmacophore,54,55.0
ZINCf50000028CXX,standard_3d_pharmacophore,55,56.0
ZINCf50000017Bo0,standard_3d_pharmacophore,56,57.0
ZINCf5000002oGxA,standard_3d_pharmacophore,57,58.0
ZINCf50000024N07,standard_3d_pharmacophore,58,59.0
ZINCf5000002aTEW,standard_3d_pharmacophore,59,60.0
ZINCf5000000Vnj5,standard_3d_pharmacophore,60,61.0
ZINCf5000002eaNP,standard_3d_pharmacophore,61,62.0
CHEMBL5879668,standard_3d_pharmacophore,62,63.0
ZINCf5000000VlpG,standard_3d_pharmacophore,63,64.0
ZINCf5000002emMG,standard_3d_pharmacophore,64,65.0
ZINCf5000000Vlgb,standard_3d_pharmacophore,65,66.0
ZINCf5000000a4N3,standard_3d_pharmacophore,66,67.0
ZINCf50000027fjf,standard_3d_pharmacophore,67,68.0
ZINCf5000000aloJ,standard_3d_pharmacophore,68,69.0
ZINCf500000262Yb,standard_3d_pharmacophore,69,70.0
ZINCf50000008FqE,standard_3d_pharmacophore,70,71.0
ZINCf5000002oHw2,standard_3d_pharmacophore,71,72.0
ZINCf5000002ru41,standard_3d_pharmacophore,72,73.0
ZINCf5000002dEhE,standard_3d_pharmacophore,73,74.0
ZINCf50000009ulF,standard_3d_pharmacophore,74,75.0
ZINCf5000000Zz1e,standard_3d_pharmacophore,75,76.0
ZINCf5000000aqQc,standard_3d_pharmacophore,76,77.0
ZINCf50000027kAm,standard_3d_pharmacophore,77,78.0
ZINCf5000002myLk,standard_3d_pharmacophore,78,79.0
ZINCf5000002rvJM,standard_3d_pharmacophore,79,80.0
ZINCf50000017wdb,standard_3d_pharmacophore,80,81.0
ZINCf50000017JyP,standard_3d_pharmacophore,81,82.0
ZINCf5000002qPRB,standard_3d_pharmacophore,82,83.0
ZINCf50000009AET,standard_3d_pharmacophore,83,84.0
ZINCf5000001A1LB,standard_3d_pharmacophore,84,85.0
ZINCf500000091sp,standard_3d_pharmacophore,85,86.0
ZINCf50000009ujW,standard_3d_pharmacophore,86,87.0
ZINCf50000025mCr,standard_3d_pharmacophore,87,88.0
ZINCf50000009wAP,standard_3d_pharmacophore,88,89.0
ZINCf50000009AIT,standard_3d_pharmacophore,89,90.0
ZINCf5000000axnZ,standard_3d_pharmacophore,90,91.0
ZINCf500000091IM,standard_3d_pharmacophore,91,92.0
ZINCf5000000atn8,standard_3d_pharmacophore,92,93.0
ZINCf50000008TKQ,standard_3d_pharmacophore,93,94.0
ZINCf50000026TVY,standard_3d_pharmacophore,94,95.0
ZINCf50000024W6j,standard_3d_pharmacophore,95,96.0
ZINCf50000009HnH,standard_3d_pharmacophore,96,97.0
ZINCf50000029civ,standard_3d_pharmacophore,97,98.0
ZINCf50000009pDT,standard_3d_pharmacophore,98,99.0
ZINCf50000009G31,standard_3d_pharmacophore,99,100.0
ZINCf5000002sfMO,standard_3d_pharmacophore,100,101.0
ZINCf5000000S7rD,standard_3d_pharmacophore,101,102.0
ZINCf50000009BsN,standard_3d_pharmacophore,102,103.0
ZINCf50000009LXr,standard_3d_pharmacophore,103,104.0
ZINCf5000000Vn0X,standard_3d_pharmacophore,104,105.0
ZINCf5000000atl4,standard_3d_pharmacophore,105,106.0
ZINCf50000029zy9,standard_3d_pharmacophore,106,107.0
ZINCf5000002dEwn,standard_3d_pharmacophore,107,108.0
ZINCf5000001tN8K,standard_3d_pharmacophore,108,109.0
ZINCf5000000aloI,standard_3d_pharmacophore,109,110.0
CHEMBL3653239,standard_3d_pharmacophore,110,111.0
ZINCf5000000Zu2d,standard_3d_pharmacophore,111,112.0
ZINCf5000002rPNH,standard_3d_pharmacophore,112,113.0
ZINCf5000002rNZq,standard_3d_pharmacophore,113,114.0
ZINCf5000001pvAi,standard_3d_pharmacophore,114,115.0
ZINCf5000000S4XZ,standard_3d_pharmacophore,115,116.0
ZINCf50000025g15,standard_3d_pharmacophore,116,117.0
ZINCf5000001DljD,standard_3d_pharmacophore,117,118.0
CHEMBL5989834,standard_3d_pharmacophore,118,119.0
ZINCf5000002anJ3,standard_3d_pharmacophore,119,120.0
ZINCf5000000VZ0I,standard_3d_pharmacophore,120,121.0
ZINCf5000000Vn0E,standard_3d_pharmacophore,121,122.0
ZINCf5000002acJI,standard_3d_pharmacophore,122,123.0
ZINCf50000009H33,standard_3d_pharmacophore,123,124.0
ZINCf5000000avJT,standard_3d_pharmacophore,124,125.0
ZINCf5000002aUsU,standard_3d_pharmacophore,125,126.0
ZINCf50000017PTU,standard_3d_pharmacophore,126,127.0
ZINCf50000008T08,standard_3d_pharmacophore,127,128.0
ZINCf50000008PQx,standard_3d_pharmacophore,128,129.0
ZINCf5000002oIFK,standard_3d_pharmacophore,129,130.0
CHEMBL5913446,standard_3d_pharmacophore,130,131.0
ZINCf5000000S4Wj,standard_3d_pharmacophore,131,132.0
ZINCf5000001TvEm,standard_3d_pharmacophore,132,133.0
ZINCf5000000981C,standard_3d_pharmacophore,133,134.0
ZINCf5000002sfL9,standard_3d_pharmacophore,134,135.0
ZINCf50000029Pki,standard_3d_pharmacophore,135,136.0
ZINCf500000094Mg,standard_3d_pharmacophore,136,137.0
ZINCf5000000asm1,standard_3d_pharmacophore,137,138.0
ZINCf5000002s57x,standard_3d_pharmacophore,138,139.0
ZINCf50000008TsN,standard_3d_pharmacophore,139,140.0
ZINCf50000008Tpg,standard_3d_pharmacophore,140,141.0
ZINCf50000009Edz,standard_3d_pharmacophore,141,142.0
ZINCf5000000atn7,standard_3d_pharmacophore,142,143.0
ZINCf50000008TFn,standard_3d_pharmacophore,143,144.0
ZINCf5000001oH0e,standard_3d_pharmacophore,144,145.0
ZINCf5000000alHu,standard_3d_pharmacophore,145,146.0
ZINCf50000008PnV,standard_3d_pharmacophore,146,147.0
ZINCf5000000a5P4,standard_3d_pharmacophore,147,148.0
ZINCf5000000S7uO,standard_3d_pharmacophore,148,149.0
ZINCf5000002s99t,standard_3d_pharmacophore,149,150.0
ZINCf5000000S58O,standard_3d_pharmacophore,150,151.0
ZINCf5000000Vl6O,standard_3d_pharmacophore,151,152.0
ZINCf50000008THz,standard_3d_pharmacophore,152,153.0
ZINCf50000009nBd,standard_3d_pharmacophore,153,154.0
ZINCf5000000aqei,standard_3d_pharmacophore,154,155.0
ZINCf50000009xNF,standard_3d_pharmacophore,155,156.0
ZINCf50000009fgg,standard_3d_pharmacophore,156,157.0
ZINCf50000008FwI,standard_3d_pharmacophore,157,158.0
ZINCf50000017Pvr,standard_3d_pharmacophore,158,159.0
ZINCf5000002oIq2,standard_3d_pharmacophore,159,160.0
ZINCf5000002dYYs,standard_3d_pharmacophore,160,161.0
ZINCf50000008LDR,standard_3d_pharmacophore,161,162.0
ZINCf5000000S6Kn,standard_3d_pharmacophore,162,163.0
ZINCf50000017I9l,standard_3d_pharmacophore,163,164.0
ZINCf5000002eaMn,standard_3d_pharmacophore,164,165.0
ZINCf5000000Zrm2,standard_3d_pharmacophore,165,166.0
ZINCf50000009ITp,standard_3d_pharmacophore,166,167.0
ZINCf50000024C21,standard_3d_pharmacophore,167,168.0
ZINCf5000000asEJ,standard_3d_pharmacophore,168,169.0
ZINCf5000002r2Ks,standard_3d_pharmacophore,169,170.0
ZINCf50000009kau,standard_3d_pharmacophore,170,171.0
ZINCf5000000axSu,standard_3d_pharmacophore,171,172.0
ZINCf5000000VZ2u,standard_3d_pharmacophore,172,173.0
ZINCf5000002dqDb,standard_3d_pharmacophore,173,174.0
ZINCf50000009Zzc,standard_3d_pharmacophore,174,175.0
ZINCf50000009Hhg,standard_3d_pharmacophore,175,176.0
ZINCf50000026aCQ,standard_3d_pharmacophore,176,177.0
ZINCf5000001sSgR,standard_3d_pharmacophore,177,178.0
ZINCf5000002dq88,standard_3d_pharmacophore,178,179.0
ZINCf50000008Tyq,standard_3d_pharmacophore,179,180.0
ZINCf5000000ajo9,standard_3d_pharmacophore,180,181.0
ZINCf500000091AO,standard_3d_pharmacophore,181,182.0
ZINCf50000028TAZ,standard_3d_pharmacophore,182,183.0
ZINCf50000017sZp,standard_3d_pharmacophore,183,184.0
ZINCf50000017nnX,standard_3d_pharmacophore,184,185.0
ZINCf5000000Yb07,standard_3d_pharmacophore,185,186.0
ZINCf5000002efJk,standard_3d_pharmacophore,186,187.0
ZINCf5000002dSCQ,standard_3d_pharmacophore,187,188.0
ZINCf5000000ajs3,standard_3d_pharmacophore,188,189.0
ZINCf50000024fnB,standard_3d_pharmacophore,189,190.0
ZINCf5000000Zt92,standard_3d_pharmacophore,190,191.0
ZINCf50000017saR,standard_3d_pharmacophore,191,192.0
ZINCf5000002rFi2,standard_3d_pharmacophore,192,193.0
ZINCf5000002qVkX,standard_3d_pharmacophore,193,194.0
ZINCf50000028nMV,standard_3d_pharmacophore,194,195.0
ZINCf50000009XeK,standard_3d_pharmacophore,195,196.0
ZINCf50000024KJR,standard_3d_pharmacophore,196,197.0
ZINCf50000029ZxW,standard_3d_pharmacophore,197,198.0
ZINCf5000002rFlk,standard_3d_pharmacophore,198,199.0
ZINCf50000009skC,standard_3d_pharmacophore,199,200.0
ZINCf50000008TrA,standard_3d_pharmacophore,200,201.0
ZINCf50000028GQR,standard_3d_pharmacophore,201,202.0
ZINCf5000002aSeh,standard_3d_pharmacophore,202,203.0
ZINCf5000002dmbV,standard_3d_pharmacophore,203,204.0
ZINCf5000002dJeP,standard_3d_pharmacophore,204,205.0
ZINCf5000000VZiS,standard_3d_pharmacophore,205,206.0
ZINCf50000009slJ,standard_3d_pharmacophore,206,207.0
ZINCf5000002muQN,standard_3d_pharmacophore,207,208.0
ZINCf5000000a4ro,standard_3d_pharmacophore,208,209.0
ZINCf5000000VkUX,standard_3d_pharmacophore,209,210.0
ZINCf5000002eaMm,standard_3d_pharmacophore,210,211.0
ZINCf500000184cO,standard_3d_pharmacophore,211,212.0
ZINCf5000000Vn0I,standard_3d_pharmacophore,212,213.0
ZINCf5000002rvaq,standard_3d_pharmacophore,213,214.0
ZINCf50000008Nsv,standard_3d_pharmacophore,214,215.0
ZINCf50000017U6k,standard_3d_pharmacophore,215,216.0
ZINCf5000002qYJg,standard_3d_pharmacophore,216,217.0
ZINCf5000000a5Jc,standard_3d_pharmacophore,217,218.0
ZINCf50000009098,standard_3d_pharmacophore,218,219.0
ZINCf50000009kbh,standard_3d_pharmacophore,219,220.0
ZINCf50000009vDx,standard_3d_pharmacophore,220,221.0
ZINCf50000009jED,standard_3d_pharmacophore,221,222.0
ZINCf50000009NQ1,standard_3d_pharmacophore,222,223.0
ZINCf50000017Zn7,standard_3d_pharmacophore,223,224.0
ZINCf5000002rteZ,standard_3d_pharmacophore,224,225.0
ZINCf5000001ui70,standard_3d_pharmacophore,225,226.0
ZINCf5000000WClS,standard_3d_pharmacophore,226,227.0
ZINCf5000002angl,standard_3d_pharmacophore,227,228.0
ZINCf5000000ZxEo,standard_3d_pharmacophore,228,229.0
ZINCf5000001wzZ7,standard_3d_pharmacophore,229,230.0
ZINCf5000002qYJv,standard_3d_pharmacophore,230,231.0
ZINCf50000009GBn,standard_3d_pharmacophore,231,232.0
ZINCf5000000adGO,standard_3d_pharmacophore,232,233.0
ZINCf5000002rwb1,standard_3d_pharmacophore,233,234.0
ZINCf50000017zaD,standard_3d_pharmacophore,234,235.0
ZINCf5000001G1iO,standard_3d_pharmacophore,235,236.0
ZINCf5000002e1qA,standard_3d_pharmacophore,236,237.0
ZINCf5000002rVzz,standard_3d_pharmacophore,237,238.0
ZINCf5000002scMB,standard_3d_pharmacophore,238,239.0
ZINCf500000184mH,standard_3d_pharmacophore,239,240.0
ZINCf50000008FGW,standard_3d_pharmacophore,240,241.0
ZINCf5000000Wzr6,standard_3d_pharmacophore,241,242.0
CHEMBL3693969,standard_3d_pharmacophore,242,243.0
ZINCf50000009Y74,standard_3d_pharmacophore,243,244.0
ZINCf5000002rq2K,standard_3d_pharmacophore,244,245.0
ZINCf5000002rkb9,standard_3d_pharmacophore,245,246.0
ZINCf5000000ady2,standard_3d_pharmacophore,246,247.0
ZINCf5000002qZGh,standard_3d_pharmacophore,247,248.0
ZINCf5000002eiNd,standard_3d_pharmacophore,248,249.0
ZINCf500000189OD,standard_3d_pharmacophore,249,250.0
ZINCf50000017sSN,standard_3d_pharmacophore,250,251.0
ZINCf500000187i8,standard_3d_pharmacophore,251,252.0
ZINCf500000183co,standard_3d_pharmacophore,252,253.0
ZINCf5000000a959,standard_3d_pharmacophore,253,254.0
ZINCf50000018dKA,standard_3d_pharmacophore,254,255.0
ZINCf5000002dQCW,standard_3d_pharmacophore,255,256.0
CHEMBL378100,standard_3d_pharmacophore,256,257.0
ZINCf5000000aiZh,standard_3d_pharmacophore,257,258.0
ZINCf5000002aKDa,standard_3d_pharmacophore,258,259.0
ZINCf5000000aswG,standard_3d_pharmacophore,259,260.0
ZINCf50000017QiB,standard_3d_pharmacophore,260,261.0
ZINCf50000017B0q,standard_3d_pharmacophore,261,262.0
ZINCf50000018442,standard_3d_pharmacophore,262,263.0
ZINCf5000002qxIx,standard_3d_pharmacophore,263,264.0
ZINCf5000000YbNN,standard_3d_pharmacophore,264,265.0
ZINCf50000008U3J,standard_3d_pharmacophore,265,266.0
ZINCf5000000axRX,standard_3d_pharmacophore,266,267.0
ZINCf50000017CZv,standard_3d_pharmacophore,267,268.0
ZINCf50000017QzM,standard_3d_pharmacophore,268,269.0
ZINCf50000017Blk,standard_3d_pharmacophore,269,270.0
ZINCf5000001Oti9,standard_3d_pharmacophore,270,271.0
ZINCf5000000ZwRE,standard_3d_pharmacophore,271,272.0
ZINCf50000009ENd,standard_3d_pharmacophore,272,273.0
ZINCf5000000ZxFj,standard_3d_pharmacophore,273,274.0
ZINCf5000000as8i,standard_3d_pharmacophore,274,275.0
ZINCf5000000ae2p,standard_3d_pharmacophore,275,276.0
ZINCf50000017p9i,standard_3d_pharmacophore,276,277.0
ZINCf5000000aicI,standard_3d_pharmacophore,277,278.0
ZINCf50000017RUw,standard_3d_pharmacophore,278,279.0
ZINCf5000002qsQM,standard_3d_pharmacophore,279,280.0
ZINCf50000017CmY,standard_3d_pharmacophore,280,281.0
ZINCf50000009y0U,standard_3d_pharmacophore,281,282.0
ZINCf50000008OyQ,standard_3d_pharmacophore,282,283.0
ZINCf500000181pp,standard_3d_pharmacophore,283,284.0
ZINCf5000002aspg,standard_3d_pharmacophore,284,285.0
ZINCf5000000an5W,standard_3d_pharmacophore,285,286.0
ZINCf50000008Qcv,standard_3d_pharmacophore,286,287.0
ZINCf5000002rwmk,standard_3d_pharmacophore,287,288.0
ZINCf5000000a0u4,standard_3d_pharmacophore,288,289.0
ZINCf5000000S76T,standard_3d_pharmacophore,289,290.0
ZINCf50000026qzT,standard_3d_pharmacophore,290,291.0
ZINCf5000002qy1u,standard_3d_pharmacophore,291,292.0
ZINCf5000002mzuw,standard_3d_pharmacophore,292,293.0
ZINCf5000002qSav,standard_3d_pharmacophore,293,294.0
ZINCf5000002aOJy,standard_3d_pharmacophore,294,295.0
ZINCf5000002s767,standard_3d_pharmacophore,295,296.0
ZINCf5000002aOhX,standard_3d_pharmacophore,296,297.0
ZINCf5000000936i,standard_3d_pharmacophore,297,298.0
ZINCf5000000YbNq,standard_3d_pharmacophore,298,299.0
ZINCf50000017N06,standard_3d_pharmacophore,299,300.0
ZINCf5000002rwt8,standard_3d_pharmacophore,300,301.0
ZINCf500000206o9,standard_3d_pharmacophore,301,302.0
ZINCf50000009FOq,standard_3d_pharmacophore,302,303.0
ZINCf5000002aQBR,standard_3d_pharmacophore,303,304.0
ZINCf5000002myMR,standard_3d_pharmacophore,304,305.0
ZINCf5000002s2ww,standard_3d_pharmacophore,305,306.0
ZINCf5000002armR,standard_3d_pharmacophore,306,307.0
ZINCf5000001qm5O,standard_3d_pharmacophore,307,308.0
ZINCf5000001sFyK,standard_3d_pharmacophore,308,309.0
ZINCf5000001y9DS,standard_3d_pharmacophore,309,310.0
