feature_id,residue_label,family,atom_names,x,y,z,contact_distance_angstrom,weight
SER17_polar,SER17,polar,OG,107.0199966430664,146.49899291992188,105.28600311279297,2.462,2.137713
ASP15_anion,ASP15,anion,OD1;OD2,115.0260009765625,143.20850372314453,110.73699951171875,2.621,1.979093
SER14_polar,SER14,polar,OG,109.16100311279297,144.072998046875,111.22699737548828,2.725,1.875393
GLU9_anion,GLU9,anion,OE1;OE2,110.87049865722656,131.1030044555664,107.9015007019043,2.759,1.841202
GLU21_anion,GLU21,anion,OE1;OE2,106.17000198364258,152.5709991455078,103.85599899291992,2.961,1.639234
ARG36_cation,ARG36,cation,NE;NH1;NH2,102.62666575113933,168.53966776529947,93.25333404541016,2.997,1.603173
THR13_polar,THR13,polar,OG1,108.63600158691406,138.23199462890625,105.91799926757812,3.089,1.511188
SER18_polar,SER18,polar,OG,110.2239990234375,147.81900024414062,109.72100067138672,3.11,1.489707
HIS7_aromatic,HIS7,aromatic,CG;ND1;CD2;CE1;NE2,107.17760009765625,133.52259826660156,111.88679809570313,3.116,1.484061
HIS7_cation,HIS7,cation,ND1;NE2,107.07049942016602,133.64550018310547,111.55449676513672,3.116,1.484061
TRP31_aromatic,TRP31,aromatic,CG;CD1;CD2;NE1;CE2;CE3;CZ2;CZ3;CH2,106.59588962131076,163.46277533637152,92.28722212049696,3.123,1.477063
ILE29_hydrophobe,ILE29,hydrophobe,CB;CG1;CG2;CD1,111.82875061035156,164.0762481689453,100.9000015258789,3.134,1.465511
GLU27_anion,GLU27,anion,OE1;OE2,112.20000076293945,154.84650421142578,94.7405014038086,3.244,1.35564
VAL33_hydrophobe,VAL33,hydrophobe,CB;CG1;CG2,115.00066884358723,167.79266866048178,95.95666758219402,3.314,1.286393
TYR19_polar,TYR19,polar,OH,118.46600341796875,149.90699768066406,100.87000274658203,3.357,1.242822
PHE12_aromatic,PHE12,aromatic,CG;CD1;CD2;CE1;CE2;CZ,115.00600051879883,138.61233774820963,104.65783437093098,3.36,1.239812
ALA8_hydrophobe,ALA8,hydrophobe,CB,113.9540023803711,133.31900024414062,110.77400207519531,3.447,1.153179
PHE28_aromatic,PHE28,aromatic,CG;CD1;CD2;CE1;CE2;CZ,106.29816436767578,162.68349965413412,98.88866678873698,3.454,1.146285
LEU32_hydrophobe,LEU32,hydrophobe,CG;CD1;CD2,107.7826665242513,166.27933756510416,97.5546646118164,3.528,1.072244
TYR19_aromatic,TYR19,aromatic,CG;CD1;CD2;CE1;CE2;CZ,116.75833257039388,149.10049947102866,102.87166849772136,3.591,1.009399
ALA24_hydrophobe,ALA24,hydrophobe,CB,109.19100189208984,154.25399780273438,99.3949966430664,3.657,0.94342
THR11_polar,THR11,polar,OG1,112.0459976196289,137.49099731445312,113.375,3.731,0.868564
VAL16_hydrophobe,VAL16,hydrophobe,CB;CG1;CG2,112.56266530354817,142.82366434733072,103.23799896240234,3.805,0.795245
LEU20_hydrophobe,LEU20,hydrophobe,CG;CD1;CD2,112.41099802652995,147.2259979248047,100.20900217692058,3.954,0.646191
ALA25_hydrophobe,ALA25,hydrophobe,CB,110.1729965209961,158.09300231933594,103.10800170898438,4.008,0.591749
LYS26_cation,LYS26,cation,NZ,117.39600372314453,157.50999450683594,99.47100067138672,4.357,0.242848
