ligand_id,label,canonical_smiles,chembl_id,pref_name,potency_value,potency_type,assay_description,murcko_scaffold,matched_active_ligand_id,property_distance,max_active_tanimoto,mw,logp,tpsa,hbd,hba,rotatable_bonds,formal_charge,full_cascade_rank,full_cascade_score,full_cascade_status,native_only_rank,native_only_score,native_only_status,stage3_only_rank,stage3_only_score,stage3_only_status,standard_3d_pharmacophore_rank,standard_3d_pharmacophore_score,standard_3d_pharmacophore_status
CHEMBL463811,active,CC(C)C[C@H](NC(=O)Cn1ccc2cc(NS(=O)(=O)c3cccc4cccnc34)ccc21)C(=O)O,CHEMBL463811,CHEMBL463811,178.0,EC50,Agonist activity at NTR1 expressed in CHOK1 cells by calcium mobilization assay,O=S(=O)(Nc1ccc2[nH]ccc2c1)c1cccc2cccnc12,,,,494.57300000000026,3.605800000000001,130.39,3,6,9,0,4,82.68542415239115,scored,5,82.68542415239115,scored,1,15.994255419481494,stage3_scored,1,15.994255419481494,aligned
CHEMBL294989,active,CC(C)CC(NC(=O)OCC1c2ccccc2-c2ccccc21)C(=O)O,CHEMBL294989,CHEMBL294989,216.0,EC50,Agonist activity at NTR1 expressed in CHOK1 cells by calcium mobilization assay,c1ccc2c(c1)Cc1ccccc1-2,,,,353.41800000000006,4.024400000000003,75.63,2,3,6,0,44,,hotspot_filtered,16,61.877308079134906,scored,44,,hotspot_filtered,118,11.190288613944364,aligned
CHEMBL462830,active,COc1ccccc1-c1cc(C(=O)N[C@@H](CC(C)C)C(=O)O)nn1-c1ccnc2cc(Cl)ccc12,CHEMBL462830,CHEMBL462830,220.0,EC50,Agonist activity at NTR1 expressed in CHOK1 cells by calcium mobilization assay,c1ccc(-c2ccnn2-c2ccnc3ccccc23)cc1,,,,492.96300000000014,4.978600000000004,106.34,2,6,8,0,3,82.68542415239115,scored,4,82.68542415239115,scored,5,13.558837317587557,stage3_scored,7,13.558837317587557,aligned
CHEMBL2431120,active,COc1cc2nc(C3CC3)nc(N3CCN(c4ccccc4OC)CC3)c2cc1OC,CHEMBL2431120,CHEMBL2431120,2000.0,EC50,Agonist activity at NTR1 (unknown origin) expressed in human U2OS cells coexpressing beta-arrestin by GFP reporter gene assay,c1ccc(N2CCN(c3nc(C4CC4)nc4ccccc34)CC2)cc1,,,,420.51300000000026,3.859600000000003,59.95000000000002,0,7,6,0,7,58.30407578517147,scored,22,58.30407578517147,scored,4,14.024965266782358,stage3_scored,4,14.024965266782358,aligned
CHEMBL3315193,active,CC(C)C[C@H](NC(=O)Cn1ccc2cc(-c3cnc4ccccc4c3)ccc21)C(=O)O,CHEMBL3315193,CHEMBL3315193,2050.0,EC50,Agonist activity at NTSR1 (unknown origin) expressed in CHO cells assessed as potentiation of NT(8-13) peptide-induced change in intracellular Ca2+ level preincubated for 45 mins by FLIPR assay,c1ccc2ncc(-c3ccc4[nH]ccc4c3)cc2c1,,,,415.4930000000001,4.472000000000002,84.22,2,4,7,0,1,82.68542415239115,scored,1,82.68542415239115,scored,3,15.061202274773407,stage3_scored,3,15.061202274773407,aligned
CHEMBL3099769,active,COc1cccc(OC)c1-c1nc(C(=O)N[C@@H](CC(C)C)C(=O)O)cn1-c1cccc2ccccc12,CHEMBL3099769,CHEMBL3099769,2300.0,EC50,Agonist activity at NTR1 in human U2OS cells after 1 hr by beta-arrestin GFP reporter gene assay,c1ccc(-c2nccn2-c2cccc3ccccc23)cc1,,,,487.5560000000002,4.938800000000004,102.68,2,6,9,0,5,68.49771632385236,scored,8,68.49771632385236,scored,6,12.814420981139245,stage3_scored,22,12.814420981139245,aligned
CHEMBL3315203,active,CC(C)C[C@H](NC(=O)Cn1ccc2cc(-c3cncc4ccccc34)ccc21)C(=O)O,CHEMBL3315203,CHEMBL3315203,3240.0,EC50,Agonist activity at NTSR1 (unknown origin) expressed in CHO cells assessed as potentiation of NT(8-13) peptide-induced change in intracellular Ca2+ level preincubated for 45 mins by FLIPR assay,c1ccc2c(-c3ccc4[nH]ccc4c3)cncc2c1,,,,415.49300000000017,4.472000000000003,84.22,2,4,7,0,2,82.68542415239115,scored,2,82.68542415239115,scored,2,15.696065536984223,stage3_scored,2,15.696065536984223,aligned
CHEMBL1301125,active,COC(=O)C[C@]1(C(=O)OC)CN(C#N)N(c2ccc(Cl)cc2)C12c1ccccc1-c1ccccc12,CHEMBL1301125,CHEMBL1301125,3270.0,EC50,"PUBCHEM_BIOASSAY: Dose Response confirmation of Image-Based HTS for Selective Agonists for NTR1. (Class of assay: confirmatory) [Related pubchem assays (depositor defined):AID493036, AID493055]",c1ccc(N2NCCC23c2ccccc2-c2ccccc23)cc1,,,,487.94300000000015,4.504780000000004,82.87,0,7,4,0,6,58.30407578517147,scored,21,58.30407578517147,scored,9,10.30048922223707,stage3_scored,200,10.30048922223707,aligned
CHEMBL3315221,active,CC(C)C[C@H](NC(=O)Cn1ccc2ccc(-c3cnc4ccccc4c3)cc21)C(=O)O,CHEMBL3315221,CHEMBL3315221,3280.0,EC50,Agonist activity at NTSR1 (unknown origin) expressed in CHO cells assessed as potentiation of NT(8-13) peptide-induced change in intracellular Ca2+ level preincubated for 45 mins by FLIPR assay,c1ccc2ncc(-c3ccc4cc[nH]c4c3)cc2c1,,,,415.49300000000017,4.472000000000003,84.22,2,4,7,0,10,,chemistry_filtered,3,82.68542415239115,scored,10,,chemistry_filtered,278,,chemistry_filtered
CHEMBL1323442,active,CCOC(=O)c1c(C)[nH]c(C(=O)OCC(=O)Nc2sccc2C(N)=O)c1C,CHEMBL1323442,CHEMBL1323442,3350.0,EC50,"PUBCHEM_BIOASSAY: Dose Response confirmation of Image-Based HTS for Selective Agonists for NTR1. (Class of assay: confirmatory) [Related pubchem assays (depositor defined):AID493036, AID493055]",O=C(COC(=O)c1ccc[nH]1)Nc1cccs1,,,,393.4210000000001,1.7641400000000005,140.58,3,7,7,0,43,,hotspot_filtered,9,66.73165059135103,scored,43,,hotspot_filtered,5,14.009579818466008,aligned
ZINCf50000025AQY,decoy,CC[S@](=N)(=O)NC(=O)CNCCN=[N+]=[N-],,,,,,,CHEMBL463811,6.534100000000006,0.1232876712328767,234.285,-0.01583,130.81000000000003,3,5,7,0,18,,chemistry_filtered,192,45.68963875112742,scored,18,,chemistry_filtered,286,,chemistry_filtered
ZINCf50000009nzl,decoy,CNS(=O)(=O)CCCNC(=O)C1(Br)CC1,,,,,,C1CC1,CHEMBL294989,3.260013333333335,0.1066666666666666,299.19000000000005,-0.0306000000000004,75.27000000000001,2,3,6,0,124,,hotspot_filtered,145,45.9235345180948,scored,124,,hotspot_filtered,172,10.603080894361437,aligned
ZINCf5000002mHDq,decoy,O=S(=O)(CBr)NCCCNS(=O)(=O)CBr,,,,,,,CHEMBL462830,5.980933333333335,0.0833333333333333,388.10300000000007,-0.0798999999999998,92.34,2,4,8,0,280,,hotspot_filtered,264,42.35030222413134,scored,280,,hotspot_filtered,203,10.27199845296459,aligned
ZINCf5000002rVlZ,decoy,CN(C)CCOC(=O)Cn1cc(I)nn1,,,,,,c1c[nH]nn1,CHEMBL2431120,4.557310000000005,0.1392405063291139,324.122,-0.0125000000000004,60.25,0,6,5,0,295,,hotspot_filtered,218,43.88282494322431,scored,295,,hotspot_filtered,233,9.929334357465368,aligned
ZINCf5000002myLk,decoy,C[C@H](CNS(=O)(=O)CBr)NS(=O)(=O)CBr,,,,,,,CHEMBL3315193,3.634366666666668,0.1052631578947368,388.10300000000007,-0.0814999999999996,92.34,2,4,7,0,281,,hotspot_filtered,265,42.35030222413134,scored,281,,hotspot_filtered,179,10.56542709759248,aligned
ZINCf5000002mDhl,decoy,CSC[C@@H](CO)SCCS(=O)(=O)CCO,,,,,,,CHEMBL3099769,6.6466033333333385,0.0853658536585365,274.429,-0.1493999999999999,74.6,2,6,9,0,278,,hotspot_filtered,164,45.9235345180948,scored,278,,hotspot_filtered,202,10.286329194533703,aligned
ZINCf5000002dR2n,decoy,C=C(I)CC(=O)NCCS(=O)(=O)CCO,,,,,,,CHEMBL3315203,3.795523333333336,0.0987654320987654,347.1740000000001,-0.1515000000000003,83.47,2,4,7,0,263,,hotspot_filtered,160,45.9235345180948,scored,263,,hotspot_filtered,32,12.504669669592683,aligned
ZINCf50000009pVD,decoy,COC(=O)COC(=O)Cn1cc(I)nn1,,,,,,c1c[nH]nn1,CHEMBL1301125,4.916996666666671,0.1780821917808219,325.062,-0.4011000000000004,83.31,0,7,4,0,126,,hotspot_filtered,213,43.88282494322431,scored,126,,hotspot_filtered,149,10.771615502215711,aligned
ZINCf5000001pvAi,decoy,CC(C)NS(=O)(=O)CCNS(=O)(=O)CI,,,,,,,CHEMBL3315221,4.007990000000004,0.1168831168831168,370.2339999999999,-0.3738999999999994,92.34,2,4,7,0,231,,hotspot_filtered,256,42.35030222413134,scored,231,,hotspot_filtered,78,11.701901101988456,aligned
ZINCf5000003631Z,decoy,NOCCCSCc1cc(O)nc(O)n1,,,,,,c1cncnc1,CHEMBL1323442,4.593533333333334,0.1,231.27700000000004,0.4014,101.49,3,7,6,0,310,,hotspot_filtered,15,66.73165059135103,scored,310,,hotspot_filtered,111,11.297215804882685,aligned
ZINCf5000002eg50,decoy,[N-]=[N+]=NCCCC(=O)NOC[C@@H](O)CO,,,,,,,CHEMBL463811,6.629133333333335,0.1212121212121212,218.213,-0.5221000000000002,127.55000000000004,3,5,8,0,26,,chemistry_filtered,69,56.30411428570276,scored,26,,chemistry_filtered,294,,chemistry_filtered
ZINCf50000028LEi,decoy,CCS(=O)(=O)NCCNC(=O)[C@@H]1C[C@@H]1Br,,,,,,C1CC1,CHEMBL294989,3.356080000000002,0.1126760563380281,299.19,-0.1747000000000005,75.27000000000001,2,3,6,0,249,,hotspot_filtered,196,45.68963875112742,scored,249,,hotspot_filtered,167,10.649229426164023,aligned
ZINCf50000024dVA,decoy,Cc1noc([C@H](CO)NS(=O)(=O)CI)n1,,,,,,c1ncon1,CHEMBL462830,6.502610000000003,0.1428571428571428,347.134,-0.27668,105.32,2,6,5,0,241,,hotspot_filtered,38,58.30407578517147,scored,241,,hotspot_filtered,27,12.719827479275382,aligned
ZINCf5000000acCv,decoy,Cn1nnc(CSCCCS(C)(=O)=O)n1,,,,,,c1nn[nH]n1,CHEMBL2431120,5.067640000000004,0.0930232558139534,250.349,-0.1219999999999998,77.74,0,7,6,0,175,,hotspot_filtered,32,58.30407578517147,scored,175,,hotspot_filtered,108,11.324712942961908,aligned
ZINCf5000002qAQ7,decoy,C=C(Br)CC(=O)NCCS(=O)(=O)CCO,,,,,,,CHEMBL3315193,4.2922566666666695,0.0987654320987654,300.17400000000004,-0.1916000000000001,83.47,2,4,7,0,283,,hotspot_filtered,166,45.9235345180948,scored,283,,hotspot_filtered,31,12.541754100126395,aligned
ZINCf5000000Zz1e,decoy,OCCOCCOCCSc1nc[nH]n1,,,,,,c1nc[nH]n1,CHEMBL3099769,6.783763333333337,0.0972222222222222,233.29300000000003,-0.0777,80.26,2,6,9,0,171,,hotspot_filtered,17,61.14323800151604,scored,171,,hotspot_filtered,26,12.735187324826764,aligned
ZINCf5000002mDj1,decoy,CSCCNS(=O)(=O)C[C@@H]1C[C@@H]1C(=O)O,,,,,,C1CC1,CHEMBL3315203,4.639813333333338,0.123076923076923,253.345,-0.0105000000000002,83.47,2,4,7,0,279,,hotspot_filtered,165,45.9235345180948,scored,279,,hotspot_filtered,145,10.83379508999474,aligned
ZINCf5000000YaTM,decoy,CCOC(=O)C(=O)N(CCI)S(C)(=O)=O,,,,,,,CHEMBL1301125,5.627490000000004,0.1641791044776119,349.146,-0.2272999999999996,80.75,0,5,4,0,160,,hotspot_filtered,242,42.35030222413134,scored,160,,hotspot_filtered,224,10.064055861284867,aligned
ZINCf50000009nAl,decoy,CNS(=O)(=O)CCCNS(=O)(=O)C(Cl)Cl,,,,,,,CHEMBL3315221,4.731520000000003,0.0875,299.201,-0.3937000000000004,92.34,2,4,7,0,123,,hotspot_filtered,235,42.35030222413134,scored,123,,hotspot_filtered,157,10.71319245739101,aligned
ZINCf5000002rDJg,decoy,C[C@@H](O)CCONC(=O)[C@@H](N)CN=[N+]=[N-],,,,,,,CHEMBL1323442,4.599146666666668,0.1363636363636363,217.229,-0.5572999999999995,133.34,3,5,7,0,30,,chemistry_filtered,209,45.18946444047591,scored,30,,chemistry_filtered,298,,chemistry_filtered
ZINCf5000002s1mZ,decoy,CNOCCCNC(=O)[C@@H](N)CN=[N+]=[N-],,,,,,,CHEMBL463811,6.876280000000002,0.1159420289855072,216.245,-0.7186999999999988,125.14,3,5,8,0,42,,chemistry_filtered,211,45.18946444047591,scored,42,,chemistry_filtered,310,,chemistry_filtered
ZINCf5000002a4hN,decoy,CNS(=O)(=O)CCCNC(=O)[C@@H]1C[C@@H]1Br,,,,,,C1CC1,CHEMBL294989,3.356080000000002,0.1076923076923077,299.19,-0.1747000000000005,75.27000000000001,2,3,6,0,253,,hotspot_filtered,159,45.9235345180948,scored,253,,hotspot_filtered,210,10.19445580960626,aligned
ZINCf50000009GL0,decoy,CSCCS(=O)(=O)NC(=O)CSCCN,,,,,,,CHEMBL462830,6.549526666666669,0.1267605633802817,272.41700000000003,-0.5126999999999986,89.26,2,6,8,0,101,,hotspot_filtered,138,45.9235345180948,scored,101,,hotspot_filtered,190,10.492887352188776,aligned
ZINCf5000000acYe,decoy,Cn1nnnc1CSCCCS(C)(=O)=O,,,,,,c1nnn[nH]1,CHEMBL2431120,5.067640000000005,0.0930232558139534,250.349,-0.1220000000000003,77.74000000000001,0,7,6,0,177,,hotspot_filtered,34,58.30407578517147,scored,177,,hotspot_filtered,163,10.670641477656943,aligned
ZINCf50000009jTv,decoy,CNC(=O)COCCNS(=O)(=O)C(Cl)Cl,,,,,,,CHEMBL3315193,4.736280000000002,0.1269841269841269,279.145,-0.5703999999999996,84.5,2,4,7,0,121,,hotspot_filtered,292,35.49599821244653,scored,121,,hotspot_filtered,53,12.128544584201808,aligned
ZINCf5000000Vn0X,decoy,N#CSCCCNC(=O)COCC(=O)O,,,,,,,CHEMBL3099769,7.1037633333333385,0.1216216216216216,232.261,-0.1918200000000003,99.42,2,5,8,0,156,,hotspot_filtered,277,39.04370122741105,scored,156,,hotspot_filtered,248,9.653881455246257,aligned
ZINCf5000002e22i,decoy,CN(C)S(=O)(=O)CCCNS(=O)(=O)CI,,,,,,,CHEMBL3315203,4.74085666666667,0.0875,370.234,-0.4201999999999994,83.55000000000001,1,4,7,0,269,,hotspot_filtered,262,42.35030222413134,scored,269,,hotspot_filtered,146,10.812507514618089,aligned
ZINCf50000017DqO,decoy,CN(CCS(C)(=O)=O)c1nnc(C#N)s1,,,,,,c1nncs1,CHEMBL1301125,5.6555933333333375,0.1058823529411764,246.317,-0.1094199999999996,86.95,0,7,4,0,198,,hotspot_filtered,103,47.87653947952321,scored,198,,hotspot_filtered,241,9.780823651715773,aligned
ZINCf50000008Pur,decoy,CC(C)[C@H](NC=O)C(=O)NS(=O)(=O)CI,,,,,,,CHEMBL3315221,4.749110000000005,0.1475409836065573,348.162,-0.4045000000000001,92.34,2,4,6,0,54,,hotspot_filtered,228,42.35030222413134,scored,54,,hotspot_filtered,206,10.256569270570417,aligned
ZINCf50000026Fx1,decoy,[N-]=[N+]=NCCNCC(=O)Nc1nn[nH]n1,,,,,,c1nn[nH]n1,CHEMBL1323442,4.790480000000001,0.1466666666666666,211.189,-0.9619,144.35000000000002,3,6,6,0,19,,chemistry_filtered,19,61.14323800151604,scored,19,,chemistry_filtered,287,,chemistry_filtered
ZINCf50000027i1D,decoy,[N-]=[N+]=NCCC(=O)NCCCNCCO,,,,,,,CHEMBL463811,7.157826666666669,0.0972222222222222,215.257,-0.2249999999999999,110.12000000000002,3,4,9,0,22,,chemistry_filtered,66,56.30411428570276,scored,22,,chemistry_filtered,290,,chemistry_filtered
ZINCf50000008DZl,decoy,C=C(Br)CN(C)CCCNC(=O)C(N)=O,,,,,,,CHEMBL294989,3.5646800000000023,0.125,278.15,-0.1815999999999998,75.43,2,3,6,0,45,,hotspot_filtered,113,45.9235345180948,scored,45,,hotspot_filtered,259,9.258163730555658,aligned
ZINCf50000018cs2,decoy,O=S(=O)(CCCO)CCSc1nc[nH]n1,,,,,,c1nc[nH]n1,CHEMBL462830,6.8553666666666695,0.1309523809523809,251.333,-0.306,95.94,2,6,7,0,221,,hotspot_filtered,7,72.25788784674289,scored,221,,hotspot_filtered,18,12.857763076644586,aligned
ZINCf50000017HJE,decoy,COC(=O)C(C(=O)OC)N(C)CCSC,,,,,,,CHEMBL2431120,5.092346666666672,0.1578947368421052,235.305,-0.0042000000000002,55.84000000000001,0,6,6,0,199,,hotspot_filtered,294,35.49599821244653,scored,199,,hotspot_filtered,273,8.406498516859886,aligned
ZINCf500000092vj,decoy,CCONC(=O)CNS(=O)(=O)CC=CCl,,,,,,,CHEMBL3315193,4.763020000000002,0.1549295774647887,256.711,-0.2739999999999998,84.5,2,4,7,0,82,,hotspot_filtered,179,45.68963875112742,scored,82,,hotspot_filtered,254,9.450533319057952,aligned
ZINCf5000000adGO,decoy,N#CCCSCC(=O)NCCOCCN,,,,,,,CHEMBL3099769,7.119963333333338,0.12,231.32099999999997,-0.2752199999999992,88.14,2,5,9,0,179,,hotspot_filtered,279,39.04370122741105,scored,179,,hotspot_filtered,151,10.76177900539872,aligned
ZINCf50000009G2d,decoy,CS(=O)(=O)NCCC(=O)NOCC=CCl,,,,,,,CHEMBL3315203,4.763020000000004,0.1388888888888889,256.711,-0.2739999999999998,84.5,2,4,7,0,99,,hotspot_filtered,182,45.68963875112742,scored,99,,hotspot_filtered,137,10.990456257689074,aligned
ZINCf5000001onov,decoy,CS(=O)(=O)O[C@H]1CSC[C@H]1OS(C)(=O)=O,,,,,,C1CCSC1,CHEMBL1301125,5.6586466666666695,0.0967741935483871,276.357,-0.5771999999999999,86.74000000000001,0,7,4,0,230,,hotspot_filtered,255,42.35030222413134,scored,230,,hotspot_filtered,276,7.654462158175474,aligned
ZINCf5000002dD5F,decoy,C=C(Cl)CONC(=O)CNS(=O)(=O)CC,,,,,,,CHEMBL3315221,4.763020000000004,0.1594202898550724,256.711,-0.2740000000000002,84.5,2,4,7,0,257,,hotspot_filtered,197,45.68963875112742,scored,257,,hotspot_filtered,256,9.37057122225847,aligned
ZINCf5000000VnD5,decoy,OCCCCCC=Nn1c(O)nnc1O,,,,,,c1nnc[nH]1,CHEMBL1323442,4.890253333333335,0.0657894736842105,214.225,0.0758999999999999,103.76,3,7,6,0,157,,hotspot_filtered,55,56.30411428570276,scored,157,,hotspot_filtered,84,11.618268693718193,aligned
ZINCf5000000SMPn,decoy,C[C@H](N)CONC(=O)CSCCCCN,,,,,,,CHEMBL463811,7.194533333333336,0.140625,235.35299999999992,-0.1464999999999982,90.37,3,5,9,0,152,,hotspot_filtered,54,56.30411428570276,scored,152,,hotspot_filtered,258,9.270703108561456,aligned
ZINCf5000002e29Q,decoy,CNS(=O)(=O)CCNC(=O)CC(F)(F)Cl,,,,,,,CHEMBL294989,3.6690366666666687,0.1234567901234567,264.6809999999999,-0.1265000000000004,75.27000000000001,2,3,6,0,271,,hotspot_filtered,298,35.49599821244653,scored,271,,hotspot_filtered,220,10.12554698534052,aligned
ZINCf5000002s8fr,decoy,COC[C@@H](O)CONC(=O)CCC1N=N1,,,,,,C1N=N1,CHEMBL462830,6.887246666666671,0.140625,217.225,-0.3863999999999996,92.51,2,6,8,0,303,,hotspot_filtered,302,35.49599821244653,scored,303,,hotspot_filtered,253,9.47551880493646,aligned
ZINCf5000000azPG,decoy,c1nnnn1CCSC[C@H]1COCCO1,,,,,,c1nnnn1CCSCC1COCCO1,CHEMBL2431120,5.1785333333333385,0.0657894736842105,230.29299999999995,-0.1783000000000003,62.06,0,7,5,0,189,,hotspot_filtered,102,47.87653947952321,scored,189,,hotspot_filtered,261,9.1396117220868,aligned
ZINCf50000026oVS,decoy,CC(I)=CC(=O)NC[C@@H](O)CS(C)(=O)=O,,,,,,,CHEMBL3315193,4.796590000000001,0.1269841269841269,347.1740000000001,-0.1530999999999998,83.47,2,4,5,0,21,,chemistry_filtered,194,45.68963875112742,scored,21,,chemistry_filtered,289,,chemistry_filtered
ZINCf500000181o6,decoy,N#CCCCC(=O)NOCCOCCO,,,,,,,CHEMBL3099769,7.125070000000005,0.125,216.23699999999997,-0.26302,91.58,2,5,9,0,216,,hotspot_filtered,220,42.61693352137449,scored,216,,hotspot_filtered,164,10.661294169465744,aligned
ZINCf50000008NGb,decoy,CC(C)N(CCN)C(=O)CSCC(=O)O,,,,,,,CHEMBL3315203,4.816720000000004,0.1311475409836065,234.321,-9.99999999996004e-05,83.63,2,4,7,0,53,,hotspot_filtered,117,45.9235345180948,scored,53,,hotspot_filtered,212,10.174705214665757,aligned
ZINCf5000000a9iF,decoy,Cc1nnsc1CS(=O)(=O)CS(C)(=O)=O,,,,,,c1csnn1,CHEMBL1301125,5.784366666666671,0.1159420289855072,270.357,-0.23658,94.06,0,7,4,0,174,,hotspot_filtered,31,58.30407578517147,scored,174,,hotspot_filtered,52,12.133298195355716,aligned
ZINCf50000009IU9,decoy,C[C@@H](CCN)N(C)C(=O)CSCC(=O)O,,,,,,,CHEMBL3315221,4.816720000000004,0.1475409836065573,234.321,-9.99999999996004e-05,83.63,2,4,7,0,109,,hotspot_filtered,47,56.30411428570276,scored,109,,hotspot_filtered,19,12.846982724753904,aligned
ZINCf5000002aTEW,decoy,Nc1nonc1C(=O)NCCSCCO,,,,,,c1cnon1,CHEMBL1323442,4.935320000000003,0.1066666666666666,232.265,-0.8929,114.27,3,7,6,0,255,,hotspot_filtered,81,51.44977177348665,scored,255,,hotspot_filtered,14,12.94697266834357,aligned
ZINCf50000024kCv,decoy,[N-]=[N+]=NCCCCC(=O)NC[C@H](O)CO,,,,,,,CHEMBL463811,7.212386666666669,0.1076923076923077,216.241,-0.0636000000000001,118.32000000000002,3,4,8,0,16,,chemistry_filtered,65,56.30411428570276,scored,16,,chemistry_filtered,284,,chemistry_filtered
ZINCf50000025ld1,decoy,CN(CCS(N)(=O)=O)C(=S)NCCCCl,,,,,,,CHEMBL294989,3.680270000000002,0.1058823529411764,273.811,-0.2898999999999996,75.42999999999999,2,3,6,0,243,,hotspot_filtered,257,42.35030222413134,scored,243,,hotspot_filtered,269,8.693087303069246,aligned
ZINCf500000185c0,decoy,NOCCNC(=O)Cn1nc(Br)c(Br)n1,,,,,,c1cn[nH]n1,CHEMBL462830,6.897040000000003,0.1486486486486486,342.979,-0.1903999999999998,95.06,2,6,5,0,219,,hotspot_filtered,216,43.88282494322431,scored,219,,hotspot_filtered,66,11.858867305844708,aligned
ZINCf50000009w27,decoy,COCCSCCCn1nnn(C)c1=O,,,,,,O=c1[nH]nn[nH]1,CHEMBL2431120,5.203706666666671,0.1139240506329113,232.309,-0.2535000000000005,61.94,0,7,7,0,141,,hotspot_filtered,305,31.92276591848309,scored,141,,hotspot_filtered,170,10.61686267308127,aligned
ZINCf50000009KUh,decoy,C[C@@H](C[S@@](C)=O)NC(=O)CSCC(=O)O,,,,,,,CHEMBL3315193,4.841213333333337,0.1666666666666666,253.345,-0.3125999999999994,83.47,2,4,7,0,111,,hotspot_filtered,143,45.9235345180948,scored,111,,hotspot_filtered,91,11.574772884607414,aligned
ZINCf50000008TDx,decoy,CCCCS(=O)(=O)NC(=O)CSCCN,,,,,,,CHEMBL3099769,7.211523333333338,0.1408450704225352,254.37699999999995,-0.0755999999999993,89.26,2,5,8,0,58,,hotspot_filtered,121,45.9235345180948,scored,58,,hotspot_filtered,231,9.980546379633465,aligned
ZINCf500000093K2,decoy,CCSC[C@@H](C)NC(=O)CCS(N)(=O)=O,,,,,,,CHEMBL3315203,4.845560000000003,0.1481481481481481,254.37699999999995,-0.0771999999999991,89.25999999999999,2,4,7,0,83,,hotspot_filtered,131,45.9235345180948,scored,83,,hotspot_filtered,96,11.40652898929084,aligned
ZINCf500000181a2,decoy,Cn1nnnc1COC(=O)CP(C)(C)=O,,,,,,c1nnn[nH]1,CHEMBL1301125,5.807483333333337,0.1333333333333333,232.17999999999995,-0.1240000000000003,86.97,0,7,4,0,215,,hotspot_filtered,104,47.87653947952321,scored,215,,hotspot_filtered,12,13.023866630098144,aligned
ZINCf500000097FT,decoy,CC[C@H](CSC)NC(=O)CCS(N)(=O)=O,,,,,,,CHEMBL3315221,4.845560000000003,0.1358024691358024,254.37699999999995,-0.0771999999999991,89.25999999999999,2,4,7,0,87,,hotspot_filtered,134,45.9235345180948,scored,87,,hotspot_filtered,88,11.593718208700354,aligned
ZINCf5000002qsQM,decoy,CC1(C[C@@H](N)C(=O)NOCCCN)N=N1,,,,,,C1N=N1,CHEMBL1323442,4.955733333333335,0.123076923076923,215.257,-0.7175999999999987,115.09,3,6,7,0,287,,hotspot_filtered,201,45.68963875112742,scored,287,,hotspot_filtered,266,8.939612189600043,aligned
ZINCf5000002eg4T,decoy,[N-]=[N+]=NCCCC(=O)NC[C@@H](O)CCO,,,,,,,CHEMBL463811,7.212386666666669,0.0895522388059701,216.241,-0.0636000000000001,118.32000000000002,3,4,8,0,25,,chemistry_filtered,68,56.30411428570276,scored,25,,chemistry_filtered,293,,chemistry_filtered
ZINCf5000000907M,decoy,CCNS(=O)(=O)NCC[S@](=O)C(C)(C)C,,,,,,,CHEMBL294989,3.682583333333335,0.0886075949367088,256.393,-0.0224999999999993,75.27000000000001,2,3,6,0,71,,hotspot_filtered,231,42.35030222413134,scored,71,,hotspot_filtered,242,9.780684220328972,aligned
ZINCf500000091Oj,decoy,CCOCCS(=O)(=O)NO[C@@H](C)C(=O)O,,,,,,,CHEMBL462830,6.947780000000002,0.1833333333333333,241.265,-0.6529999999999994,101.93000000000002,2,5,8,0,79,,hotspot_filtered,128,45.9235345180948,scored,79,,hotspot_filtered,38,12.33698442786578,aligned
ZINCf50000008XuZ,decoy,CCN(CCSC)C(=O)Cn1cnnn1,,,,,,c1nnn[nH]1,CHEMBL2431120,5.220440000000004,0.1139240506329113,229.309,-0.1154000000000001,63.91,0,6,6,0,69,,hotspot_filtered,24,58.30407578517147,scored,69,,hotspot_filtered,251,9.549327279966285,aligned
ZINCf5000000990N,decoy,CC[C@H](SC)C(=O)NCCCS(N)(=O)=O,,,,,,,CHEMBL3315193,4.8455600000000025,0.1095890410958904,254.37699999999995,-0.0771999999999991,89.25999999999999,2,4,7,0,90,,hotspot_filtered,136,45.9235345180948,scored,90,,hotspot_filtered,196,10.337344270417772,aligned
ZINCf50000017Pd0,decoy,CSCCS(=O)(=O)NCCCCC(N)=O,,,,,,,CHEMBL3099769,7.211523333333338,0.1126760563380281,254.37699999999995,-0.0755999999999993,89.25999999999999,2,4,9,0,204,,hotspot_filtered,150,45.9235345180948,scored,204,,hotspot_filtered,93,11.54729957355695,aligned
ZINCf50000009GAN,decoy,CSCCCC(=O)NC[C@@H](C)S(N)(=O)=O,,,,,,,CHEMBL3315203,4.845560000000003,0.1341463414634146,254.377,-0.0771999999999991,89.25999999999999,2,4,7,0,100,,hotspot_filtered,137,45.9235345180948,scored,100,,hotspot_filtered,207,10.240909408573785,aligned
ZINCf5000000ZthQ,decoy,COCc1nc(Cc2ncn(C)n2)no1,,,,,,c1nc(Cc2ncon2)n[nH]1,CHEMBL1301125,5.994060000000005,0.144927536231884,209.20900000000003,-0.0646999999999999,78.86,0,7,4,0,167,,hotspot_filtered,98,47.87653947952321,scored,167,,hotspot_filtered,262,9.08719565640827,aligned
ZINCf50000009GYy,decoy,CSC[C@@H](C)NC(=O)CCCS(N)(=O)=O,,,,,,,CHEMBL3315221,4.845560000000003,0.15,254.37699999999995,-0.0771999999999991,89.25999999999999,2,4,7,0,103,,hotspot_filtered,139,45.9235345180948,scored,103,,hotspot_filtered,150,10.768552604380677,aligned
ZINCf5000000aiZh,decoy,NCCC[C@@H](N)Cc1nc(CCN)no1,,,,,,c1ncon1,CHEMBL1323442,4.968453333333335,0.0625,213.285,-0.8204999999999987,116.98,3,6,7,0,182,,hotspot_filtered,6,72.25788784674289,scored,182,,hotspot_filtered,100,11.38344904925077,aligned
ZINCf50000009H2Z,decoy,CSC[C@@H](O)CNCCCCS(N)(=O)=O,,,,,,,CHEMBL463811,7.225400000000003,0.0958904109589041,256.393,-0.6313999999999993,92.42,3,5,9,0,104,,hotspot_filtered,140,45.9235345180948,scored,104,,hotspot_filtered,30,12.624061363584016,aligned
ZINCf5000002dSIB,decoy,CCNS(=O)(=O)CCN[S@@](=O)C(C)(C)C,,,,,,,CHEMBL294989,3.682583333333335,0.0864197530864197,256.393,-0.0224999999999993,75.27000000000001,2,3,6,0,264,,hotspot_filtered,261,42.35030222413134,scored,264,,hotspot_filtered,236,9.902192910990252,aligned
ZINCf5000000VlQK,decoy,COCCCS(=O)(=O)NO[C@@H](C)C(=O)O,,,,,,,CHEMBL462830,6.947780000000002,0.1833333333333333,241.265,-0.6529999999999994,101.93000000000002,2,5,8,0,155,,hotspot_filtered,241,42.35030222413134,scored,155,,hotspot_filtered,193,10.438489612932171,aligned
ZINCf5000000YbiW,decoy,CON(C)CCC(=O)OCn1cncn1,,,,,,c1nc[nH]n1,CHEMBL2431120,5.242413333333337,0.1447368421052631,214.225,-0.3379000000000007,69.47999999999999,0,7,6,0,162,,hotspot_filtered,94,47.87653947952321,scored,162,,hotspot_filtered,102,11.3604890045981,aligned
ZINCf50000009HiG,decoy,CS[C@@H](C)C(=O)NCCCCS(N)(=O)=O,,,,,,,CHEMBL3315193,4.8455600000000025,0.1269841269841269,254.37699999999995,-0.0771999999999991,89.25999999999999,2,4,7,0,107,,hotspot_filtered,141,45.9235345180948,scored,107,,hotspot_filtered,188,10.501497964389117,aligned
ZINCf50000024C21,decoy,[N-]=[N+]=NCCCOCC(=O)NOCCO,,,,,,,CHEMBL3099769,7.211763333333338,0.1232876712328767,218.213,-0.2564999999999998,116.55,2,5,9,0,15,,chemistry_filtered,207,45.18946444047591,scored,15,,chemistry_filtered,283,,chemistry_filtered
ZINCf500000255IB,decoy,C[C@H](Br)CC(=O)N[C@@H](CO)CS(C)(=O)=O,,,,,,,CHEMBL3315203,4.856630000000004,0.1518987341772152,302.19000000000005,-0.3184,83.47,2,4,6,0,242,,hotspot_filtered,191,45.68963875112742,scored,242,,hotspot_filtered,43,12.308564947403337,aligned
ZINCf5000000acCW,decoy,Cn1nnc(C[S@@](=O)Cc2ccon2)n1,,,,,,O=S(Cc1ccon1)Cc1nn[nH]n1,CHEMBL1301125,5.9986600000000045,0.1208791208791208,227.249,-0.353,86.7,0,7,4,0,9,47.87653947952321,scored,100,47.87653947952321,scored,8,12.17524059795488,stage3_scored,49,12.17524059795488,aligned
ZINCf5000002r2Mg,decoy,CC[C@@H](Br)C(=O)N[C@@H](CO)CS(C)(=O)=O,,,,,,,CHEMBL3315221,4.856630000000004,0.1311475409836065,302.19000000000005,-0.3184,83.47,2,4,6,0,288,,hotspot_filtered,202,45.68963875112742,scored,288,,hotspot_filtered,47,12.180645318509107,aligned
ZINCf5000002rvKA,decoy,C[C@H](CNC(=O)C[C@@H](N)CCN)N=[N+]=[N-],,,,,,,CHEMBL1323442,4.98304,0.12,214.273,-0.1323999999999984,129.9,3,4,7,0,34,,chemistry_filtered,169,45.9235345180948,scored,34,,chemistry_filtered,302,,chemistry_filtered
ZINCf5000001MKOo,decoy,CC(CS(N)(=O)=O)NCCSCCCO,,,,,,,CHEMBL463811,7.225400000000003,0.1076923076923077,256.3929999999999,-0.6313999999999984,92.42,3,5,9,0,225,,hotspot_filtered,62,56.30411428570276,scored,225,,hotspot_filtered,55,12.063411710287184,aligned
ZINCf5000002rKe7,decoy,CCNS(=O)(=O)NCC[S@@](=O)C(C)(C)C,,,,,,,CHEMBL294989,3.682583333333335,0.0886075949367088,256.393,-0.0224999999999993,75.27000000000001,2,3,6,0,290,,hotspot_filtered,268,42.35030222413134,scored,290,,hotspot_filtered,255,9.415085054190031,aligned
ZINCf5000001zmj8,decoy,CCOCCS(=O)(=O)NOC(C)C(=O)O,,,,,,,CHEMBL462830,6.947780000000002,0.1833333333333333,241.265,-0.6529999999999994,101.93000000000002,2,5,8,0,236,,hotspot_filtered,188,45.68963875112742,scored,236,,hotspot_filtered,128,11.077547697610823,aligned
ZINCf50000008GvD,decoy,C=CCOCCn1nnn(C2CC2)c1=O,,,,,,O=c1[nH]nnn1C1CC1,CHEMBL2431120,5.270560000000004,0.0972222222222222,210.237,-0.0227000000000001,61.94,0,6,6,0,49,,hotspot_filtered,225,42.35030222413134,scored,49,,hotspot_filtered,181,10.56014101771441,aligned
ZINCf5000000VkWT,decoy,C=C[C@@H](C)[C@@H](NCCS(C)(=O)=O)C(=O)O,,,,,,,CHEMBL3315193,4.882613333333336,0.1833333333333333,235.305,-0.1040999999999999,83.47,2,4,7,0,154,,hotspot_filtered,183,45.68963875112742,scored,154,,hotspot_filtered,176,10.582747968016562,aligned
ZINCf50000029civ,decoy,[N-]=[N+]=NCCC(=O)NOCCOCCO,,,,,,,CHEMBL3099769,7.21176333333334,0.1095890410958904,218.21299999999997,-0.2564999999999999,116.55000000000004,2,5,9,0,24,,chemistry_filtered,208,45.18946444047591,scored,24,,chemistry_filtered,292,,chemistry_filtered
ZINCf5000002r3Nm,decoy,C=C[C@@H](C)[C@H](NCCS(C)(=O)=O)C(=O)O,,,,,,,CHEMBL3315203,4.882613333333338,0.1833333333333333,235.305,-0.1040999999999999,83.47,2,4,7,0,289,,hotspot_filtered,203,45.68963875112742,scored,289,,hotspot_filtered,185,10.519943236162469,aligned
ZINCf50000009ALa,decoy,COCn1nnc(C(C)(C)S(C)(=O)=O)n1,,,,,,c1nn[nH]n1,CHEMBL1301125,5.999340000000004,0.1219512195121951,234.281,-0.4433,86.97,0,7,4,0,93,,hotspot_filtered,86,47.87653947952321,scored,93,,hotspot_filtered,152,10.756567548946556,aligned
ZINCf5000002e5Hf,decoy,COCCOCC(=O)NNC(=O)CCBr,,,,,,,CHEMBL3315221,4.886243333333338,0.1506849315068493,283.122,-0.4182000000000001,76.66,2,4,7,0,272,,hotspot_filtered,281,39.04370122741105,scored,272,,hotspot_filtered,144,10.837649071562623,aligned
ZINCf5000002rwmk,decoy,C[C@@H](CN=[N+]=[N-])NC(=O)CC[C@@H](N)CN,,,,,,,CHEMBL1323442,4.98304,0.141025641025641,214.273,-0.1323999999999984,129.9,3,4,7,0,38,,chemistry_filtered,73,56.30411428570276,scored,38,,chemistry_filtered,306,,chemistry_filtered
ZINCf500000181p5,decoy,N#CCCCC[C@H](N)C(=O)NCCON,,,,,,,CHEMBL463811,7.253320000000002,0.12,214.269,-0.595819999999998,114.16,3,5,8,0,217,,hotspot_filtered,280,39.04370122741105,scored,217,,hotspot_filtered,218,10.138772519496072,aligned
ZINCf50000008LG1,decoy,CC(C)(CCl)C(=O)NCCNS(C)(=O)=O,,,,,,,CHEMBL294989,3.719430000000002,0.1125,256.755,-0.0831999999999998,75.27000000000001,2,3,6,0,52,,hotspot_filtered,227,42.35030222413134,scored,52,,hotspot_filtered,174,10.591943353798214,aligned
ZINCf5000002s63L,decoy,COCCCS(=O)(=O)NO[C@H](C)C(=O)O,,,,,,,CHEMBL462830,6.947780000000002,0.1833333333333333,241.265,-0.6529999999999994,101.93000000000002,2,5,8,0,300,,hotspot_filtered,271,42.35030222413134,scored,300,,hotspot_filtered,87,11.606140409334513,aligned
ZINCf50000009vOd,decoy,COCCS(=O)(=O)N(C)Cc1cnsn1,,,,,,c1cnsn1,CHEMBL2431120,5.298400000000005,0.125,251.333,-0.0539000000000002,72.39000000000001,0,6,6,0,137,,hotspot_filtered,92,47.87653947952321,scored,137,,hotspot_filtered,182,10.545297901273178,aligned
ZINCf50000008Gy0,decoy,C=CCONC(=O)NCCS(=O)(=O)CC,,,,,,,CHEMBL3315193,4.8926000000000025,0.125,236.29299999999995,-0.1620999999999997,84.5,2,4,7,0,50,,hotspot_filtered,174,45.68963875112742,scored,50,,hotspot_filtered,180,10.56125341249402,aligned
ZINCf5000002s51J,decoy,COCC[C@H](C)S(=O)(=O)NOCC(=O)O,,,,,,,CHEMBL3099769,7.220776666666671,0.1666666666666666,241.265,-0.6529999999999994,101.93000000000002,2,5,8,0,298,,hotspot_filtered,301,35.49599821244653,scored,298,,hotspot_filtered,64,11.882333600062076,aligned
ZINCf50000026TVY,decoy,O=S(=O)(CI)NCc1cnn(CCO)c1,,,,,,c1cn[nH]c1,CHEMBL3315203,4.893110000000003,0.1162790697674418,345.1620000000001,-0.3127000000000001,84.22,2,5,6,0,246,,hotspot_filtered,107,47.87653947952321,scored,246,,hotspot_filtered,35,12.43773646310628,aligned
ZINCf5000000SKQo,decoy,CCn1ncc(C(=O)OCC(=O)OC)n1,,,,,,c1cn[nH]n1,CHEMBL1301125,6.016420000000005,0.2028985507246377,213.193,-0.3722000000000001,83.31,0,7,4,0,148,,hotspot_filtered,79,54.31036124887257,scored,148,,hotspot_filtered,131,11.071750648313946,aligned
ZINCf5000001XUpk,decoy,CS(=O)(=O)CCCNC(C(=O)O)C1CC1,,,,,,C1CC1,CHEMBL3315221,4.897280000000004,0.1639344262295081,235.305,-0.1261000000000001,83.47,2,4,7,0,228,,hotspot_filtered,156,45.9235345180948,scored,228,,hotspot_filtered,159,10.690066795271408,aligned
ZINCf5000002rwml,decoy,C[C@H](CN=[N+]=[N-])NC(=O)CC[C@@H](N)CN,,,,,,,CHEMBL1323442,4.98304,0.141025641025641,214.273,-0.1323999999999984,129.9,3,4,7,0,39,,chemistry_filtered,74,56.30411428570276,scored,39,,chemistry_filtered,307,,chemistry_filtered
ZINCf50000017BnG,decoy,CC[S@](=N)(=O)NC(=O)CCOCCCO,,,,,,,CHEMBL463811,7.28732666666667,0.1267605633802817,238.3089999999999,-0.1266300000000004,99.48000000000002,3,5,8,0,193,,hotspot_filtered,78,55.61700074612416,scored,193,,hotspot_filtered,177,10.581592307616804,aligned
ZINCf5000002dlfk,decoy,C=C(Br)CN(C)C(=O)CNS(=O)(=O)NC,,,,,,,CHEMBL294989,3.725733333333336,0.1012658227848101,300.178,-0.5927999999999995,78.51,2,3,6,0,267,,hotspot_filtered,297,35.49599821244653,scored,267,,hotspot_filtered,90,11.580202264256894,aligned
ZINCf50000017ZrY,decoy,C[S@@](=N)(=O)CCNS(=O)(=O)CCCC#N,,,,,,,CHEMBL462830,6.972706666666672,0.0987654320987654,253.349,-0.1138500000000002,110.88,2,5,7,0,206,,hotspot_filtered,247,42.35030222413134,scored,206,,hotspot_filtered,86,11.60832723243724,aligned
ZINCf5000000acUm,decoy,Cn1nnnc1CCSCCS(C)(=O)=O,,,,,,c1nnn[nH]1,CHEMBL2431120,5.299373333333338,0.0941176470588235,250.349,-0.4696,77.74000000000001,0,7,6,0,176,,hotspot_filtered,33,58.30407578517147,scored,176,,hotspot_filtered,125,11.086600292129688,aligned
ZINCf5000000ZqzS,decoy,C=CCOCCNS(=O)(=O)c1cn[nH]c1,,,,,,c1cn[nH]c1,CHEMBL3315193,4.90202666666667,0.1038961038961039,231.277,-0.1094000000000003,84.07999999999998,2,4,7,0,164,,hotspot_filtered,95,47.87653947952321,scored,164,,hotspot_filtered,97,11.400156037983937,aligned
ZINCf50000009un8,decoy,COCCCONC(=O)CSCC(N)=O,,,,,,,CHEMBL3099769,7.260230000000004,0.1470588235294117,236.293,-0.7107999999999985,90.65,2,5,9,0,134,,hotspot_filtered,51,56.30411428570276,scored,134,,hotspot_filtered,69,11.813119621510392,aligned
ZINCf50000009UT2,decoy,C[C@H](CN(C)C(=O)CSCCN)C(=O)O,,,,,,,CHEMBL3315203,4.911720000000004,0.1451612903225806,234.32099999999997,-0.1425999999999994,83.63,2,4,7,0,114,,hotspot_filtered,49,56.30411428570276,scored,114,,hotspot_filtered,245,9.69407662379723,aligned
ZINCf5000000Ybd8,decoy,COC(=O)[C@@H](C)C(=O)OCn1cncn1,,,,,,c1nc[nH]n1,CHEMBL1301125,6.043020000000005,0.180327868852459,213.193,-0.4121000000000006,83.31000000000002,0,7,4,0,161,,hotspot_filtered,93,47.87653947952321,scored,161,,hotspot_filtered,77,11.711744434586423,aligned
ZINCf50000017vGK,decoy,CCCN(C)S(=O)(=O)NCC[S@](C)(=N)=O,,,,,,,CHEMBL3315221,4.914073333333337,0.0845070422535211,257.381,-0.1608299999999988,90.33,2,4,7,0,210,,hotspot_filtered,248,42.35030222413134,scored,210,,hotspot_filtered,194,10.38283726377667,aligned
ZINCf5000002rwnU,decoy,C[C@H](CN=[N+]=[N-])NC(=O)[C@H](N)CCCN,,,,,,,CHEMBL1323442,4.98304,0.1363636363636363,214.273,-0.1323999999999984,129.9,3,4,7,0,40,,chemistry_filtered,75,56.30411428570276,scored,40,,chemistry_filtered,308,,chemistry_filtered
ZINCf5000002rCUc,decoy,C[C@H](N=[N+]=[N-])C(=O)NC(CCN)CCN,,,,,,,CHEMBL463811,7.314733333333335,0.1475409836065573,214.27299999999997,-0.1323999999999988,129.9,3,4,7,0,29,,chemistry_filtered,267,42.35030222413134,scored,29,,chemistry_filtered,297,,chemistry_filtered
ZINCf50000025xqR,decoy,C=C(Cl)CS(=O)(=O)NCC(=O)NC1CC1,,,,,,C1CC1,CHEMBL294989,3.7463500000000023,0.0963855421686747,252.723,-0.0631000000000001,75.27,2,3,6,0,245,,hotspot_filtered,193,45.68963875112742,scored,245,,hotspot_filtered,106,11.333916342466669,aligned
ZINCf50000017BnH,decoy,CC[S@](=N)(=O)NC(=O)CCOCCOC,,,,,,,CHEMBL462830,6.98842666666667,0.1285714285714285,238.3089999999999,0.1373700000000002,88.48000000000002,2,5,8,0,194,,hotspot_filtered,245,42.35030222413134,scored,194,,hotspot_filtered,110,11.30988448689804,aligned
ZINCf50000009f9z,decoy,CN(CCOC(F)F)Cc1nnnn1C,,,,,,c1nnn[nH]1,CHEMBL2431120,5.300553333333339,0.0843373493975903,221.211,-0.1189000000000004,56.07,0,6,6,0,120,,hotspot_filtered,287,36.76188963429635,scored,120,,hotspot_filtered,204,10.269751706084378,aligned
ZINCf5000001rW3P,decoy,COC(C)CNCC(C)(C)CS(N)(=O)=O,,,,,,,CHEMBL3315193,4.914333333333335,0.1129032258064516,238.353,-0.0743999999999985,81.41999999999999,2,4,7,0,234,,hotspot_filtered,157,45.9235345180948,scored,234,,hotspot_filtered,186,10.514942603425611,aligned
ZINCf50000017KGC,decoy,COCCONC(=O)CCSCC(N)=O,,,,,,,CHEMBL3099769,7.260230000000005,0.144927536231884,236.29299999999995,-0.7107999999999985,90.65,2,5,9,0,200,,hotspot_filtered,59,56.30411428570276,scored,200,,hotspot_filtered,129,11.07584241393758,aligned
ZINCf5000001vdUv,decoy,COC(C)CS(=O)(=O)NCC(C)(C)CN,,,,,,,CHEMBL3315203,4.914333333333337,0.1111111111111111,238.353,-0.0743999999999985,81.42,2,4,7,0,235,,hotspot_filtered,187,45.68963875112742,scored,235,,hotspot_filtered,153,10.729994159073552,aligned
ZINCf5000001onnP,decoy,CS(=O)(=O)O[C@@H]1CCC[C@H]1OS(C)(=O)=O,,,,,,C1CCCC1,CHEMBL1301125,6.047646666666671,0.087719298245614,258.317,-0.1400999999999999,86.74000000000001,0,6,4,0,229,,hotspot_filtered,254,42.35030222413134,scored,229,,hotspot_filtered,268,8.832452436715265,aligned
ZINCf5000002sbeU,decoy,CO[C@@H](C)CNCC(C)(C)CS(N)(=O)=O,,,,,,,CHEMBL3315221,4.914333333333337,0.1129032258064516,238.353,-0.0743999999999985,81.41999999999999,2,4,7,0,307,,hotspot_filtered,171,45.9235345180948,scored,307,,hotspot_filtered,243,9.765296113874674,aligned
ZINCf5000002rvPA,decoy,C[C@H](CNC(=O)[C@@H](N)CCCN)N=[N+]=[N-],,,,,,,CHEMBL1323442,4.983040000000001,0.1194029850746268,214.273,-0.1323999999999993,129.9,3,4,7,0,35,,chemistry_filtered,170,45.9235345180948,scored,35,,chemistry_filtered,303,,chemistry_filtered
ZINCf5000000adGN,decoy,N#CCCSCC(=O)NCCOC(=N)O,,,,,,,CHEMBL463811,7.331860000000002,0.1351351351351351,231.277,0.2588499999999998,106.2,3,5,7,0,178,,hotspot_filtered,278,39.04370122741105,scored,178,,hotspot_filtered,260,9.165385013973598,aligned
ZINCf5000002dWGA,decoy,CC[S@@](=O)NCCNS(=O)(=O)C(F)(F)F,,,,,,,CHEMBL294989,3.7494933333333353,0.0875,268.282,-0.3011999999999998,75.27000000000001,2,3,6,0,265,,hotspot_filtered,296,35.49599821244653,scored,265,,hotspot_filtered,173,10.599824200867708,aligned
ZINCf50000017BnT,decoy,CC[S@](=N)(=O)NC(=O)COCCCOC,,,,,,,CHEMBL462830,6.98842666666667,0.1428571428571428,238.3089999999999,0.1373700000000002,88.48000000000002,2,5,8,0,195,,hotspot_filtered,186,45.68963875112742,scored,195,,hotspot_filtered,54,12.100081732138571,aligned
ZINCf50000009aXl,decoy,CCn1nnn(CCOCC2CC2)c1=O,,,,,,O=c1[nH]nnn1CCOCC1CC1,CHEMBL2431120,5.311066666666671,0.1194029850746268,212.253,-0.1137000000000005,61.940000000000005,0,6,6,0,118,,hotspot_filtered,234,42.35030222413134,scored,118,,hotspot_filtered,198,10.315928005917057,aligned
ZINCf50000009vZ7,decoy,COCCS(=O)(=O)N[C@H](C)[C@H](N)C(C)C,,,,,,,CHEMBL3315193,4.915400000000002,0.1351351351351351,238.353,-0.0759999999999987,81.42,2,4,7,0,138,,hotspot_filtered,237,42.35030222413134,scored,138,,hotspot_filtered,226,10.046698116927647,aligned
ZINCf5000002sfMO,decoy,CONCCC(=O)NCCSS(C)(=O)=O,,,,,,,CHEMBL3099769,7.274136666666671,0.1285714285714285,256.349,-0.6634999999999986,84.5,2,6,8,0,308,,hotspot_filtered,172,45.9235345180948,scored,308,,hotspot_filtered,72,11.797694913746655,aligned
ZINCf5000001CsKq,decoy,COCC(C)S(=O)(=O)NCC(N)C(C)C,,,,,,,CHEMBL3315203,4.915400000000004,0.1166666666666666,238.353,-0.0759999999999985,81.42,2,4,7,0,223,,hotspot_filtered,251,42.35030222413134,scored,223,,hotspot_filtered,250,9.62719680452634,aligned
ZINCf50000017yeH,decoy,CCOC1(S(=O)(=O)c2nnn(C)n2)CC1,,,,,,O=S(=O)(c1nn[nH]n1)C1CC1,CHEMBL1301125,6.050366666666672,0.1232876712328767,232.265,-0.4896000000000002,86.97000000000001,0,7,4,0,212,,hotspot_filtered,36,58.30407578517147,scored,212,,hotspot_filtered,230,9.990348727467993,aligned
ZINCf5000002mCLt,decoy,CO[C@H](CN[C@H](C)CS(N)(=O)=O)C(C)C,,,,,,,CHEMBL3315221,4.915400000000004,0.1147540983606557,238.353,-0.0759999999999989,81.41999999999999,2,4,7,0,277,,hotspot_filtered,200,45.68963875112742,scored,277,,hotspot_filtered,240,9.819177762569982,aligned
ZINCf5000000WBLy,decoy,NC[C@@H](O)CNc1ncc([N+](=O)[O-])cn1,,,,,,c1cncnc1,CHEMBL1323442,5.102666666666669,0.1298701298701298,213.197,-0.8836999999999999,127.2,3,7,5,0,8,54.31036124887257,scored,80,54.31036124887257,scored,7,12.42374977433033,stage3_scored,37,12.42374977433033,aligned
ZINCf50000017X2T,decoy,C[C@H](O)CONC(=O)CSCCCCN,,,,,,,CHEMBL463811,7.393893333333336,0.140625,236.33699999999996,-0.1128999999999994,84.58,3,5,9,0,205,,hotspot_filtered,61,56.30411428570276,scored,205,,hotspot_filtered,169,10.626962384921304,aligned
ZINCf5000002ecur,decoy,C[S@@](=O)NCCCNS(=O)(=O)C(F)(F)F,,,,,,,CHEMBL294989,3.7494933333333353,0.073170731707317,268.282,-0.3012000000000003,75.27000000000001,2,3,6,0,274,,hotspot_filtered,263,42.35030222413134,scored,274,,hotspot_filtered,252,9.521224824100182,aligned
ZINCf50000009Hhg,decoy,CSCc1noc(CNCCC(N)=O)n1,,,,,,c1ncon1,CHEMBL462830,7.006033333333336,0.131578947368421,230.293,-0.1023999999999999,94.04,2,6,7,0,106,,hotspot_filtered,25,58.30407578517147,scored,106,,hotspot_filtered,74,11.75844267831463,aligned
ZINCf500000090z8,decoy,CCOC(=O)CN(C)CCn1ccnn1,,,,,,c1c[nH]nn1,CHEMBL2431120,5.319000000000004,0.1643835616438356,212.253,-0.2270000000000001,60.25,0,6,6,0,76,,hotspot_filtered,83,47.87653947952321,scored,76,,hotspot_filtered,221,10.118888423638513,aligned
ZINCf50000008Vkv,decoy,CCC[C@H](C)S(=O)(=O)NCC(=O)NOC,,,,,,,CHEMBL3315193,4.916373333333335,0.1451612903225806,238.309,-0.2279999999999995,84.5,2,4,7,0,67,,hotspot_filtered,229,42.35030222413134,scored,67,,hotspot_filtered,107,11.330612155765548,aligned
ZINCf5000002oGW4,decoy,NCCCOCc1cn(CCCN)nn1,,,,,,c1c[nH]nn1,CHEMBL3099769,7.301710000000004,0.0875,213.285,-0.5076999999999992,91.98,2,6,8,0,282,,hotspot_filtered,20,61.14323800151604,scored,282,,hotspot_filtered,9,13.360447099540544,aligned
ZINCf50000017AmI,decoy,CC[C@H](C)ONC(=O)CCNS(C)(=O)=O,,,,,,,CHEMBL3315203,4.916373333333336,0.1594202898550724,238.309,-0.2279999999999986,84.5,2,4,7,0,190,,hotspot_filtered,244,42.35030222413134,scored,190,,hotspot_filtered,244,9.70602966589229,aligned
ZINCf5000001qm5O,decoy,COC(=O)C1(OC)CN(S(=O)(=O)CI)C1,,,,,,C1CNC1,CHEMBL1301125,6.067890000000005,0.2058823529411764,349.146,-0.4175,72.91,0,5,4,0,232,,hotspot_filtered,307,31.92276591848309,scored,232,,hotspot_filtered,103,11.353992140219807,aligned
ZINCf50000017AmL,decoy,CC[C@H](C)ONC(=O)CNS(=O)(=O)CC,,,,,,,CHEMBL3315221,4.916373333333337,0.15,238.309,-0.2279999999999995,84.5,2,4,7,0,191,,hotspot_filtered,185,45.68963875112742,scored,191,,hotspot_filtered,247,9.66030270607168,aligned
ZINCf500000256q2,decoy,[N-]=[N+]=NCCNCC(=O)Nc1cnn[nH]1,,,,,,c1c[nH]nn1,CHEMBL1323442,5.111026666666668,0.1447368421052631,210.201,-0.3569000000000001,131.46,3,5,6,0,17,,chemistry_filtered,18,61.14323800151604,scored,17,,chemistry_filtered,285,,chemistry_filtered
ZINCf5000002shw9,decoy,CSCC[C@@H](O)CC(=O)NCCCON,,,,,,,CHEMBL463811,7.393893333333336,0.12,236.337,-0.1128999999999994,84.58,3,5,9,0,309,,hotspot_filtered,173,45.9235345180948,scored,309,,hotspot_filtered,127,11.077695469432635,aligned
ZINCf5000002rKe8,decoy,CCNS(=O)(=O)NCC[S@@](=O)C(F)(F)F,,,,,,,CHEMBL294989,3.7494933333333353,0.074074074074074,268.282,-0.3012000000000003,75.27000000000001,2,3,6,0,291,,hotspot_filtered,299,35.49599821244653,scored,291,,hotspot_filtered,234,9.922084240039542,aligned
ZINCf50000009Aos,decoy,COC[C@](C)(O)CC(=O)NS(=O)(=O)CI,,,,,,,CHEMBL462830,7.041076666666671,0.1451612903225806,351.162,-0.3875999999999999,92.7,2,5,6,0,94,,hotspot_filtered,232,42.35030222413134,scored,94,,hotspot_filtered,58,11.971023785755168,aligned
ZINCf500000090za,decoy,CCOC(=O)CN(C)CCn1cnnc1,,,,,,c1nnc[nH]1,CHEMBL2431120,5.319000000000004,0.1739130434782608,212.253,-0.2270000000000001,60.25,0,6,6,0,77,,hotspot_filtered,84,47.87653947952321,scored,77,,hotspot_filtered,166,10.652147205713472,aligned
ZINCf500000090dm,decoy,CCNS(=O)(=O)N[C@H](CC)CC(=O)OC,,,,,,,CHEMBL3315193,4.916373333333336,0.1408450704225352,238.309,-0.2279999999999995,84.50000000000001,2,4,7,0,73,,hotspot_filtered,178,45.68963875112742,scored,73,,hotspot_filtered,237,9.894041321105467,aligned
ZINCf500000091Nd,decoy,CCOCCS(=O)(=O)NCCCC(=O)O,,,,,,,CHEMBL3099769,7.302963333333338,0.1269841269841269,239.293,-0.1928999999999996,92.7,2,4,9,0,78,,hotspot_filtered,127,45.9235345180948,scored,78,,hotspot_filtered,28,12.669846274098507,aligned
ZINCf5000002dEiI,decoy,CCCNS(=O)(=O)NC(=O)[C@H](CC)OC,,,,,,,CHEMBL3315203,4.916373333333337,0.1290322580645161,238.309,-0.2279999999999986,84.50000000000001,2,4,7,0,259,,hotspot_filtered,199,45.68963875112742,scored,259,,hotspot_filtered,147,10.787171699815254,aligned
ZINCf50000028nCI,decoy,CSC(=O)COC(=O)Cc1cnnn1C,,,,,,c1c[nH]nn1,CHEMBL1301125,6.081340000000003,0.1506849315068493,229.261,-0.2096000000000002,74.08000000000001,0,7,4,0,250,,hotspot_filtered,40,58.30407578517147,scored,250,,hotspot_filtered,209,10.227550664320258,aligned
ZINCf50000008SOo,decoy,CCC(=O)NNS(=O)(=O)CCOC(C)C,,,,,,,CHEMBL3315221,4.916373333333338,0.1475409836065573,238.30899999999997,-0.2279999999999995,84.50000000000001,2,4,7,0,55,,hotspot_filtered,118,45.9235345180948,scored,55,,hotspot_filtered,227,10.003325281088498,aligned
ZINCf50000027pLc,decoy,C[C@@H](O)c1n[nH]c(CNS(=O)(=O)CI)n1,,,,,,c1nc[nH]n1,CHEMBL1323442,5.173270000000001,0.1585365853658536,346.15,-0.3301000000000003,107.97,3,5,5,0,247,,hotspot_filtered,39,58.30407578517147,scored,247,,hotspot_filtered,21,12.84009897096079,aligned
ZINCf50000017P8f,decoy,CSCCCS(=O)(=O)NCC[C@@H](O)CO,,,,,,,CHEMBL463811,7.424760000000003,0.1204819277108433,257.37699999999995,-0.5978000000000001,86.63000000000001,3,5,9,0,203,,hotspot_filtered,149,45.9235345180948,scored,203,,hotspot_filtered,48,12.17779136168817,aligned
ZINCf5000002dKPr,decoy,C[C@H](CCCN)NS(=O)(=O)N1CC(Cl)C1,,,,,,C1CNC1,CHEMBL294989,3.753270000000002,0.1290322580645161,255.771,-0.1287999999999987,75.42999999999999,2,3,6,0,261,,hotspot_filtered,260,42.35030222413134,scored,261,,hotspot_filtered,267,8.927406261132246,aligned
ZINCf50000025uSm,decoy,CCOC(=O)[C@@](C)(O)CNS(=O)(=O)CI,,,,,,,CHEMBL462830,7.041076666666671,0.1594202898550724,351.162,-0.3875999999999999,92.7,2,5,6,0,244,,hotspot_filtered,258,42.35030222413134,scored,244,,hotspot_filtered,94,11.530021265948475,aligned
ZINCf50000009pE1,decoy,COC(=O)CN(C)CCCn1cncn1,,,,,,c1nc[nH]n1,CHEMBL2431120,5.319000000000004,0.1733333333333333,212.253,-0.2270000000000001,60.25,0,6,6,0,125,,hotspot_filtered,110,47.18942593994461,scored,125,,hotspot_filtered,124,11.09025401570014,aligned
ZINCf5000001Aklv,decoy,CCNS(=O)(=O)NC(C)CCC(=O)OC,,,,,,,CHEMBL3315193,4.916373333333336,0.1475409836065573,238.309,-0.2279999999999995,84.50000000000001,2,4,7,0,222,,hotspot_filtered,250,42.35030222413134,scored,222,,hotspot_filtered,235,9.920043164179695,aligned
ZINCf50000009ubo,decoy,COCCCCS(=O)(=O)NCCC(=O)O,,,,,,,CHEMBL3099769,7.302963333333338,0.1466666666666666,239.293,-0.1928999999999996,92.7,2,4,9,0,133,,hotspot_filtered,205,45.18946444047591,scored,133,,hotspot_filtered,29,12.666307734237478,aligned
ZINCf50000029adq,decoy,CCCNC(=O)[C@H](CC)NS(=O)(=O)OC,,,,,,,CHEMBL3315203,4.916373333333338,0.15,238.309,-0.2279999999999995,84.50000000000001,2,4,7,0,252,,hotspot_filtered,259,42.35030222413134,scored,252,,hotspot_filtered,133,11.048808621857496,aligned
ZINCf5000000ZqMX,decoy,CC(=O)[C@@H](C)OC(=O)[C@H](C)n1cnnn1,,,,,,c1nnn[nH]1,CHEMBL1301125,6.087993333333338,0.1451612903225806,212.209,-0.2452,86.97000000000001,0,7,4,0,163,,hotspot_filtered,29,58.30407578517147,scored,163,,hotspot_filtered,192,10.448605519665032,aligned
ZINCf5000002qKMh,decoy,CCCC[C@H](NS(=O)(=O)NC)C(=O)OC,,,,,,,CHEMBL3315221,4.916373333333338,0.1864406779661017,238.309,-0.2279999999999995,84.50000000000001,2,4,7,0,284,,hotspot_filtered,282,39.04370122741105,scored,284,,hotspot_filtered,213,10.17109419321824,aligned
ZINCf5000002rJso,decoy,C[C@](N)(CO)C(=O)NCCCCN=[N+]=[N-],,,,,,,CHEMBL1323442,5.181333333333336,0.1081081081081081,215.25699999999995,-0.0972000000000001,124.11,3,4,7,0,31,,chemistry_filtered,70,56.30411428570276,scored,31,,chemistry_filtered,299,,chemistry_filtered
ZINCf5000000atl4,decoy,O=C(O)CCNCCCNS(=O)(=O)CCl,,,,,,,CHEMBL463811,7.453593333333336,0.1125,258.727,-0.4434999999999998,95.5,3,4,9,0,185,,hotspot_filtered,147,45.9235345180948,scored,185,,hotspot_filtered,61,11.963215936331848,aligned
ZINCf50000017wUx,decoy,CCN(CCNC(=O)CO)C(=O)C=CBr,,,,,,,CHEMBL294989,3.7640400000000014,0.1095890410958904,279.134,-0.1479999999999998,69.64000000000001,2,3,6,0,14,,chemistry_filtered,249,42.35030222413134,scored,14,,chemistry_filtered,282,,chemistry_filtered
ZINCf50000017zaD,decoy,CCSCCC(=O)NOCc1nn[nH]n1,,,,,,c1nn[nH]n1,CHEMBL462830,7.050753333333336,0.2083333333333333,231.281,-0.1093000000000003,92.79,2,6,7,0,213,,hotspot_filtered,37,58.30407578517147,scored,213,,hotspot_filtered,249,9.645184194536446,aligned
ZINCf50000009psD,decoy,COC(=O)CCN(C)CCn1cncn1,,,,,,c1nc[nH]n1,CHEMBL2431120,5.319000000000004,0.1756756756756756,212.253,-0.2270000000000001,60.25,0,6,6,0,127,,hotspot_filtered,88,47.87653947952321,scored,127,,hotspot_filtered,126,11.083816922178356,aligned
ZINCf50000017zia,decoy,CC[C@@H](C)N(C)C[C@@H](O)CCS(N)(=O)=O,,,,,,,CHEMBL3315193,4.9388666666666685,0.0963855421686747,238.353,-0.2437999999999981,83.63,2,4,7,0,214,,hotspot_filtered,155,45.9235345180948,scored,214,,hotspot_filtered,70,11.808020886830189,aligned
ZINCf50000008UN0,decoy,CCCS(=O)(=O)NCCCOCC(=O)O,,,,,,,CHEMBL3099769,7.30296333333334,0.1269841269841269,239.29299999999992,-0.1928999999999996,92.7,2,4,9,0,62,,hotspot_filtered,77,55.61700074612416,scored,62,,hotspot_filtered,98,11.400053123362555,aligned
ZINCf50000009BKg,decoy,CONC(=O)CNS(=O)(=O)CC=C(Cl)Cl,,,,,,,CHEMBL3315203,4.941240000000003,0.1267605633802817,277.129,-0.0975999999999996,84.5,2,4,6,0,95,,hotspot_filtered,290,35.49599821244653,scored,95,,hotspot_filtered,214,10.1679962978902,aligned
ZINCf50000029YkI,decoy,O=S(=O)(CI)N1CC(Cn2ccnn2)C1,,,,,,c1cn(CC2CNC2)nn1,CHEMBL1301125,6.097396666666669,0.1058823529411764,342.1620000000001,-0.0678,68.09,0,5,4,0,251,,hotspot_filtered,41,58.30407578517147,scored,251,,hotspot_filtered,238,9.845507305464722,aligned
ZINCf50000009GTU,decoy,CSCC[C@H](NS(=O)(=O)N(C)C)C(=O)O,,,,,,,CHEMBL3315221,4.946573333333337,0.1864406779661017,256.349,-0.4112999999999991,86.71000000000001,2,4,7,0,102,,hotspot_filtered,274,39.04370122741105,scored,102,,hotspot_filtered,114,11.255265762790634,aligned
ZINCf5000000af5V,decoy,N=C(O)OCc1cn(CCCCN)nn1,,,,,,c1c[nH]nn1,CHEMBL1323442,5.181913333333335,0.1234567901234567,213.241,0.0263699999999998,110.04,3,6,6,0,180,,hotspot_filtered,57,56.30411428570276,scored,180,,hotspot_filtered,36,12.424385391087792,aligned
ZINCf500000091Qp,decoy,CCOCC[C@@H](N)C(=O)NOCCCN,,,,,,,CHEMBL463811,7.463746666666668,0.1428571428571428,219.285,-0.863099999999998,99.6,3,5,9,0,80,,hotspot_filtered,129,45.9235345180948,scored,80,,hotspot_filtered,120,11.145545286169808,aligned
ZINCf50000017wUn,decoy,CCN(CCNC(=O)C=CBr)C(=O)CO,,,,,,,CHEMBL294989,3.764040000000002,0.1095890410958904,279.134,-0.1479999999999998,69.64,2,3,6,0,13,,chemistry_filtered,153,45.9235345180948,scored,13,,chemistry_filtered,281,,chemistry_filtered
ZINCf50000024KJR,decoy,CC[S@](=N)(=O)NC(=O)Cn1cc(I)nn1,,,,,,c1c[nH]nn1,CHEMBL462830,7.054550000000004,0.1829268292682926,343.15,-0.0194300000000004,100.73000000000002,2,6,4,0,239,,hotspot_filtered,106,47.87653947952321,scored,239,,hotspot_filtered,95,11.457001818202317,aligned
ZINCf5000000Zs6C,decoy,CN(C)CCCOC(=O)Cn1nccn1,,,,,,c1cn[nH]n1,CHEMBL2431120,5.319000000000004,0.1486486486486486,212.253,-0.2270000000000001,60.25,0,6,6,0,165,,hotspot_filtered,96,47.87653947952321,scored,165,,hotspot_filtered,264,9.0078041508607,aligned
ZINCf5000002dEiR,decoy,CCCNS(=O)(=O)NC(=O)COC(F)F,,,,,,,CHEMBL3315193,4.960980000000003,0.1428571428571428,246.235,-0.4137999999999997,84.50000000000001,2,4,7,0,260,,hotspot_filtered,295,35.49599821244653,scored,260,,hotspot_filtered,156,10.714802349843154,aligned
ZINCf50000008TBd,decoy,CCCCOCCS(=O)(=O)C[C@H](O)CO,,,,,,,CHEMBL3099769,7.304816666666671,0.1111111111111111,240.321,-0.4288999999999999,83.83000000000001,2,5,9,0,56,,hotspot_filtered,119,45.9235345180948,scored,56,,hotspot_filtered,50,12.148383308251557,aligned
ZINCf5000002rkgg,decoy,CC(C)[S@](=O)NC[C@H](O)CCS(C)(=O)=O,,,,,,,CHEMBL3315203,4.963360000000003,0.1129032258064516,257.377,-0.5562999999999991,83.47,2,4,7,0,296,,hotspot_filtered,204,45.68963875112742,scored,296,,hotspot_filtered,67,11.848949238733672,aligned
ZINCf50000009sfn,decoy,COC(C)(C)C(=O)OCc1nnn(C)n1,,,,,,c1nn[nH]n1,CHEMBL1301125,6.104433333333337,0.1265822784810126,214.225,-0.3217000000000003,79.13000000000001,0,7,4,0,130,,hotspot_filtered,90,47.87653947952321,scored,130,,hotspot_filtered,46,12.222431062997112,aligned
ZINCf5000002dD5k,decoy,C=C(Cl)CONC(=O)[C@@H](O)CC[S@@](C)=O,,,,,,,CHEMBL3315221,4.978500000000004,0.1384615384615384,255.723,-0.0838000000000001,75.63,2,4,7,0,258,,hotspot_filtered,198,45.68963875112742,scored,258,,hotspot_filtered,148,10.779286194944778,aligned
ZINCf5000002qSav,decoy,CCC[C@@H](CO)NC(=O)[C@@H](N)CN=[N+]=[N-],,,,,,,CHEMBL1323442,5.182400000000001,0.1194029850746268,215.257,-0.0987999999999999,124.11,3,4,7,0,27,,chemistry_filtered,266,42.35030222413134,scored,27,,chemistry_filtered,295,,chemistry_filtered
ZINCf5000002rLN8,decoy,CCOCCONC(=O)CC[C@@H](N)CN,,,,,,,CHEMBL463811,7.463746666666668,0.1571428571428571,219.285,-0.8630999999999973,99.6,3,5,9,0,292,,hotspot_filtered,71,56.30411428570276,scored,292,,hotspot_filtered,24,12.75982475816894,aligned
ZINCf50000026R7L,decoy,C/C(I)=C/C(=O)N(C)CCNC(=O)CO,,,,,,,CHEMBL294989,3.7673066666666686,0.109375,326.134,-0.1079,69.64,2,3,5,0,20,,chemistry_filtered,286,38.35658768783245,scored,20,,chemistry_filtered,288,,chemistry_filtered
ZINCf50000009AET,decoy,COCc1nc(CNCCC(=O)O)no1,,,,,,c1ncon1,CHEMBL462830,7.097473333333337,0.15,215.209,-0.2197000000000002,97.48,2,6,7,0,91,,hotspot_filtered,85,47.87653947952321,scored,91,,hotspot_filtered,165,10.655197957619103,aligned
ZINCf5000000ZsWU,decoy,COC(=O)[C@@H](F)CSCc1nnn(C)n1,,,,,,c1nn[nH]n1,CHEMBL2431120,5.364036666666671,0.1515151515151515,234.256,-0.0456000000000005,69.9,0,7,5,0,166,,hotspot_filtered,97,47.87653947952321,scored,166,,hotspot_filtered,13,13.007850069759789,aligned
ZINCf5000002s40n,decoy,COC(CCCCNC(=O)C(=O)O)OC,,,,,,,CHEMBL3315193,4.985226666666669,0.1551724137931034,219.237,-0.0236000000000001,84.86,2,4,7,0,297,,hotspot_filtered,300,35.49599821244653,scored,297,,hotspot_filtered,16,12.904445670813558,aligned
ZINCf50000008FGW,decoy,C=CCCS(=O)(=O)NC(=O)CSCCN,,,,,,,CHEMBL3099769,7.381016666666672,0.1081081081081081,252.36099999999996,-0.2995999999999991,89.26,2,5,8,0,46,,hotspot_filtered,114,45.9235345180948,scored,46,,hotspot_filtered,141,10.866982214715698,aligned
ZINCf5000000VZ2K,decoy,CC[C@@H](CC(=O)O)NC(=O)C(OC)OC,,,,,,,CHEMBL3315203,4.986293333333338,0.175438596491228,219.237,-0.0251999999999998,84.86000000000001,2,4,7,0,153,,hotspot_filtered,276,39.04370122741105,scored,153,,hotspot_filtered,101,11.365916433474167,aligned
ZINCf5000000a8JE,decoy,Cc1nn(CCS(=O)(=O)C(F)F)c(=O)o1,,,,,,O=c1[nH]nco1,CHEMBL1301125,6.133840000000005,0.1204819277108433,242.203,-0.2178799999999996,82.17,0,6,4,0,173,,hotspot_filtered,306,31.92276591848309,scored,173,,hotspot_filtered,68,11.832729597471184,aligned
ZINCf5000000ZyUF,decoy,O=S(=O)(NCCOCCF)c1cn[nH]c1,,,,,,c1cn[nH]c1,CHEMBL3315221,4.986570000000004,0.1066666666666666,237.256,-0.3259000000000004,84.08000000000001,2,4,7,0,170,,hotspot_filtered,289,36.76188963429635,scored,170,,hotspot_filtered,10,13.101032914339314,aligned
ZINCf5000002raZH,decoy,CC[C@@H](O)CCNC(=O)[C@@H](N)CN=[N+]=[N-],,,,,,,CHEMBL1323442,5.182400000000001,0.1052631578947368,215.257,-0.0987999999999999,124.11,3,4,7,0,32,,chemistry_filtered,269,42.35030222413134,scored,32,,chemistry_filtered,300,,chemistry_filtered
ZINCf50000017KGJ,decoy,COCCONC(=O)C[C@@H](N)CCCN,,,,,,,CHEMBL463811,7.463746666666669,0.1282051282051282,219.28499999999997,-0.863099999999998,99.6,3,5,9,0,201,,hotspot_filtered,60,56.30411428570276,scored,201,,hotspot_filtered,92,11.564023501356012,aligned
ZINCf50000009VEz,decoy,C[C@H](CNC(=O)C=CI)N(C)C(=O)CO,,,,,,,CHEMBL294989,3.768373333333335,0.1269841269841269,326.13400000000007,-0.1094999999999998,69.64,2,3,5,0,12,,chemistry_filtered,233,42.35030222413134,scored,12,,chemistry_filtered,280,,chemistry_filtered
ZINCf50000017Bo0,decoy,CC[S@](=N)(=O)NC(=O)CSCC(=O)OC,,,,,,,CHEMBL462830,7.112520000000004,0.1408450704225352,254.33299999999997,-0.0095300000000004,96.32,2,6,6,0,197,,hotspot_filtered,148,45.9235345180948,scored,197,,hotspot_filtered,178,10.578801831536206,aligned
ZINCf50000009zaz,decoy,COC[C@H](CS(=O)(=O)N1CCSC1)OC,,,,,,C1CSCN1,CHEMBL2431120,5.399720000000006,0.0897435897435897,255.361,-0.0160999999999995,55.84,0,5,6,0,146,,hotspot_filtered,238,42.35030222413134,scored,146,,hotspot_filtered,205,10.262105287507731,aligned
ZINCf5000000SKcQ,decoy,CCCCS(=O)(=O)NC(=O)[C@@H](F)CCN,,,,,,,CHEMBL3315193,4.988596666666669,0.1204819277108433,240.29999999999995,-0.0805999999999992,89.26,2,4,7,0,149,,hotspot_filtered,239,42.35030222413134,scored,149,,hotspot_filtered,75,11.742747539639646,aligned
ZINCf50000009yQr,decoy,COC[C@H](C)OC[C@@H](O)CSCC(N)=O,,,,,,,CHEMBL3099769,7.386016666666672,0.1269841269841269,237.321,-0.3826999999999993,81.78,2,5,9,0,144,,hotspot_filtered,52,56.30411428570276,scored,144,,hotspot_filtered,140,10.939650116299294,aligned
ZINCf50000008VnO,decoy,CCC[C@H](N)C(=O)NS(=O)(=O)CCCF,,,,,,,CHEMBL3315203,4.988596666666671,0.1095890410958904,240.29999999999995,-0.0805999999999993,89.25999999999999,2,4,7,0,68,,hotspot_filtered,177,45.68963875112742,scored,68,,hotspot_filtered,225,10.054737506447443,aligned
ZINCf50000009qd2,decoy,COC(=O)Cn1nc(C(=O)OC)nc1Cl,,,,,,c1nc[nH]n1,CHEMBL1301125,6.136706666666671,0.2205882352941176,233.611,-0.1089,83.31,0,7,3,0,128,,hotspot_filtered,288,36.76188963429635,scored,128,,hotspot_filtered,271,8.489205113419978,aligned
ZINCf50000009Ln5,decoy,C[C@@H](N)CCC(=O)NS(=O)(=O)CCCF,,,,,,,CHEMBL3315221,4.988596666666671,0.1341463414634146,240.29999999999995,-0.0805999999999993,89.25999999999999,2,4,7,0,112,,hotspot_filtered,48,56.30411428570276,scored,112,,hotspot_filtered,25,12.75531063638995,aligned
ZINCf5000002rtj9,decoy,C[C@H](CCCO)NC(=O)[C@@H](N)CN=[N+]=[N-],,,,,,,CHEMBL1323442,5.182400000000001,0.1363636363636363,215.257,-0.0987999999999999,124.11,3,4,7,0,33,,chemistry_filtered,72,56.30411428570276,scored,33,,chemistry_filtered,301,,chemistry_filtered
ZINCf5000002dQJ8,decoy,C[C@@H](ON)C(=O)NCCCOCCCN,,,,,,,CHEMBL463811,7.463746666666669,0.1451612903225806,219.2849999999999,-0.863099999999998,99.6,3,5,9,0,262,,hotspot_filtered,14,66.73165059135103,scored,262,,hotspot_filtered,57,12.00408827530102,aligned
ZINCf50000009K4S,decoy,C[C@@H](CNC(=O)CO)N(C)C(=O)C=CI,,,,,,,CHEMBL294989,3.768373333333335,0.1269841269841269,326.134,-0.1094999999999999,69.64,2,3,5,0,11,,chemistry_filtered,142,45.9235345180948,scored,11,,chemistry_filtered,279,,chemistry_filtered
ZINCf50000023t3V,decoy,CP(C)(=O)CNCCS(=O)(=O)CCCO,,,,,,,CHEMBL462830,7.121643333333338,0.0987654320987654,257.2919999999999,-0.0466000000000003,83.47,2,5,8,0,237,,hotspot_filtered,64,56.30411428570276,scored,237,,hotspot_filtered,187,10.508319775922873,aligned
ZINCf50000009vNx,decoy,COCCS(=O)(=O)CCn1ncsc1=O,,,,,,O=c1[nH]ncs1,CHEMBL2431120,5.410093333333338,0.125,252.317,-0.6340000000000003,78.26,0,7,6,0,136,,hotspot_filtered,303,31.92276591848309,scored,136,,hotspot_filtered,56,12.020157554890773,aligned
ZINCf50000017vAk,decoy,CCCCCS(=O)(=O)NC(=O)[C@H](F)CN,,,,,,,CHEMBL3315193,4.988596666666669,0.1111111111111111,240.3,-0.0805999999999992,89.26,2,4,7,0,209,,hotspot_filtered,152,45.9235345180948,scored,209,,hotspot_filtered,83,11.623437532399846,aligned
ZINCf5000000agon,decoy,NC(=O)COCCNS(=O)(=O)CCCCl,,,,,,,CHEMBL3099769,7.390690000000005,0.125,258.727,-0.9633999999999988,98.49,2,4,9,0,181,,hotspot_filtered,285,38.35658768783245,scored,181,,hotspot_filtered,113,11.26194917623564,aligned
ZINCf50000008FOg,decoy,C=CCC[S@@](C)(=O)=NC(=O)CNCCN,,,,,,,CHEMBL3315203,4.99262666666667,0.12,233.33699999999996,-0.2647999999999985,84.55,2,4,7,0,47,,hotspot_filtered,115,45.9235345180948,scored,47,,hotspot_filtered,217,10.1394779872259,aligned
ZINCf5000000ZyG5,decoy,O=C(OCCn1cnnn1)[C@H]1CCSC1,,,,,,O=C(OCCn1cnnn1)C1CCSC1,CHEMBL1301125,6.13904666666667,0.1139240506329113,228.277,-0.0306000000000001,69.9,0,7,4,0,169,,hotspot_filtered,99,47.87653947952321,scored,169,,hotspot_filtered,275,7.697948924356588,aligned
ZINCf50000008FOo,decoy,C=CCC[S@](C)(=O)=NC(=O)CNCCN,,,,,,,CHEMBL3315221,4.99262666666667,0.12,233.33699999999996,-0.2647999999999985,84.55,2,4,7,0,48,,hotspot_filtered,116,45.9235345180948,scored,48,,hotspot_filtered,222,10.099158268172712,aligned
ZINCf5000000akjg,decoy,NC[C@H](CO)NS(=O)(=O)c1sncc1Br,,,,,,c1cnsc1,CHEMBL1323442,5.190083333333336,0.127906976744186,316.202,-0.4965000000000001,105.31,3,6,5,0,183,,hotspot_filtered,214,43.88282494322431,scored,183,,hotspot_filtered,132,11.052917798650688,aligned
ZINCf500000184mH,decoy,NC[C@@H](CO)NS(=O)(=O)c1nc(Br)cs1,,,,,,c1cscn1,CHEMBL463811,7.521776666666669,0.1411764705882353,316.202,-0.4965000000000001,105.31,3,6,5,0,218,,hotspot_filtered,215,43.88282494322431,scored,218,,hotspot_filtered,71,11.805447499485096,aligned
ZINCf50000027r0M,decoy,C[C@@H](O)C(=O)N(C)CCNC(=O)C=CI,,,,,,,CHEMBL294989,3.768373333333335,0.1269841269841269,326.134,-0.1094999999999998,69.64,2,3,5,0,23,,chemistry_filtered,195,45.68963875112742,scored,23,,chemistry_filtered,291,,chemistry_filtered
ZINCf500000090y4,decoy,CCOC(=O)CC[C@@H](O)CSCC(N)=O,,,,,,,CHEMBL462830,7.12504666666667,0.1764705882352941,235.305,-0.0908999999999998,89.62,2,5,8,0,75,,hotspot_filtered,10,66.73165059135103,scored,75,,hotspot_filtered,11,13.08399696929472,aligned
ZINCf50000009ve7,decoy,COCCOC(=O)CCc1nncn1C,,,,,,c1nnc[nH]1,CHEMBL2431120,5.439226666666672,0.1538461538461538,213.237,-0.0627000000000004,66.24000000000001,0,6,6,0,139,,hotspot_filtered,111,47.18942593994461,scored,139,,hotspot_filtered,232,9.946333424133488,aligned
ZINCf5000000SJvO,decoy,C=CCNCCC(=O)N=[S@@](C)(=O)CCN,,,,,,,CHEMBL3315193,4.992626666666669,0.12,233.337,-0.2647999999999989,84.55,2,4,7,0,147,,hotspot_filtered,146,45.9235345180948,scored,147,,hotspot_filtered,257,9.32703411962942,aligned
ZINCf50000009ZfR,decoy,C[C@H](O)C(=O)OCCCSCCC(N)=O,,,,,,,CHEMBL3099769,7.398043333333339,0.1475409836065573,235.30499999999995,-0.0909,89.62,2,5,8,0,116,,hotspot_filtered,12,66.73165059135103,scored,116,,hotspot_filtered,104,11.351925156842077,aligned
ZINCf50000008TCr,decoy,CCCCS(=O)(=O)CC(=O)NC[C@@H](C)O,,,,,,,CHEMBL3315203,4.99418666666667,0.1688311688311688,237.321,-0.3016999999999996,83.47,2,4,7,0,57,,hotspot_filtered,120,45.9235345180948,scored,57,,hotspot_filtered,44,12.301707721759172,aligned
ZINCf5000000apSf,decoy,O=C(Cn1ncnn1)OC[C@@H]1CCSC1,,,,,,O=C(Cn1ncnn1)OCC1CCSC1,CHEMBL1301125,6.13904666666667,0.1285714285714285,228.277,-0.0306000000000001,69.9,0,7,4,0,184,,hotspot_filtered,101,47.87653947952321,scored,184,,hotspot_filtered,277,7.148655509754457,aligned
ZINCf50000008TxS,decoy,CCCCNC(=O)CS(=O)(=O)C[C@H](C)O,,,,,,,CHEMBL3315221,4.99418666666667,0.1666666666666666,237.321,-0.3016999999999996,83.47,2,4,7,0,60,,hotspot_filtered,122,45.9235345180948,scored,60,,hotspot_filtered,76,11.733143348319045,aligned
ZINCf50000018akF,decoy,O=C(O)C[C@H](NCc1nncs1)C(=O)O,,,,,,c1nncs1,CHEMBL1323442,5.221040000000001,0.1967213114754098,231.233,-0.4444000000000004,112.41,3,6,6,0,220,,hotspot_filtered,105,47.87653947952321,scored,220,,hotspot_filtered,15,12.938637688318538,aligned
ZINCf5000002eeeG,decoy,NCCCNCCSCCCS(N)(=O)=O,,,,,,,CHEMBL463811,7.524973333333337,0.0694444444444444,255.40899999999996,-0.6633999999999984,98.20999999999998,3,5,10,0,275,,hotspot_filtered,67,56.30411428570276,scored,275,,hotspot_filtered,51,12.147433135111674,aligned
ZINCf50000009FF0,decoy,CS(=O)(=O)CCCNC(=O)NCC(F)F,,,,,,,CHEMBL294989,3.798616666666669,0.1129032258064516,244.263,-0.0145999999999996,75.27,2,3,6,0,97,,hotspot_filtered,291,35.49599821244653,scored,97,,hotspot_filtered,79,11.675267748964188,aligned
ZINCf50000009vDx,decoy,COCCONC(=O)[C@@H](N)CCCC#N,,,,,,,CHEMBL462830,7.153780000000004,0.1486486486486486,215.253,-0.2982199999999999,97.37,2,5,8,0,135,,hotspot_filtered,275,39.04370122741105,scored,135,,hotspot_filtered,263,9.051523333302269,aligned
ZINCf50000009uPy,decoy,COCCN(Cc1nnn(C)n1)C1CC1,,,,,,C(NC1CC1)c1nn[nH]n1,CHEMBL2431120,5.440106666666672,0.1285714285714285,211.269,-0.1790999999999998,56.07,0,6,6,0,132,,hotspot_filtered,91,47.87653947952321,scored,132,,hotspot_filtered,138,10.98527581501078,aligned
ZINCf50000008UG8,decoy,CCCS(=O)(=O)CC(=O)N[C@H](CC)CO,,,,,,,CHEMBL3315193,4.994186666666669,0.1392405063291139,237.321,-0.3016999999999996,83.47,2,4,7,0,61,,hotspot_filtered,123,45.9235345180948,scored,61,,hotspot_filtered,63,11.902436719747138,aligned
ZINCf5000001QBG9,decoy,COCCS(=O)(=O)NC(CO)CCSC,,,,,,,CHEMBL3099769,7.398856666666671,0.1139240506329113,257.37699999999995,-0.3337999999999992,75.63000000000001,2,5,9,0,227,,hotspot_filtered,253,42.35030222413134,scored,227,,hotspot_filtered,246,9.692658411053111,aligned
ZINCf50000008UUv,decoy,CCC[C@@H](CCO)NC(=O)CS(C)(=O)=O,,,,,,,CHEMBL3315203,4.99418666666667,0.1392405063291139,237.321,-0.3016999999999996,83.47,2,4,7,0,63,,hotspot_filtered,175,45.68963875112742,scored,63,,hotspot_filtered,65,11.881626664699386,aligned
ZINCf5000002s8gR,decoy,COCCn1cc(-c2nncnn2)cn1,,,,,,c1nnc(-c2cn[nH]c2)nn1,CHEMBL1301125,6.13992666666667,0.1282051282051282,206.209,-0.2235000000000002,78.61,0,7,4,0,304,,hotspot_filtered,112,47.18942593994461,scored,304,,hotspot_filtered,184,10.521242259778402,aligned
ZINCf50000008V4I,decoy,CCC[C@@H](O)C(=O)NCCCS(C)(=O)=O,,,,,,,CHEMBL3315221,4.99418666666667,0.1290322580645161,237.32099999999997,-0.3016999999999996,83.47,2,4,7,0,64,,hotspot_filtered,124,45.9235345180948,scored,64,,hotspot_filtered,59,11.96728375563981,aligned
ZINCf5000002rwmF,decoy,C[C@@H](CN=[N+]=[N-])NC(=O)C[C@@H](N)C(=O)O,,,,,,,CHEMBL1323442,5.246573333333335,0.1774193548387097,215.213,-0.3965999999999999,141.18,3,4,6,0,36,,chemistry_filtered,222,42.61693352137449,scored,36,,chemistry_filtered,304,,chemistry_filtered
ZINCf500000090vr,decoy,CCOC(=O)CCCCNC(CN)CN,,,,,,,CHEMBL463811,7.547000000000001,0.1791044776119403,217.313,-0.4045999999999969,90.37,3,5,9,0,74,,hotspot_filtered,126,45.9235345180948,scored,74,,hotspot_filtered,99,11.38615575340472,aligned
ZINCf50000027pPY,decoy,NS(=O)(=O)CCCNC(=O)C1CC(I)C1,,,,,,C1CCC1,CHEMBL294989,3.803880000000001,0.0923076923076923,346.19000000000005,-0.0051999999999998,89.25999999999999,2,3,5,0,248,,hotspot_filtered,158,45.9235345180948,scored,248,,hotspot_filtered,216,10.145282637486858,aligned
ZINCf5000000Zu2d,decoy,C[C@@H](NCCCS(N)(=O)=O)c1nncs1,,,,,,c1nncs1,CHEMBL462830,7.168473333333336,0.1294117647058823,250.349,-0.1326999999999992,97.97,2,6,6,0,168,,hotspot_filtered,30,58.30407578517147,scored,168,,hotspot_filtered,17,12.865590125067918,aligned
ZINCf5000002dZlW,decoy,CN(CCCn1cnnn1)C[C@@H]1CCO1,,,,,,c1nnnn1CCCNCC1CCO1,CHEMBL2431120,5.464773333333339,0.0945945945945946,211.269,-0.2160999999999997,56.07000000000001,0,6,6,0,266,,hotspot_filtered,43,58.30407578517147,scored,266,,hotspot_filtered,208,10.231594472073573,aligned
ZINCf50000008VC1,decoy,CCC[C@H](O)CNC(=O)CS(=O)(=O)CC,,,,,,,CHEMBL3315193,4.994186666666669,0.141025641025641,237.321,-0.3016999999999996,83.47,2,4,7,0,65,,hotspot_filtered,176,45.68963875112742,scored,65,,hotspot_filtered,41,12.311237177580804,aligned
ZINCf5000002s7uE,decoy,COC[C@H](C)S(=O)(=O)NCCSCCO,,,,,,,CHEMBL3099769,7.398856666666671,0.125,257.37699999999995,-0.3337999999999991,75.63000000000001,2,5,9,0,302,,hotspot_filtered,273,42.35030222413134,scored,302,,hotspot_filtered,175,10.584146750742995,aligned
ZINCf50000008Vk8,decoy,CCC[C@H](C)NC(=O)CS(=O)(=O)CCO,,,,,,,CHEMBL3315203,4.99418666666667,0.1518987341772152,237.321,-0.3016999999999996,83.47,2,4,7,0,66,,hotspot_filtered,125,45.9235345180948,scored,66,,hotspot_filtered,80,11.662223639824369,aligned
ZINCf50000009aIE,decoy,CCn1ncc(C(=O)Cn2ccnn2)n1,,,,,,O=C(Cn1ccnn1)c1cn[nH]n1,CHEMBL1301125,6.147460000000004,0.1842105263157894,206.209,-0.2276000000000002,78.49,0,7,4,0,117,,hotspot_filtered,26,58.30407578517147,scored,117,,hotspot_filtered,171,10.61098058311051,aligned
ZINCf5000000947y,decoy,CC[C@@H](C)NC(=O)CS(=O)(=O)CCCO,,,,,,,CHEMBL3315221,4.99418666666667,0.1518987341772152,237.32099999999997,-0.3016999999999996,83.47,2,4,7,0,84,,hotspot_filtered,132,45.9235345180948,scored,84,,hotspot_filtered,89,11.582346291051836,aligned
ZINCf5000002rwmG,decoy,C[C@@H](CN=[N+]=[N-])NC(=O)C[C@H](N)C(=O)O,,,,,,,CHEMBL1323442,5.246573333333335,0.1774193548387097,215.213,-0.3965999999999999,141.18,3,4,6,0,37,,chemistry_filtered,223,42.61693352137449,scored,37,,chemistry_filtered,305,,chemistry_filtered
ZINCf5000002s9bv,decoy,COCC[S@@](=N)(=O)CCNC(=O)CCN,,,,,,,CHEMBL463811,7.5514333333333346,0.1265822784810126,237.325,-0.8554299999999977,105.27,3,5,8,0,305,,hotspot_filtered,212,45.18946444047591,scored,305,,hotspot_filtered,39,12.327475142822465,aligned
ZINCf5000000a4J6,decoy,C[C@]1(Br)C[C@@H]1C(=O)NCCOCC(N)=O,,,,,,C1CC1,CHEMBL294989,3.805373333333335,0.136986301369863,279.134,-0.2219999999999998,81.41999999999999,2,3,6,0,172,,hotspot_filtered,284,38.35658768783245,scored,172,,hotspot_filtered,168,10.640946728133894,aligned
ZINCf5000000atn8,decoy,O=C(O)CCn1cc(CSCCO)nn1,,,,,,c1c[nH]nn1,CHEMBL462830,7.174393333333336,0.1265822784810126,231.277,-0.0216999999999999,88.24,2,6,7,0,186,,hotspot_filtered,35,58.30407578517147,scored,186,,hotspot_filtered,33,12.467850284372574,aligned
ZINCf5000002mB1l,decoy,CN(CC[C@@H]1CCO1)CCn1cnnn1,,,,,,c1nnnn1CCNCCC1CCO1,CHEMBL2431120,5.464773333333339,0.0958904109589041,211.269,-0.2160999999999997,56.07,0,6,6,0,276,,hotspot_filtered,108,47.87653947952321,scored,276,,hotspot_filtered,162,10.671081084270837,aligned
ZINCf500000094ix,decoy,CC[C@@H](CCCO)NC(=O)CS(C)(=O)=O,,,,,,,CHEMBL3315193,4.994186666666669,0.1518987341772152,237.321,-0.3016999999999996,83.47,2,4,7,0,85,,hotspot_filtered,44,56.30411428570276,scored,85,,hotspot_filtered,123,11.121870479172197,aligned
ZINCf5000002sbOB,decoy,CO[C@H](C)CS(=O)(=O)NCCSCCO,,,,,,,CHEMBL3099769,7.398856666666671,0.1282051282051282,257.37699999999995,-0.3337999999999991,75.63000000000001,2,5,9,0,306,,hotspot_filtered,76,56.30411428570276,scored,306,,hotspot_filtered,160,10.683898743437323,aligned
ZINCf500000095A6,decoy,CC[C@@H](O)CC(=O)NCCS(=O)(=O)CC,,,,,,,CHEMBL3315203,4.99418666666667,0.1265822784810126,237.321,-0.3016999999999996,83.47,2,4,7,0,86,,hotspot_filtered,133,45.9235345180948,scored,86,,hotspot_filtered,112,11.293435825559486,aligned
ZINCf5000002rP1l,decoy,CC(=O)OCC(=O)OCc1cnnn1C,,,,,,c1c[nH]nn1,CHEMBL1301125,6.154020000000004,0.1549295774647887,213.193,-0.5786000000000004,83.31,0,7,4,0,294,,hotspot_filtered,109,47.87653947952321,scored,294,,hotspot_filtered,201,10.288601362268809,aligned
ZINCf500000097Fu,decoy,CC[C@H](CS(C)(=O)=O)NC(=O)CCCO,,,,,,,CHEMBL3315221,4.99418666666667,0.1518987341772152,237.321,-0.3016999999999996,83.47,2,4,7,0,88,,hotspot_filtered,135,45.9235345180948,scored,88,,hotspot_filtered,109,11.321417611029476,aligned
ZINCf5000002rwnY,decoy,C[C@H](CN=[N+]=[N-])NC(=O)[C@@H](N)CC(=O)O,,,,,,,CHEMBL1323442,5.246573333333335,0.1587301587301587,215.213,-0.3965999999999999,141.18,3,4,6,0,41,,chemistry_filtered,224,42.61693352137449,scored,41,,chemistry_filtered,309,,chemistry_filtered
ZINCf5000002qZ68,decoy,C=CCCS(=O)(=O)NC(CCN)CCN,,,,,,,CHEMBL463811,7.584533333333336,0.073170731707317,235.35299999999992,-0.4518999999999979,98.21,3,4,9,0,286,,hotspot_filtered,168,45.9235345180948,scored,286,,hotspot_filtered,154,10.716350123583103,aligned
ZINCf50000024OkN,decoy,CCS(=O)(=O)NCCNC(=O)C1(Cl)CC1,,,,,,C1CC1,CHEMBL294989,3.808590000000002,0.125,254.739,-0.1867000000000001,75.27000000000001,2,3,6,0,240,,hotspot_filtered,190,45.68963875112742,scored,240,,hotspot_filtered,189,10.497108675027516,aligned
ZINCf50000009xNF,decoy,COC[C@@H](O)CNS(=O)(=O)CCCC#N,,,,,,,CHEMBL462830,7.18464666666667,0.1351351351351351,236.29299999999995,-0.7831199999999996,99.42,2,5,8,0,143,,hotspot_filtered,293,35.49599821244653,scored,143,,hotspot_filtered,119,11.153980049727004,aligned
ZINCf50000009wRb,decoy,COC[C@@H](C)N(C)CCc1nnnn1C,,,,,,c1nnn[nH]1,CHEMBL2431120,5.4876800000000046,0.1111111111111111,213.28500000000005,-0.280699999999999,56.07,0,6,6,0,142,,hotspot_filtered,28,58.30407578517147,scored,142,,hotspot_filtered,239,9.842989898634965,aligned
ZINCf500000098za,decoy,CC[C@H](O)CCNC(=O)CCS(C)(=O)=O,,,,,,,CHEMBL3315193,4.994186666666669,0.1375,237.321,-0.3016999999999996,83.47,2,4,7,0,89,,hotspot_filtered,180,45.68963875112742,scored,89,,hotspot_filtered,82,11.633359432267223,aligned
ZINCf50000017KTo,decoy,COCC[C@H](CO)NS(=O)(=O)CCSC,,,,,,,CHEMBL3099769,7.398856666666672,0.1139240506329113,257.37699999999995,-0.3337999999999992,75.63,2,5,9,0,202,,hotspot_filtered,246,42.35030222413134,scored,202,,hotspot_filtered,34,12.45861083130919,aligned
ZINCf50000009I3k,decoy,C[C@@H](C(=O)NCCCCCO)S(C)(=O)=O,,,,,,,CHEMBL3315203,4.99418666666667,0.1333333333333333,237.321,-0.3016999999999996,83.47,2,4,7,0,108,,hotspot_filtered,11,66.73165059135103,scored,108,,hotspot_filtered,195,10.34941270915702,aligned
ZINCf50000017rkQ,decoy,CC(=O)OCCOC(=O)[C@H]1COC(=O)O1,,,,,,O=C1OCCO1,CHEMBL1301125,6.159340000000004,0.1639344262295081,218.161,-0.3718999999999999,88.13000000000001,0,7,4,0,208,,hotspot_filtered,206,45.18946444047591,scored,208,,hotspot_filtered,155,10.716266537618436,aligned
ZINCf50000009MQf,decoy,C[C@@H](O)CCNC(=O)CCCS(C)(=O)=O,,,,,,,CHEMBL3315221,4.99418666666667,0.1375,237.321,-0.3016999999999996,83.47,2,4,7,0,113,,hotspot_filtered,144,45.9235345180948,scored,113,,hotspot_filtered,136,10.99460496340252,aligned
ZINCf50000017BhD,decoy,CC[S@@](=N)(=O)NC(=O)CCCCC(N)=O,,,,,,,CHEMBL1323442,5.269366666666669,0.1538461538461538,235.3089999999999,0.1299699999999995,113.11,3,4,7,0,192,,hotspot_filtered,13,66.73165059135103,scored,192,,hotspot_filtered,42,12.308730405014714,aligned
ZINCf50000009H9b,decoy,CSC[C@H](CCO)NC(=O)CSCCN,,,,,,,CHEMBL463811,7.58814666666667,0.1232876712328767,252.40499999999997,-0.0914999999999995,75.35,3,5,9,0,105,,hotspot_filtered,46,56.30411428570276,scored,105,,hotspot_filtered,229,9.99507181713063,aligned
ZINCf50000008Z6v,decoy,CCNC(=O)CNS(=O)(=O)C1(CCl)CC1,,,,,,C1CC1,CHEMBL294989,3.8085900000000015,0.1219512195121951,254.73899999999995,-0.1867000000000001,75.27000000000001,2,3,6,0,70,,hotspot_filtered,230,42.35030222413134,scored,70,,hotspot_filtered,130,11.0752625986257,aligned
ZINCf50000008TKQ,decoy,CCCCn1c(O)nnc1SCC(N)=O,,,,,,c1nnc[nH]1,CHEMBL462830,7.197366666666671,0.1216216216216216,230.29299999999995,0.3612000000000001,94.03,2,6,6,0,59,,hotspot_filtered,23,58.30407578517147,scored,59,,hotspot_filtered,117,11.203049458306788,aligned
ZINCf50000009vvW,decoy,COCCOCCn1c(C)nn(C)c1=O,,,,,,O=c1[nH]cn[nH]1,CHEMBL2431120,5.490320000000005,0.1506849315068493,215.253,-0.4467799999999997,58.28,0,6,6,0,140,,hotspot_filtered,304,31.92276591848309,scored,140,,hotspot_filtered,142,10.859661708981704,aligned
ZINCf50000009Uke,decoy,C[C@H](CCCCO)NC(=O)CS(C)(=O)=O,,,,,,,CHEMBL3315193,4.994186666666669,0.1538461538461538,237.321,-0.3016999999999996,83.47,2,4,7,0,115,,hotspot_filtered,50,56.30411428570276,scored,115,,hotspot_filtered,228,9.997266271302676,aligned
ZINCf5000002s5p1,decoy,COCC[C@@H](O)CNS(=O)(=O)CCSC,,,,,,,CHEMBL3099769,7.398856666666672,0.1125,257.37699999999995,-0.3337999999999992,75.63,2,5,9,0,299,,hotspot_filtered,270,42.35030222413134,scored,299,,hotspot_filtered,73,11.79552640714924,aligned
ZINCf50000017yYU,decoy,CCS(=O)(=O)CCCNC(=O)C[C@@H](C)O,,,,,,,CHEMBL3315203,4.99418666666667,0.1392405063291139,237.321,-0.3016999999999996,83.47,2,4,7,0,211,,hotspot_filtered,154,45.9235345180948,scored,211,,hotspot_filtered,122,11.122508119811403,aligned
ZINCf5000002rOYd,decoy,CC(=O)OCCOC(=O)[C@@H]1COC(=O)O1,,,,,,O=C1OCCO1,CHEMBL1301125,6.159340000000004,0.1639344262295081,218.161,-0.3718999999999999,88.13000000000001,0,7,4,0,293,,hotspot_filtered,210,45.18946444047591,scored,293,,hotspot_filtered,116,11.238642476872489,aligned
ZINCf50000024GA8,decoy,CCCCC(=O)N[C@@H](CO)CS(C)(=O)=O,,,,,,,CHEMBL3315221,4.99418666666667,0.1375,237.321,-0.3016999999999996,83.47,2,4,7,0,238,,hotspot_filtered,189,45.68963875112742,scored,238,,hotspot_filtered,45,12.282401133516638,aligned
ZINCf50000017Bnz,decoy,CC[S@](=N)(=O)NC(=O)CCCCC(N)=O,,,,,,,CHEMBL1323442,5.269366666666669,0.1538461538461538,235.3089999999999,0.1299699999999995,113.11,3,4,7,0,196,,hotspot_filtered,58,56.30411428570276,scored,196,,hotspot_filtered,40,12.319164041499926,aligned
ZINCf5000002dw11,decoy,CCCCSCC(=O)NOC[C@H](O)CO,,,,,,,CHEMBL463811,7.593253333333336,0.1384615384615384,237.321,-0.0792999999999997,78.79,3,5,9,0,268,,hotspot_filtered,161,45.9235345180948,scored,268,,hotspot_filtered,211,10.17927409458966,aligned
ZINCf5000000avdr,decoy,O=C1CC[C@H](CNS(=O)(=O)CCCCl)N1,,,,,,O=C1CCCN1,CHEMBL294989,3.808590000000003,0.088235294117647,254.739,-0.1867,75.27,2,3,6,0,187,,hotspot_filtered,243,42.35030222413134,scored,187,,hotspot_filtered,223,10.08737004863186,aligned
ZINCf50000009CNG,decoy,CO[C@@H](CN)Cc1nc(CCCN)no1,,,,,,c1ncon1,CHEMBL462830,7.20060666666667,0.0975609756097561,214.269,-0.522899999999999,100.19,2,6,7,0,96,,hotspot_filtered,45,56.30411428570276,scored,96,,hotspot_filtered,85,11.61626372862067,aligned
ZINCf50000009AHW,decoy,COCc1noc(=O)n1CC(OC)OC,,,,,,O=c1[nH]cno1,CHEMBL2431120,5.492506666666672,0.1153846153846153,218.209,-0.3984000000000001,75.72000000000001,0,7,6,0,92,,hotspot_filtered,308,24.38134836721968,scored,92,,hotspot_filtered,215,10.157018163425032,aligned
ZINCf5000002qYb3,decoy,CCCC(=O)NC[C@H](O)CCS(C)(=O)=O,,,,,,,CHEMBL3315193,4.994186666666669,0.1304347826086956,237.321,-0.3016999999999996,83.47,2,4,7,0,285,,hotspot_filtered,167,45.9235345180948,scored,285,,hotspot_filtered,139,10.95756261692478,aligned
ZINCf5000002s7Vj,decoy,COC[C@@H](O)CCNS(=O)(=O)CCSC,,,,,,,CHEMBL3099769,7.398856666666672,0.119047619047619,257.37699999999995,-0.3337999999999992,75.63,2,5,9,0,301,,hotspot_filtered,272,42.35030222413134,scored,301,,hotspot_filtered,81,11.653433684726718,aligned
ZINCf50000009kHx,decoy,CNC(=O)[C@@H](C)S(=O)(=O)CCCCCO,,,,,,,CHEMBL3315203,4.994186666666672,0.141025641025641,237.3209999999999,-0.3017000000000004,83.47,2,4,7,0,122,,hotspot_filtered,219,42.61693352137449,scored,122,,hotspot_filtered,135,11.011702813360069,aligned
ZINCf50000009aXv,decoy,CCn1nnn(CCc2cnoc2)c1=O,,,,,,O=c1[nH]nnn1CCc1cnoc1,CHEMBL1301125,6.162126666666671,0.1012658227848101,209.209,-0.3096000000000003,78.74000000000001,0,7,4,0,119,,hotspot_filtered,27,58.30407578517147,scored,119,,hotspot_filtered,121,11.144042687546452,aligned
ZINCf5000000SL7k,decoy,CN=[S@](C)(=O)CCNC(=O)CCCCO,,,,,,,CHEMBL3315221,4.996093333333337,0.1111111111111111,236.337,-0.0071999999999998,78.76,2,4,7,0,151,,hotspot_filtered,53,56.30411428570276,scored,151,,hotspot_filtered,62,11.948699158528283,aligned
ZINCf5000002r7nt,decoy,CC[C@@H](CO)CNC(=O)[C@@H](N)CN=[N+]=[N-],,,,,,,CHEMBL1323442,5.277400000000002,0.12,215.257,-0.2413000000000002,124.11,3,4,7,0,28,,chemistry_filtered,221,42.61693352137449,scored,28,,chemistry_filtered,296,,chemistry_filtered
ZINCf5000002eakk,decoy,CSCCCCC(=O)NOC[C@@H](O)CO,,,,,,,CHEMBL463811,7.593253333333336,0.140625,237.321,-0.0792999999999997,78.79,3,5,9,0,273,,hotspot_filtered,163,45.9235345180948,scored,273,,hotspot_filtered,199,10.312725198086532,aligned
ZINCf5000002e28W,decoy,CNS(=O)(=O)CCC(=O)NCC1(Cl)CC1,,,,,,C1CC1,CHEMBL294989,3.808590000000003,0.1216216216216216,254.739,-0.1867000000000001,75.27,2,3,6,0,270,,hotspot_filtered,162,45.9235345180948,scored,270,,hotspot_filtered,115,11.251761117301644,aligned
ZINCf500000091sp,decoy,CCOCCCC(=O)NS(=O)(=O)CCN,,,,,,,CHEMBL462830,7.207740000000003,0.1571428571428571,238.309,-0.7921999999999978,98.49,2,5,8,0,81,,hotspot_filtered,130,45.9235345180948,scored,81,,hotspot_filtered,6,13.800049634213698,aligned
ZINCf50000009zYT,decoy,COC[C@H](OC)C(=O)OCC1OCCO1,,,,,,C1COCO1,CHEMBL2431120,5.497520000000004,0.1694915254237288,220.22099999999995,-0.4360999999999999,63.22000000000001,0,6,6,0,145,,hotspot_filtered,309,24.38134836721968,scored,145,,hotspot_filtered,274,8.389729445733385,aligned
ZINCf5000001N6HT,decoy,CNCCCCC(=O)N=S(C)(=O)CCO,,,,,,,CHEMBL3315193,4.996093333333336,0.0958904109589041,236.337,-0.0071999999999998,78.76,2,4,7,0,226,,hotspot_filtered,63,56.30411428570276,scored,226,,hotspot_filtered,8,13.452564769695924,aligned
ZINCf50000009sr4,decoy,COC(CS(=O)(=O)NCCCCO)OC,,,,,,,CHEMBL3099769,7.436336666666671,0.12,241.30899999999997,-0.7027999999999992,84.86000000000001,2,5,9,0,131,,hotspot_filtered,236,42.35030222413134,scored,131,,hotspot_filtered,183,10.535419234565408,aligned
ZINCf50000009FPs,decoy,CS(=O)(=O)CC[C@H](N)C(=O)NCC=CBr,,,,,,,CHEMBL3315203,4.9971633333333365,0.1095890410958904,299.19,-0.2267999999999994,89.25999999999999,2,4,6,0,98,,hotspot_filtered,181,45.68963875112742,scored,98,,hotspot_filtered,143,10.849753843158023,aligned
ZINCf50000009KPp,decoy,C[C@@H](CSCc1nnn(C)n1)S(C)(=O)=O,,,,,,c1nn[nH]n1,CHEMBL1301125,6.166726666666671,0.1325301204819277,250.349,-0.1235999999999997,77.74000000000001,0,7,5,0,110,,hotspot_filtered,87,47.87653947952321,scored,110,,hotspot_filtered,134,11.014749386020815,aligned
ZINCf50000017phT,decoy,C=CC[C@@H](CN)C(=O)NS(=O)(=O)CCC,,,,,,,CHEMBL3315221,4.999053333333337,0.1081081081081081,234.321,-0.0065999999999994,89.25999999999999,2,4,7,0,207,,hotspot_filtered,151,45.9235345180948,scored,207,,hotspot_filtered,197,10.330325657111077,aligned
ZINCf5000002aW76,decoy,O=C(NOC[C@H](O)CO)c1csc(I)n1,,,,,,c1cscn1,CHEMBL1323442,5.283470000000001,0.1625,344.13,-0.2376999999999998,91.68,3,6,5,0,256,,hotspot_filtered,217,43.88282494322431,scored,256,,hotspot_filtered,23,12.80135366187784,aligned
ZINCf5000001Lr3T,decoy,N#CCCC(C#N)CNCC[C@@H](O)CO,,,,,,,CHEMBL463811,7.607840000000003,0.0789473684210526,211.265,-0.23714,100.07,3,5,8,0,224,,hotspot_filtered,252,42.35030222413134,scored,224,,hotspot_filtered,161,10.683786858586943,aligned
ZINCf500000090a2,decoy,CCNS(=O)(=O)NCc1c(I)cnn1C,,,,,,c1cn[nH]c1,CHEMBL294989,3.811866666666669,0.1265822784810126,344.17800000000005,-0.0314000000000005,76.02000000000001,2,4,5,0,72,,hotspot_filtered,82,47.87653947952321,scored,72,,hotspot_filtered,158,10.71253015570577,aligned
ZINCf5000000WArE,decoy,COC(=O)CCS(=O)(=O)NCCCCN,,,,,,,CHEMBL462830,7.207740000000003,0.1388888888888889,238.309,-0.7921999999999982,98.49,2,5,8,0,158,,hotspot_filtered,56,56.30411428570276,scored,158,,hotspot_filtered,105,11.33818911936856,aligned
ZINCf5000001rTZS,decoy,COCC(OC)C(=O)OCC1OCCO1,,,,,,C1COCO1,CHEMBL2431120,5.497520000000004,0.1694915254237288,220.22099999999995,-0.4360999999999999,63.22000000000001,0,6,6,0,233,,hotspot_filtered,310,24.38134836721968,scored,233,,hotspot_filtered,272,8.422127621843329,aligned
ZINCf50000008Hhj,decoy,C=C[C@@H](CC)CC(=O)NS(=O)(=O)CCN,,,,,,,CHEMBL3315193,4.999053333333336,0.1325301204819277,234.32099999999997,-0.0065999999999993,89.26,2,4,7,0,51,,hotspot_filtered,226,42.35030222413134,scored,51,,hotspot_filtered,270,8.532976756492658,aligned
ZINCf5000000axRX,decoy,O=[N+]([O-])CCNC[C@H](O)COCC1CC1,,,,,,C1CC1,CHEMBL3099769,7.447430000000004,0.1194029850746268,218.253,-0.3598000000000008,84.63000000000001,2,5,9,0,188,,hotspot_filtered,184,45.68963875112742,scored,188,,hotspot_filtered,265,8.944731588914966,aligned
ZINCf5000000SKov,decoy,CCNCCCNS(=O)(=O)N=S(C)(C)=O,,,,,,,CHEMBL3315203,5.00018666666667,0.1029411764705882,257.38100000000003,-0.4519999999999988,87.63,2,4,7,0,150,,hotspot_filtered,240,42.35030222413134,scored,150,,hotspot_filtered,219,10.131091088533118,aligned
ZINCf50000009rDe,decoy,COC(=O)[C@H](C)OC(=O)Cn1cncn1,,,,,,c1nc[nH]n1,CHEMBL1301125,6.179753333333337,0.2131147540983606,213.193,-0.6172000000000006,83.31,0,7,4,0,129,,hotspot_filtered,89,47.87653947952321,scored,129,,hotspot_filtered,191,10.469711631141882,aligned
ZINCf5000000WBK7,decoy,NCCOCCNS(=O)(=O)C1CCCC1,,,,,,C1CCCC1,CHEMBL3315221,5.00242666666667,0.078125,236.33699999999996,-0.1762999999999999,81.41999999999999,2,4,7,0,159,,hotspot_filtered,283,38.35658768783245,scored,159,,hotspot_filtered,20,12.84510147843264,aligned
ZINCf5000002aK4C,decoy,CC[C@@H](CN)SCC(=O)Nc1nn[nH]n1,,,,,,c1nn[nH]n1,CHEMBL1323442,5.308200000000001,0.1780821917808219,230.29700000000005,-0.3912999999999999,109.58,3,6,6,0,254,,hotspot_filtered,42,58.30407578517147,scored,254,,hotspot_filtered,60,11.965395230723736,aligned
