stage3_screen_rank,zinc_id,smiles,coverage_pct,anchor_weighted_pct,geometry_penalty_factor,weighted_coverage_pct,features_matched,mw,logp,hbd,hba,rotatable_bonds,lipinski,chemistry_flagged,pains_alert,reactive_flags,hotspot_weighted_pct,hotspot_bits_matched,hotspot_exact_matches,hotspot_compatible_matches,hotspot_exact_residue_count,hotspot_group_count,hotspot_required_groups_pass,native_supported_hotspot_bits_matched,native_supported_hotspot_exact_matches,native_supported_hotspot_exact_residue_count,native_supported_hotspot_weighted_pct,pair_hash_overlap_pct,pair_hash_recall_pct,pair_hash_precision_pct,cascade_score_pct,shortlist_rank,rerank_conformers,best_conformer_id,fit_rmsd_angstrom,mean_pair_distance_error_angstrom,reference_feature_span_angstrom,ligand_feature_span_angstrom,rerank_query_feature_count
1,ZINCk700000BmVa0,NCCCC(=O)NNC(=O)c1c[nH]nc1-c1ccoc1,17.857142857142858,19.267729830797304,0.8781619102849424,16.92018643506713,5,277.28400000000005,0.16960000000000047,4,5,5,1,,,,38.92405593253,12,7,5,7,3,1,,,,,23.28907852170079,15.428245923631584,47.48116896877228,29.543069486032476,1449,16,13,0.8834462444428475,0.6866608483945058,11.611623357653302,11.025099988756898,28
2,ZINCk7000018Tshr,NCCCCNCCC(=O)NCc1nc(C(=O)O)cs1,21.428571428571427,24.325016155600277,0.6888071288923054,16.75524453839797,6,300.384,0.1761000000000008,4,6,10,1,,,,37.49136825579339,13,8,5,8,4,1,,,,,25.50881357054869,17.55060355314655,46.67188355227145,30.301835444646567,793,16,13,1.5886127970215713,1.1116634997951862,15.443445405737666,13.605932418578382,28
3,ZINCk800000JTqg0,CNC1(C(=O)Nc2cccc(NC(=O)CO)c2)CSC1,17.857142857142858,19.267729830797304,0.860251135640793,16.575086468163367,5,295.36400000000003,0.26089999999999935,4,5,5,1,,,,32.983637231917015,11,7,4,7,4,1,,,,,18.887498322593395,11.840397482235554,46.655883057752234,24.525953886322842,32873,16,6,0.8625031314072771,0.8138055389878274,11.611623357653302,11.001231022290648,28
4,ZINCk800000xc9ya,CC[C@H](CS)NC(=O)c1cnn2cc(C(N)=O)cnc12,17.857142857142858,19.267729830797304,0.8444981771754009,16.27156272041642,5,293.35200000000003,0.26639999999999986,3,6,5,1,,,,34.168309532736544,12,7,5,7,3,1,,,,,17.294180783317582,11.047132054246001,39.80162133464019,24.043832283085166,41443,16,13,1.2616911237914972,0.6389618356603203,11.611623357653302,11.902483191375453,28
5,ZINCk50000046DYp,NC[C@H]1C[C@@H]1CNC(=O)c1cccc(OCC(N)=O)c1,17.857142857142858,19.267729830797304,0.8434941057404904,16.252216543277743,5,277.324,-0.12470000000000037,3,4,7,1,,,,32.391143412755326,11,6,5,6,4,1,,,,,21.02532469993832,13.322872335724941,49.83928571428572,25.571652185065126,19047,16,0,0.9899355109280872,0.8725413510008957,11.611623357653302,11.591216689634116,28
6,ZINCk7000004g5zx,C[C@H](ON)C(=O)NCc1ccc(N2CCNC2=O)cc1,17.857142857142858,19.267729830797304,0.8387631082219354,16.161060961260052,5,278.31199999999995,0.11120000000000047,3,4,5,1,,,,32.391143412755326,11,6,5,6,4,1,,,,,22.383717241101987,14.27874544259719,51.769212635549266,26.386687709763322,11976,16,10,1.1985792101772659,0.745230316282436,11.611623357653302,11.594538212442934,28
7,ZINCj7000002oOqO,NOCCCC(=O)Nc1cccc(OCC(N)=O)c1,17.857142857142858,19.267729830797304,0.8386346457222268,16.158585780522277,5,267.28499999999997,0.15969999999999962,3,5,8,1,,,,34.38695355472221,11,6,5,6,3,1,,,,,22.283637036029333,14.414849880497712,49.06999767062658,27.124963643506483,7672,16,14,1.019849930204954,0.8778167988562394,11.611623357653302,11.419794838766439,28
8,ZINCk500000ggtEH,C[C@H](CN)CC(=O)Nc1cnn([C@H]2CNCCOC2)c1,17.857142857142858,19.267729830797304,0.8371257855834384,16.129513471015645,5,281.36,-0.03259999999999974,3,6,5,1,,,,32.391143412755326,11,6,5,6,4,1,,,,,18.14561683409396,11.392183570118478,44.56333803810868,23.84382746555851,45517,16,1,1.0023824158111447,0.8601089774551032,11.611623357653302,12.24771121539799,28
9,ZINCk50000046fhj,NC(=O)Cc1ccc(OCC(=O)NCC#CCO)cc1,17.857142857142858,21.697772545463838,0.7404208132942315,16.065482394785583,5,276.2919999999999,-0.7948999999999995,3,4,6,1,,,,32.391143412755326,11,6,5,6,4,1,,,,,24.716342351606976,15.701818655598327,58.0341569767442,27.786262776066316,5014,16,8,1.3724802875535342,1.0692877796196414,15.443445405737666,14.11370097313272,28
10,ZINCj600000PK0w1,CO[C@@H](CO)CNc1nccc(=N[C@H](C)CCO)[nH]1,17.857142857142858,19.267729830797304,0.8318479122805381,16.027820834134182,5,270.33299999999997,-0.49949999999999956,4,6,8,1,,,,32.391143412755326,11,6,5,6,4,1,,,,,19.79136592828557,12.425554878848383,48.60299488677866,24.831276922073474,28186,16,6,1.304941845708348,0.7004676519406109,11.611623357653302,11.689038163031457,28
11,ZINCk800000gvSjm,O=C(Nc1ccc(COCCO)cc1)[C@@H](O)CCCO,14.285714285714286,17.041827117919773,0.9396045842477292,16.012578883954685,4,283.324,0.2673999999999998,4,5,9,1,,,,32.983637231917015,11,7,4,7,4,1,,,,,21.284314149220524,13.534896980453784,49.79379562043796,25.964043382299117,15199,16,9,0.5406306027454785,0.5259355081409692,15.443445405737666,15.361767626002784,28
12,ZINCk500000ggr6A,C[C@H](CCNC(=O)c1cc[nH]n1)NC(=O)CCC(N)=O,17.857142857142858,20.24202807755431,0.7903787241644674,15.998868326438702,5,281.31600000000003,-0.7001999999999988,4,4,8,1,,,,41.48246235996464,14,9,5,9,4,1,,,,,25.285756189634633,18.57714311258159,39.57837323059606,31.764438657766636,198,16,14,1.0171383017148394,0.9667779312548198,15.443445405737666,13.963599740875233,28
13,ZINCk50000043VVK,C[C@H](NC(=O)c1cnn(C[C@@H](O)CO)c1)[C@H](C)C(=O)O,17.857142857142858,19.267729830797304,0.828316942219395,15.959787056955443,5,285.3,-0.9246999999999994,4,6,7,1,,,,35.53084632385342,12,7,5,7,4,1,,,,,21.68096890182259,14.359053340573066,44.23931983416452,27.22091987063492,7239,16,6,1.388687266582347,0.6462172921011059,11.611623357653302,11.759275972068817,28
14,ZINCk6000004dFhY,NC(=O)Nc1cccc(C(=O)NC2(CCO)COC2)c1,17.857142857142858,19.267729830797304,0.8267009050702188,15.928649689768584,5,279.296,0.05840000000000023,4,4,5,1,,,,32.391143412755326,11,6,5,6,4,1,,,,,19.1513477562108,11.983268929653413,47.66078713702904,24.447266018828614,34119,16,7,1.1385563251881776,0.8099538924233004,11.611623357653302,10.863697331302541,28
15,ZINCk6000018Tgp7,COC[C@H](CO)CN=c1[nH]ccn2nc(C(=O)O)cc12,17.857142857142858,19.267729830797304,0.8248506976249518,15.89300039258225,5,280.28400000000005,-0.4837999999999998,3,6,6,1,,,,38.92405593253,12,7,5,7,3,1,,,,,18.800093520342564,12.452365338523276,38.348820233585855,26.84967848521754,9122,16,2,1.1498005326550789,0.8291616983145744,11.611623357653302,10.969236604191863,28
16,ZINCj800000xc7Sc,CC(C)[C@@H](CO)CNC(=O)c1cc(CC(=O)O)on1,17.857142857142858,19.267729830797304,0.8216956511366432,15.832209809241915,5,270.28499999999997,0.2959999999999998,3,5,7,1,,,,34.351665344695306,12,7,5,7,4,1,,,,,16.98306545202845,11.006697036213732,37.160088392363896,23.93050540909519,43665,16,12,1.0583368599347565,0.8686066944016035,11.611623357653302,10.67744985908222,28
17,ZINCi700000JaK9l,NC(=O)CCNCc1ccc(OCC(=O)O)cc1,17.857142857142858,19.267729830797304,0.8215726708053952,15.829840257444927,5,252.26999999999998,0.11499999999999971,3,4,8,1,,,,30.395859450550955,10,5,5,5,3,1,,,,,21.970117041889267,13.656049982964916,56.16360454943133,25.34041400535394,21558,16,13,1.1246720688697296,0.894214204424495,11.611623357653302,11.195722641996367,28
18,ZINCj600000AJ1v6,CC[C@H](CN)NC(=O)c1ccc(OCC(N)=O)cc1,17.857142857142858,19.267729830797304,0.8199405293327048,15.798392596503488,5,265.313,0.01780000000000037,3,4,7,1,,,,32.391143412755326,11,6,5,6,4,1,,,,,23.696726370819754,15.049817488043725,55.698344132469416,27.174493187593985,7441,16,14,1.1246176918579323,0.8904175832891777,11.611623357653302,11.058132001921592,28
19,ZINCk7000004erhQ,CC=C[C@H](O)C(=O)NCc1cccc(OCC(N)=O)c1,17.857142857142858,19.267729830797304,0.8191301878460573,15.782779155668077,5,278.308,0.10389999999999977,3,4,7,1,,,,32.391143412755326,11,6,5,6,4,1,,,,,21.613963478002656,13.755592190763947,50.415758896151054,25.92483545190373,15576,16,12,1.2206057083628674,0.6254932620384412,11.611623357653302,10.173240300213413,28
20,ZINCk800000EmnEY,C[C@@H](O)CNC(=O)c1nc(C(=O)Nc2cnc[nH]2)cs1,17.857142857142858,19.267729830797304,0.8189612468803439,15.779524046783358,5,295.324,0.22909999999999975,4,6,5,1,,,,38.92405593253,12,7,5,7,3,1,,,,,22.239125375337306,15.042528768481978,42.637723135122364,28.91309759821439,2367,16,10,1.305609404310245,0.778687173939389,11.611623357653302,11.910261676462614,28
21,ZINCk700000Bngy6,C[C@@]1(C(=O)Nc2cccc(CC(=O)O)n2)CNC(=O)C1,17.857142857142858,19.267729830797304,0.8189168523048213,15.778668664096234,5,277.28000000000003,0.1733999999999996,3,4,4,1,,,,34.38695355472221,11,6,5,6,3,1,,,,,18.16360196868485,11.655485095391406,41.128899835796396,24.652942603099792,30852,16,7,1.0994818865081428,0.8918500136652643,11.611623357653302,10.884039717009161,28
22,ZINCk500000g83Lx,CC(=O)NNC(=O)Cn1cc(-c2ccc(N)cn2)nn1,17.857142857142858,19.267729830797304,0.8183822254760298,15.768367618798784,5,275.272,-0.9103999999999997,3,7,3,1,,,,31.89059216517487,10,5,5,5,2,1,,,,,19.95789082103186,12.405202222811909,51.02132435465766,24.730971358689064,29649,16,8,1.2981026965898659,0.7977354528471077,11.611623357653302,11.713981933319468,28
23,ZINCk600000PyvYx,C[C@@H](O)CCc1cn(Cc2cc(=O)c(O)cn2C)nn1,17.857142857142858,19.267729830797304,0.8160930018025987,15.724259475536849,5,278.312,0.04409999999999986,2,7,5,1,,,,32.7537958744331,11,6,5,6,3,1,,,,,18.616863001021734,11.667187834473793,46.04257641921397,24.271636150386282,37082,16,2,1.0227058368471942,0.9826862806177423,11.611623357653302,11.038983773069297,28
24,ZINCk500000dq3tN,N[C@H](CC(=O)O)C(=O)NCc1cccc(CC(=O)O)c1,17.857142857142858,19.267729830797304,0.815725880488445,15.717185881240608,5,280.28,-0.2680999999999996,4,4,7,1,,,,35.53084632385342,12,7,5,7,4,1,,,,,21.242550559742448,14.224928196830444,41.926034969656925,26.957868865386835,8526,16,3,1.297606435967277,0.8157782644156836,11.611623357653302,11.709539120605514,28
25,ZINCk5000003VEjZ,CC(C)(O)CNC(=O)COc1ccc(S(N)(=O)=O)cc1,17.857142857142858,19.267729830797304,0.811679822453606,15.639227528145604,5,302.35200000000003,-0.40009999999999923,3,5,6,1,,,,30.395859450550955,10,5,5,5,3,1,,,,,19.378467228904007,11.969602440904014,50.85855979818829,23.785424117562787,46728,16,4,1.0425280069775915,0.9964448557087181,11.611623357653302,11.042492533436603,28
26,ZINCk50000041ja5,COC[C@@H](N)Cc1cn(Cc2nc(C(N)=O)cs2)nn1,17.857142857142858,19.267729830797304,0.8116723383331652,15.63908332613493,5,296.356,-0.6019999999999999,2,8,7,1,,,,36.74488997860436,12,7,5,7,3,1,,,,,25.9831672024163,16.951054040396578,55.61881041333096,30.287856312891527,801,16,8,1.195756873672625,0.8820768141875345,11.611623357653302,10.996549032160347,28
27,ZINCk600000goL7I,CC(C)(C(N)=O)C(=O)NCc1ccc(-c2nn[nH]n2)s1,17.857142857142858,19.267729830797304,0.8082108432073777,15.572388173240634,5,294.34000000000003,0.05589999999999945,3,6,5,1,,,,32.07394797713363,10,5,5,5,2,1,,,,,19.246837177922885,11.958279074808376,49.28753809406144,24.37768149760718,35330,16,3,1.1763952203845425,0.8973400406828025,11.611623357653302,10.848440132281445,28
28,ZINCk500000453Yj,Cc1nccn1-c1cncc(NCc2nc(O)n[nH]2)n1,14.285714285714286,16.628609428741346,0.9330733342851039,15.515712044200404,4,272.272,0.4065199999999997,3,8,4,1,,,,40.693177378886034,12,7,5,7,3,1,,,,,22.555123653949114,14.996645462397975,45.47507208187739,29.810345143923882,1178,16,3,0.6663439707929298,0.49094215154806314,9.711946045978637,9.824180997427323,28
29,ZINCk5000009Fisu,C[C@H](O)CCCc1cn(CCCNC(=O)[C@@H](C)O)nn1,17.857142857142858,19.267729830797304,0.805121275460622,15.512859216602198,5,284.35999999999996,-0.13129999999999986,3,6,9,1,,,,29.843934320818928,10,6,4,6,4,1,,,,,21.19207541322405,12.803380441052228,61.460823373173966,24.652818976262,30856,16,4,1.161537156603871,0.7551994764121239,11.611623357653302,10.09863760180228,28
30,ZINCk7000018TgKW,COC[C@H](O)Cn1cc(-c2ccc(C(=O)NO)s2)nn1,17.857142857142858,19.267729830797304,0.8043332803046873,15.497676338829674,5,298.324,0.1328999999999999,3,8,6,1,,,,30.758511912228727,10,5,5,5,2,1,,,,,20.900796621678495,12.821673523820806,56.50613416862439,24.843882737898586,28021,16,11,1.2707497612060143,0.9111507952220232,11.611623357653302,11.639701520865088,28
31,ZINCj700000BmAc8,CN(C)C(=O)CCCNCc1ccnc(C(N)=O)c1,17.857142857142858,19.267729830797304,0.8035393529549312,15.482379161149291,5,264.32899999999995,0.1385000000000004,2,4,7,1,,,,30.17721542856529,11,6,5,6,3,1,,,,,20.014940339538875,12.773393065373623,46.215803872053876,24.07985037514944,40740,16,4,1.1162361588767156,0.9781884125663597,11.611623357653302,10.905828506394958,28
32,ZINCk500000dpZLH,NC[C@@H]1COC[C@H]1n1cc(C(=O)Nc2cn[nH]c2)nn1,17.857142857142858,19.267729830797304,0.8030230878465482,15.472431904519901,5,277.288,-0.6002999999999998,3,7,4,1,,,,38.92405593253,12,7,5,7,3,1,,,,,20.031229615484257,13.38588186161442,39.77958851475404,27.588360142302555,5738,16,1,1.3282666554665865,0.8539069457471709,11.611623357653302,11.171810189695954,28
33,ZINCk8000004jwDm,Cc1nc(NC(=O)C2(C(N)=O)CC2)sc1SCC(N)=O,17.857142857142858,19.267729830797304,0.8021543116138471,15.455692558784797,5,314.39200000000005,0.23291999999999946,3,6,6,1,,,,36.38223751692659,12,7,5,7,4,1,,,,,21.530572536931967,14.21414126076195,44.36814539153721,27.471238528929813,6168,16,7,1.231157186626859,0.9206630151020543,11.611623357653302,11.038152051555064,28
34,ZINCk6000004crmJ,CNS(=O)(=O)c1cc(C(=O)N[C@H](C)[C@H](CO)SC)co1,17.857142857142858,19.267729830797304,0.8017730186736247,15.448345909426203,5,322.408,0.029900000000000537,3,6,7,1,,,,34.351665344695306,12,7,5,7,4,1,,,,,17.980833933353697,11.955941656747724,36.24616617872577,24.529166497890337,32819,16,0,1.1217525941567636,0.9716538832487854,11.611623357653302,10.815052830093585,28
35,ZINCk6000004cnPP,CNC(=O)Cc1noc(CN(C)[C@H]2CC[C@@H](O)CC2)n1,17.857142857142858,19.267729830797304,0.8015395910795572,15.443848289608656,5,282.344,0.0933999999999991,2,6,5,1,,,,30.17721542856529,11,6,5,6,3,1,,,,,20.10245578563467,12.762671123500777,47.31078804517376,24.132359642806918,39675,16,8,1.2898944546495645,0.9135118386490882,11.611623357653302,11.53196127985861,28
36,ZINCk700000AJ1zN,C=C[C@H](CO)NC(=O)c1ccc(CCNC(N)=O)cc1,17.857142857142858,19.267729830797304,0.8012081372954918,15.43746192764589,5,277.32399999999996,0.17410000000000048,4,3,7,1,,,,31.8044562527589,11,7,4,7,4,1,,,,,21.777347424149557,13.669872392742855,53.51893095768373,25.788190955593294,16820,16,15,1.2435415455174368,0.8920305679309741,11.611623357653302,10.854033352584471,28
37,ZINCk600000vsE3a,NC1CC(c2noc([C@@H]3Cc4n[nH]cc4C(=O)N3)n2)C1,14.285714285714286,16.640486220660865,0.9272596913077213,15.430052116180384,4,274.28400000000005,0.024599999999999567,3,6,2,1,,,,36.92824579056311,12,7,5,7,4,1,,,,,19.050145633784453,12.396199935683635,41.12486217254098,26.201385696495915,13298,16,12,0.7350104452781553,0.4861072246046401,11.611623357653302,11.596816553528114,28
38,ZINCj800000y9aPr,CC[C@@H](N=c1[nH]ccn2cc(C(=O)O)cc12)[C@H](C)O,17.857142857142858,19.267729830797304,0.8007189956603503,15.428037278770988,5,263.29699999999997,1.0257,3,4,4,1,,,,36.92824579056311,12,7,5,7,4,1,,,,,16.30582813900359,10.436253094686425,37.26379383441342,24.5547951996274,32360,16,5,1.0843426342681601,0.8648542314170449,11.611623357653302,10.170578352662249,28
39,ZINCj700000JXdoB,O=C(O)c1n[nH]c2c(C(=O)N[C@@H]3C[C@H]3O)cccc12,17.857142857142858,19.267729830797304,0.8002609291179668,15.419211376387814,5,261.237,0.12409999999999932,4,4,3,1,,,,38.072664739456826,12,7,5,7,4,1,,,,,14.521001805381642,9.539921542807006,30.386935940713155,23.941666979011718,43453,16,15,1.3087549503125055,0.8838869778379707,11.611623357653302,11.136955847360316,28
40,ZINCk500000468Bq,NC(=O)C(=O)Nc1cccc(NC(=O)[C@@H]2CCNC2)c1,17.857142857142858,19.267729830797304,0.7998068324657932,15.410461964776665,5,276.296,-0.3416000000000001,4,4,3,1,,,,33.53556236164904,11,6,5,6,4,1,,,,,21.21284890809848,13.575357164546178,48.4975626740947,26.141934289518705,13764,16,8,1.345295606825398,0.8753737423060306,11.611623357653302,11.85863099739823,28
41,ZINCk700000PCx1V,O=C(O)COc1cccc(C(=O)N[C@H]2CCONC2)c1,17.857142857142858,19.267729830797304,0.7993493494799652,15.401647306203545,5,280.28000000000003,0.17330000000000007,3,5,5,1,,,,36.38223751692659,12,7,5,7,4,1,,,,,24.099836956455505,16.156267130827878,47.40992991807325,29.012797180643936,2210,16,4,0.9436677637133501,0.9621981596343435,11.611623357653302,10.144404709044471,28
42,ZINCj600000JUS1m,Cc1ncc(C(=O)O)cc1C(=O)NN(C)[C@@H](C)CO,17.857142857142858,19.267729830797304,0.7990271953713466,15.3954401278748,5,267.28499999999997,0.04562000000000005,3,5,5,1,,,,38.34275944886656,13,8,5,8,4,1,,,,,16.48435223447759,11.116200132397827,31.879232310668883,25.227715120233178,22967,16,3,1.1097997234055559,1.0339697726113268,11.611623357653302,11.105455507334776,28
43,ZINCk600000EmDb7,O=C(CO)NCCc1cnc(NC(=O)c2ccno2)s1,14.285714285714286,17.4744052530532,0.8807542170857766,15.390656117692453,4,296.308,0.0343999999999996,3,7,6,1,,,,38.92405593253,12,7,5,7,3,1,,,,,23.8128938789746,16.230595638014584,44.6905828715167,29.857358700396762,1134,16,10,0.9762232699562798,0.6386453133648664,11.322353863044563,11.423127911578256,28
44,ZINCk700000GgcRw,O=C(CCCCO)NCC(=O)N1Cc2[nH]nc(I)c2C1,14.285714285714286,16.628609428741346,0.9251036276376989,15.383186905099063,4,392.19700000000006,0.1352999999999996,3,4,6,1,,,,34.351665344695306,12,7,5,7,4,1,,,,,19.315035820932376,12.614677038560021,41.19713013657424,25.329687630437547,21680,16,7,0.5613959897624882,0.5851369756195742,9.711946045978637,9.203006873801048,28
45,ZINCk600000PBNAO,NC(=O)COCc1cn(CCCCc2cnc[nH]2)nn1,17.857142857142858,19.267729830797304,0.7977562874464397,15.370952617337874,5,278.316,0.02599999999999919,2,6,9,1,,,,36.74488997860436,12,7,5,7,3,1,,,,,28.097110644624046,18.506903582812427,58.31649831649831,31.55622237821617,240,16,5,1.2221468182774624,0.9706285293100987,11.611623357653302,11.194724689765554,28
46,ZINCk8000004kaQq,O=C(O)CC[C@H]1CCN(C(=O)CCCc2nn[nH]n2)C1,14.285714285714286,16.628609428741346,0.9235661706433703,15.357621133226885,4,281.31600000000003,0.23569999999999985,2,5,7,1,,,,30.17721542856529,11,6,5,6,3,1,,,,,19.494512526364502,12.211886657027373,48.296243120363734,23.76759368724482,47081,16,11,0.7150709027923987,0.5239927217412839,9.711946045978637,9.93489229967403,28
47,ZINCj500000d750E,Cc1ncc(NC(=O)[C@]2(N)C[C@@H](O)C2)cc1C(N)=O,17.857142857142858,19.267729830797304,0.7964359161909564,15.345512060710872,5,264.28499999999997,-0.7203799999999996,4,5,3,1,,,,35.53084632385342,12,7,5,7,4,1,,,,,19.238779873937215,12.645115120062098,40.201368523949164,25.755606453903695,17161,16,4,1.155797279165623,1.0147148132895565,11.611623357653302,11.074610489474184,28
48,ZINCk50000046oYb,NC(=O)c1cc(C(=O)NC[C@H](O)c2cccnc2)on1,17.857142857142858,19.267729830797304,0.7961386056863438,15.339783562232137,5,276.252,-0.36810000000000076,3,6,5,1,,,,38.92405593253,12,7,5,7,3,1,,,,,21.44227295178717,14.374201686063667,42.18588203114315,28.434986144084306,3267,16,12,1.1497279973329018,0.9230524657696748,11.611623357653302,10.47774624825498,28
49,ZINCj50000027Gkp,CC(C)[C@](C)(O)CNC(=O)c1cn(CC(=O)O)nn1,17.857142857142858,19.267729830797304,0.7960069792826244,15.337247420246674,5,270.289,-0.5005,3,6,6,1,,,,34.351665344695306,12,7,5,7,4,1,,,,,17.351393204781623,11.116262418300938,39.515967758391994,24.15150206074709,39300,16,7,1.1179046622363626,1.0138631678665984,11.611623357653302,10.842714875280206,28
50,ZINCj600000GhHZt,O=C(O)COCCN[C@H](CO)CCc1ccncc1,14.285714285714286,16.628609428741346,0.9222020758992604,15.334938134503284,4,268.313,0.06590000000000074,3,5,10,1,,,,32.391143412755326,11,6,5,6,4,1,,,,,20.215783715342805,12.863124852245091,47.189865689865684,25.085927594307815,24799,16,15,0.6119532713053384,0.604892454491276,9.711946045978637,9.500067993135954,28
51,ZINCk800000PtJGO,Cc1cc(=N[C@H](C)CCO)[nH]c(N(C)CCC(N)=O)n1,17.857142857142858,19.267729830797304,0.795788972780604,15.333046929864388,5,281.36,-0.29867999999999845,3,5,7,1,,,,34.351665344695306,12,7,5,7,4,1,,,,,20.087722102551435,13.156829489286704,42.44995408631772,25.79329939940898,16768,16,15,1.2255607605490682,0.9805353569774564,11.611623357653302,11.197641369497951,28
52,ZINCk700000Pyu6e,C[C@@H](NC(=O)NCc1ccnc(C(N)=O)c1)C(C)(C)O,17.857142857142858,19.267729830797304,0.7956839364649575,15.331023118512089,5,280.328,0.13910000000000033,4,4,5,1,,,,34.351665344695306,12,7,5,7,4,1,,,,,23.204147523284632,15.278085157061794,48.22005479900217,27.6631546518489,5462,16,12,1.0522466299313662,1.0641619334283745,11.611623357653302,10.871862650581104,28
53,ZINCk50000045ias,Cc1sc(C(=O)N[C@@H]2CCNC[C@H]2O)cc1S(N)(=O)=O,17.857142857142858,19.267729830797304,0.7953410401378519,15.324416284721444,5,319.408,-0.8434799999999989,4,6,3,1,,,,34.94415916385699,12,8,4,8,4,1,,,,,18.636178174909208,12.497992245323474,36.62294081757169,25.159370570488313,23831,16,3,1.1126245543157531,1.0244157320792728,11.611623357653302,10.862186753368318,28
54,ZINCk600000goHGa,CC(=O)NCC1CC(O)(CNC(=O)Cc2ccns2)C1,14.285714285714286,16.628609428741346,0.9209244482013682,15.313692962519692,4,297.38,0.07899999999999974,3,5,6,1,,,,32.391143412755326,11,6,5,6,4,1,,,,,20.27938297889392,12.80149131098752,48.76518942101502,25.124087152438484,24275,16,10,0.7078222103800789,0.5463871744516853,9.711946045978637,9.442304765808744,28
55,ZINCk500000gfrNi,C[C@@H](CCCO)CNC(=O)c1cc(-c2nn[nH]n2)on1,17.857142857142858,19.267729830797304,0.7944673623566717,15.307582497274494,5,280.288,-0.006900000000000461,3,7,7,1,,,,34.932961828358735,11,6,5,6,3,1,,,,,18.82032130993214,11.95367249828761,44.224672639558925,25.265377517302777,22461,16,7,1.3586898235193532,0.9019148091280927,11.611623357653302,11.425245665294048,28
56,ZINCj600000Bn9l1,O=C(O)[C@H](Cc1ncccn1)NCCc1cn[nH]c1,14.285714285714286,16.628609428741346,0.919460793077729,15.289354413130319,4,261.285,0.02769999999999989,3,5,7,1,,,,32.07394797713363,10,5,5,5,2,1,,,,,18.25479927379845,11.478583996299745,44.56036081605127,23.78245875513252,46784,16,14,0.5944686513277755,0.6373132899611937,9.711946045978637,9.568339467282291,28
57,ZINCj5000002gSED,O=C(CCc1cnc[nH]1)N1CC(c2cc(O)n[nH]2)C1,14.285714285714286,16.628609428741346,0.919328533170925,15.287155114796994,4,261.285,0.39699999999999974,3,4,4,1,,,,32.07394797713363,10,5,5,5,2,1,,,,,20.664883486321486,12.848523710849685,52.763234438627116,25.228509282646343,22957,16,14,0.8134266916830168,0.4815862897542984,9.711946045978637,9.847803316285557,28
58,ZINCk800000PBBrN,N=c1nc2ccc(C(=O)NCC[C@H]3C[C@H](O)C3)cn2[nH]1,14.285714285714286,16.628609428741346,0.9188681624285804,15.279499789530126,4,275.3119999999999,0.032669999999999144,4,5,4,1,,,,34.38103669862671,11,7,4,7,4,1,,,,,16.88559804139737,10.531874840651069,42.5635593220339,23.883773504289103,44646,16,8,0.8430139368049023,0.4579772044746003,9.711946045978637,9.574801385989055,28
59,ZINCk800000Bm94V,C=C[C@H](NC(=O)c1cncc2c(O)nccc12)C(=O)O,17.857142857142858,19.267729830797304,0.7929986509381455,15.279283762462924,5,273.248,0.7043999999999997,3,5,4,1,,,,38.92405593253,12,7,5,7,3,1,,,,,18.720008446186167,12.26375976595115,39.53116627969282,26.801627440723703,9387,16,9,1.066580898004517,0.9740934748452919,11.611623357653302,10.358327342087103,28
60,ZINCk800000JU62J,Nc1ncc(NCc2cccc(CO)c2CO)nc1N,17.857142857142858,19.267729830797304,0.791945817474561,15.258998051729757,5,275.312,0.2376999999999998,5,7,5,1,,,,38.596035202087904,12,8,4,8,4,1,,,,,16.241633218318103,10.399194230531807,37.06582633053222,25.18339401182602,23533,16,3,1.302551681499944,0.9631925414284168,11.611623357653302,11.487362101792634,28
61,ZINCk50000045CkL,Cn1cnc2ccc(C(=O)NCCOCC(N)=O)nc21,14.285714285714286,16.628609428741346,0.9173106752382495,15.253600943351845,4,277.28399999999993,-0.7999999999999994,2,6,6,1,,,,36.74488997860436,12,7,5,7,3,1,,,,,21.957381475295342,14.353516285847851,46.69361839581692,27.87238487661895,4721,16,13,0.7197624517777054,0.574258024495187,9.711946045978637,9.635163944363047,28
62,ZINCk600000PypfO,C[C@H](NC(=O)CCC(N)=O)C(=O)N[C@H](C)c1cncs1,14.285714285714286,16.628609428741346,0.9168677211180509,15.246235232292213,4,298.368,0.09050000000000069,3,5,7,1,,,,36.38223751692659,12,7,5,7,4,1,,,,,22.123757165115546,14.69205190544732,44.769678979771314,27.82714930583996,4887,16,3,0.5136303162616531,0.6543500017491117,9.711946045978637,9.1112589426553,28
63,ZINCk8000004iXjL,C[C@@H](CN(C)C)NC(=O)COc1ccc(C(N)=O)cc1,17.857142857142858,19.267729830797304,0.7911640933201876,15.24393600192108,5,279.34,0.2306000000000007,2,4,7,1,,,,34.168309532736544,12,7,5,7,3,1,,,,,25.081571741350867,16.264145872870937,54.77986835568803,28.716266857905136,2703,16,14,1.2942417983502552,0.9758853505958751,11.611623357653302,11.60092197132748,28
64,ZINCj800000PtHgF,CC1(C)[C@@H](C(=O)NCc2ccc(C(N)=O)o2)[C@H]1CO,17.857142857142858,19.267729830797304,0.7904234825691173,15.229666114059675,5,266.29699999999997,0.25920000000000004,3,4,5,1,,,,34.351665344695306,12,7,5,7,4,1,,,,,18.39633254567931,11.981339320825771,39.597376571324475,24.778465665285708,28948,16,9,1.1507556006443207,1.081115069560413,11.611623357653302,11.471770349286743,28
65,ZINCk6000004ccsD,CN(C)C(=O)CCCn1ccc(=N[C@@H]2CCNC2=O)[nH]1,17.857142857142858,19.267729830797304,0.7904080643507801,15.229369039994282,5,279.344,-0.5261999999999987,2,4,5,1,,,,34.168309532736544,12,7,5,7,3,1,,,,,21.246826998838912,14.070186224379503,43.366191566097946,26.41542001239796,11750,16,2,1.3659319943499757,0.9086300535795117,11.611623357653302,11.206495546736505,28
66,ZINCj6000002lFnn,COc1ccc(CN[C@H](C)CO)cc1OCC(N)=O,17.857142857142858,19.267729830797304,0.7897553556651007,15.216792825380395,5,268.313,0.02970000000000017,3,5,8,1,,,,32.391143412755326,11,6,5,6,4,1,,,,,19.06551675177121,12.138718913863375,44.40415451895042,24.39576741616486,35025,16,6,1.3264611980949266,0.9361099647695201,11.611623357653302,11.126207280866725,28
67,ZINCk50000047SO4,O=C(O)CC1CC(CNC(=O)COCc2nc[nH]n2)C1,14.285714285714286,16.628609428741346,0.9150939746394414,15.216740294873809,4,282.3,-0.0615999999999996,3,5,8,1,,,,38.34275944886656,13,8,5,8,4,1,,,,,25.964441262602953,17.888155134113166,47.336134737410546,30.915768537108395,447,16,11,0.7739274926633578,0.5496323228200558,9.711946045978637,9.608836706465347,28
68,ZINCk7000004fT5a,C[C@@H]1CC(=O)N[C@@H]1C(=O)Nc1ccc(CC(N)=O)cc1,17.857142857142858,19.267729830797304,0.7895369851369797,15.212585321041551,5,275.30799999999994,0.17749999999999966,3,3,4,1,,,,32.391143412755326,11,6,5,6,4,1,,,,,21.225424363531406,13.508147023600191,49.51176051318603,25.691711983220976,17787,16,0,1.2485463129179901,0.9962183643200866,11.611623357653302,11.129446062728466,28
69,ZINCk7000018T7Y6,CNC(=O)c1ccnc(NC(=O)c2cnc(CN)o2)c1,17.857142857142858,19.267729830797304,0.7894453058303238,15.210818868929831,5,275.268,0.1402,3,6,4,1,,,,40.91933989473438,13,8,5,8,4,1,,,,,23.357684052964974,15.878819249415471,44.15410173379207,30.382346389672733,739,16,3,1.2125293854127577,1.0389740754417702,11.611623357653302,11.876223263721423,28
70,ZINCj600000JUc8s,N[C@H](CCOCCO)C(=O)NCc1ccc(I)nc1,14.285714285714286,16.628609428741346,0.9145554245439845,15.207784955678646,4,379.19800000000004,0.028699999999999726,3,5,8,1,,,,32.391143412755326,11,6,5,6,4,1,,,,,18.53953843211379,11.756996156640616,43.81773101112722,24.080180424370408,40734,16,15,0.6997052185463706,0.5884698723702292,9.711946045978637,10.09920160323207,28
71,ZINCk600000Bm05r,CC(C)(CC(=O)O)[C@@H](O)CNC(=O)COc1ccon1,14.285714285714286,16.628609428741346,0.9145138708111398,15.207093974884863,4,286.284,0.03139999999999993,3,6,8,1,,,,36.38223751692659,12,7,5,7,4,1,,,,,20.03801976997684,13.486895384794092,38.96476345185809,26.575706868756743,10745,16,2,0.6762805852400747,0.6044920445862977,9.711946045978637,10.099336710509117,28
72,ZINCk5000003ZqcK,CNC(=O)Cc1noc(CN2CCC(F)(CN)CC2)n1,17.857142857142858,19.267729830797304,0.7892249222652289,15.206572577938434,5,285.323,-0.3790999999999989,2,6,5,1,,,,30.17721542856529,11,6,5,6,3,1,,,,,20.147926344578053,12.792726025371248,47.40150495534075,24.159641978172946,39123,16,12,1.327404482471632,0.9467220315581335,11.611623357653302,12.009177811176913,28
73,ZINCk600000gpXPC,CS[C@@H](CO)[C@H](C)NC(=O)c1c[nH]c(-c2nn[nH]n2)c1,17.857142857142858,19.267729830797304,0.7891787942445228,15.205683795697839,5,296.356,0.03699999999999959,4,6,6,1,,,,37.5207396097248,12,8,4,8,4,1,,,,,17.68764633312891,11.50722970424521,38.20967741935483,25.620883643767268,18507,16,9,1.3297032764766867,0.9614133363016834,11.611623357653302,11.576972030957485,28
74,ZINCk600000JTLj8,COC[C@@](C)(CCO)NC(=O)c1ccn(CC(=O)O)c1,17.857142857142858,19.267729830797304,0.7889979680393338,15.202199685229928,5,284.31199999999995,0.09000000000000025,3,5,8,1,,,,38.34275944886656,13,8,5,8,4,1,,,,,22.291291045903574,15.162443770839113,42.072121401752206,28.711878407088765,2709,16,12,1.3504040864553088,0.9349536480334649,11.611623357653302,11.273416644367039,28
75,ZINCk500000dpsqM,C[C@](O)(CO)CNC(=O)c1cccc(OCC(=O)O)c1,17.857142857142858,19.267729830797304,0.7888688919582967,15.199712682172889,5,283.28,-0.37690000000000096,4,5,7,1,,,,33.53556236164904,11,6,5,6,4,1,,,,,20.870426204958893,13.645946507720957,44.35072670955446,25.936480667634953,15470,16,2,1.3362363653638702,0.8975597814227843,11.611623357653302,10.84201285240559,28
76,ZINCk5000009ALvg,CC(=O)N[C@H]1CCN(c2nnnn2CCOCCS)C1,17.857142857142858,19.267729830797304,0.7884564486164573,15.191765835291815,5,300.388,-0.6656999999999993,2,8,7,1,,,,31.358427974069397,11,7,4,7,3,1,,,,,19.19760480464889,12.183311310278691,45.24851801185591,24.061934072417092,41076,16,14,1.3783403738061908,0.896343691512822,11.611623357653302,11.056595696458036,28
77,ZINCk6000004dC8W,N#C[C@H]1CNC[C@@H]1NC(=O)c1cccc(NC(N)=O)c1,17.857142857142858,19.267729830797304,0.7883825036349575,15.190341083365935,5,273.296,0.018580000000000152,4,4,3,1,,,,32.391143412755326,11,6,5,6,4,1,,,,,18.357331774078308,11.520846029349526,45.148532569792415,23.970856429549116,42909,16,2,1.478564039406192,0.8471840563997818,11.611623357653302,11.528396793657137,28
78,ZINCk800001bQiRo,OCCOCCNc1cc(N[C@@H]2CC[C@H](O)C2)ncn1,17.857142857142858,19.267729830797304,0.7883457876123494,15.18963364896186,5,282.344,0.22269999999999907,4,7,8,1,,,,32.983637231917015,11,7,4,7,4,1,,,,,18.12809790044331,11.401143692540991,44.21751615218953,24.070313633032793,40934,16,2,1.4847938976466033,0.8383636464956027,11.611623357653302,11.816302401327151,28
79,ZINCk500000dpfy9,C[C@@H](CO)CNC(=O)c1cnn2cc(C(N)=O)cnc12,17.857142857142858,19.267729830797304,0.7882382788856986,15.1875621998623,5,277.28400000000005,-0.8135999999999994,3,6,5,1,,,,34.38695355472221,11,6,5,6,3,1,,,,,19.62099282891926,12.603739549163976,44.26716031969911,25.52737711924044,19467,16,2,1.7112740952563534,0.5782926325615806,11.611623357653302,10.963064355444414,28
80,ZINCk500000dqg8q,O=C(O)CCC(=O)Nc1cnn(CC(=O)NC2CC2)c1,17.857142857142858,19.267729830797304,0.7882103319651016,15.187023726146634,5,280.28400000000005,-0.035000000000000364,3,5,7,1,,,,36.38223751692659,12,7,5,7,4,1,,,,,22.702461134495806,15.057202967147736,46.11955085865257,28.17437168746812,3896,16,7,1.4551084385820952,0.8672204432048648,11.611623357653302,11.722319430676603,28
81,ZINCj500000wYwtz,NS(=O)(=O)C[C@H]1CCN(c2ccnc(C(=O)O)n2)C1,17.857142857142858,19.267729830797304,0.7880372103533794,15.183688065704098,5,286.31300000000005,-0.7104000000000001,2,6,4,1,,,,32.207787600796564,11,6,5,6,3,1,,,,,18.526446979228773,11.726826914478288,44.093224354418375,23.99898322785589,42327,16,4,1.3024179238509503,0.979186610225395,11.611623357653302,11.297710726228342,28
82,ZINCk6000004dBUN,N#C[C@@H]1CNC[C@H]1NC(=O)c1cccc(NC(N)=O)c1,17.857142857142858,19.267729830797304,0.7878592157706845,15.180258514173389,5,273.296,0.018580000000000152,4,4,3,1,,,,32.391143412755326,11,6,5,6,4,1,,,,,18.357331774078308,11.520846029349526,45.148532569792415,23.970856429549116,42908,16,1,1.5186848341872015,0.8168441382471056,11.611623357653302,11.538889717699666,28
83,ZINCj700000Ghxy4,NCC[C@@H](O)C(=O)Nc1cncc(-c2cc[nH]n2)c1,14.285714285714286,16.628609428741346,0.912830337759143,15.179099161302833,4,261.285,0.11989999999999973,4,5,5,1,,,,35.21365088823171,11,6,5,6,3,1,,,,,18.56190739801856,12.20022830114425,38.786948613005926,25.22260479410382,23024,16,3,0.7873282963992665,0.5571943767061304,9.711946045978637,9.779027997734088,28
84,ZINCj600001bRzYD,C=C[C@H](CO)NCc1cn(CC[C@H](C)C(=O)O)nn1,17.857142857142858,19.267729830797304,0.7872710558810253,15.168926008322122,5,268.31699999999995,0.025400000000000034,3,6,9,1,,,,31.8044562527589,11,7,4,7,4,1,,,,,18.69111448199817,11.69466962579982,46.52531956735497,23.93645119030246,43557,16,8,1.401556228277553,0.878875598947992,11.611623357653302,11.002666700625543,28
85,ZINCk600000gpj1S,CC[C@H](CCO)NC(=O)c1ccc(-c2nn[nH]n2)n1C,17.857142857142858,19.267729830797304,0.7872678206176608,15.168863672141683,5,278.31600000000003,0.0959999999999997,3,6,6,1,,,,38.88876772250309,13,8,5,8,4,1,,,,,17.85885622917386,11.992150657309347,34.96335229196288,26.27082082650555,12778,16,2,1.31521657738838,0.9844303012124055,11.611623357653302,11.605325422599508,28
86,ZINCk50000042sJI,CS(=O)(=O)NCCCNC(=O)c1csc(S(N)(=O)=O)c1,17.857142857142858,19.267729830797304,0.7870031926331669,15.163764891630786,5,341.4360000000001,-0.9353999999999987,3,6,7,1,,,,32.391143412755326,11,6,5,6,4,1,,,,,18.158423215021323,11.498602158181432,43.15063649222066,23.851511294114925,45341,16,14,1.1246706174698682,0.9263478005182068,11.611623357653302,10.178837387727008,28
87,ZINCk500000BlQ0R,Cc1nc(=NC(=O)CCNC(=O)C[C@H]2C[C@@H](N)C2)o[nH]1,14.285714285714286,16.628609428741346,0.9115354709666071,15.157567327147506,4,281.316,-0.6278799999999989,3,5,5,1,,,,34.351665344695306,12,7,5,7,4,1,,,,,22.371186282976694,14.54772782806629,48.39929978637551,27.163377907664138,7487,16,3,0.721511677577995,0.558815720653792,9.711946045978637,10.35559547080694,28
88,ZINCk700001bOY54,C[C@@H](C(=O)NCc1ccnc(C(N)=O)c1)[C@H]1CCCN1,17.857142857142858,19.267729830797304,0.7864056498111667,15.152251597974153,5,276.34,0.18480000000000102,3,4,5,1,,,,34.351665344695306,12,7,5,7,4,1,,,,,22.280230111301343,15.077086862841687,42.662353347135976,27.108804204658927,7756,16,2,1.2166620788176916,0.9740004873150243,11.611623357653302,10.667794549260934,28
89,ZINCk50000046jtv,NC(=O)Nc1cccc(CNC(=O)C2=NNC(=O)C2)c1,17.857142857142858,19.267729830797304,0.7858857807265366,15.142234900904118,5,275.26800000000003,-0.33069999999999977,4,4,4,1,,,,36.38223751692659,12,7,5,7,4,1,,,,,24.615597044362346,16.315040291741532,50.10983622634109,29.32225323338804,1734,16,3,1.1535980162437005,0.9688530230203163,11.611623357653302,10.406014671337536,28
90,ZINCk600000JUjrc,O=C(Cc1cnc(S)nc1O)OCC(=O)c1ccon1,14.285714285714286,16.628609428741346,0.9105294067804658,15.140837878735917,4,295.27599999999995,0.4274999999999999,2,9,5,1,,,,31.939724457732833,10,6,4,6,2,1,,,,,19.6231720007761,11.850496378563511,57.02661853612727,24.549792983558795,32455,16,2,0.7423681500843299,0.5582964442783842,9.711946045978637,9.110300788150965,28
91,ZINCk700000JU9Sl,NCC[C@H](O)CCc1cn(CCC2(C(=O)O)CC2)nn1,17.857142857142858,19.267729830797304,0.7853808520465677,15.132506071514657,5,282.34399999999994,0.17529999999999907,3,6,9,1,,,,31.8044562527589,11,7,4,7,4,1,,,,,20.953633560254982,13.218542954413959,50.51133622768934,25.293962637256552,22099,16,9,1.265032793981057,1.0211878492351552,11.611623357653302,11.266500412249606,28
92,ZINCh600001bVr2a,C[C@@H](CN=c1cc(C(N)=O)nc[nH]1)[S@](C)(=N)=O,17.857142857142858,19.267729830797304,0.7852889098835626,15.130734554757815,5,257.319,-0.5256299999999992,3,5,4,1,,,,36.38223751692659,12,7,5,7,4,1,,,,,17.71048270821554,11.673472247173242,36.67954050306991,25.179184631699957,23573,16,3,1.2112162270904747,0.9462822321202118,11.611623357653302,10.47507631962976,28
93,ZINCk700001bQrEs,O=C(O)Cn1cc(CCCCCN2CC[C@H]2CO)nn1,17.857142857142858,19.267729830797304,0.7852873768963512,15.13070501757439,5,282.34399999999994,0.14209999999999973,2,6,9,1,,,,30.17721542856529,11,6,5,6,3,1,,,,,25.244807614695397,16.35929224106564,55.25816366524331,27.217770740243353,7259,16,8,1.3246583892567527,0.903644227840369,11.611623357653302,10.689684495488956,28
94,ZINCk5000009CS3L,CNC(=O)c1cccc(NC(=O)NC[C@@H](O)[C@@H](C)O)c1,17.857142857142858,19.267729830797304,0.7851534929330899,15.128125377541597,5,281.31199999999995,-0.09060000000000035,5,4,5,1,,,,34.94415916385699,12,8,4,8,4,1,,,,,19.767415214009386,12.837967687006879,42.95042259327973,25.838112793948426,16342,16,9,1.3672634168467392,0.9442751974821268,11.611623357653302,11.24537225780906,28
95,ZINCj500000d6RNc,C[C@@](O)(CO)CNC(=O)Nc1nc(CC(N)=O)cs1,17.857142857142858,19.267729830797304,0.784732966051434,15.120022779199264,5,288.329,-0.9642999999999995,5,6,6,1,,,,33.53556236164904,11,6,5,6,4,1,,,,,19.52420671076574,12.6094266899641,43.23166431593793,25.12874897111906,24223,16,12,1.3171982483725482,0.9469141857482875,11.611623357653302,10.89568598755265,28
96,ZINCk500000cikrx,CCNS(=O)(=O)CCn1cc(CO[C@H](C)C(=O)O)nn1,17.857142857142858,19.267729830797304,0.784700689426009,15.119400881900724,5,306.344,-0.7928999999999995,2,7,9,1,,,,34.168309532736544,12,7,5,7,3,1,,,,,23.75160892607845,15.458395860109786,51.242485173450326,27.91828916874169,4597,16,9,1.202053199866672,0.9239709499799333,11.611623357653302,10.33295829093012,28
97,ZINCk50000045udr,Cn1cc(S(N)(=O)=O)cc1C(=O)NCC1(CCO)CC1,17.857142857142858,19.267729830797304,0.784469330451159,15.114943119679383,5,301.3680000000001,-0.4350999999999996,3,5,6,1,,,,34.351665344695306,12,7,5,7,4,1,,,,,17.149750803136847,11.040909444549921,38.39136895796935,24.030516619760228,41706,16,15,1.2519890701159055,1.0278995315048873,11.611623357653302,11.160983248179875,28
98,ZINCk700000JUecR,NC(=O)Nc1cccc(CC(=O)NO[C@@H]2CCNC2)c1,17.857142857142858,19.267729830797304,0.7842340374104115,15.110409556939196,5,278.312,0.12940000000000024,4,4,5,1,,,,32.391143412755326,11,6,5,6,4,1,,,,,22.21839464342854,14.112001866797236,52.208863743517185,26.28749415115925,12665,16,8,1.2708932583206327,1.0299541563966825,11.611623357653302,11.855310621427689,28
99,ZINCk7000004gJur,O=C(CCc1nc[nH]n1)N1CC[C@H](c2cc(O)n[nH]2)C1,14.285714285714286,16.628609428741346,0.9083458679085054,15.104528663661613,4,276.3,0.18210000000000004,3,5,4,1,,,,34.932961828358735,11,6,5,6,3,1,,,,,19.56687957944771,12.661899826198445,43.0358361774744,25.713312479012124,17560,16,14,0.7936111741895557,0.5862177600612551,9.711946045978637,9.68988587424822,28
100,ZINCk600000dqW0A,COCC[C@H](CO)NC(=O)c1cc(C(=O)O)ncc1F,17.857142857142858,19.267729830797304,0.783755355872773,15.101186450396986,5,286.259,0.046099999999999586,3,5,7,1,,,,38.34275944886656,13,8,5,8,4,1,,,,,21.925100755848792,14.978140726615747,40.89028213166146,28.492164233055895,3154,16,11,1.2301821180556987,0.9858217940893598,11.611623357653302,10.695979275217228,28
