final_rank,final_rank_mode,zinc_id,smiles,stage3_screen_rank,native_candidate_pool_rank,native_selection_rank,pool_source_stage3_rank,pool_source_hotspot_breadth,pool_source_native_support,screen_coverage_pct,anchor_weighted_pct,geometry_penalty_factor,screen_weighted_coverage_pct,features_matched,mw,logp,hbd,hba,rotatable_bonds,lipinski,chemistry_flagged,pains_alert,reactive_flags,hotspot_weighted_pct,hotspot_bits_matched,hotspot_exact_matches,hotspot_compatible_matches,hotspot_exact_residue_count,hotspot_group_count,hotspot_required_groups_pass,native_supported_hotspot_bits_matched,native_supported_hotspot_exact_matches,native_supported_hotspot_exact_residue_count,native_supported_hotspot_weighted_pct,pair_hash_overlap_pct,pair_hash_recall_pct,pair_hash_precision_pct,cascade_score_pct,shortlist_rank,rerank_conformers,best_conformer_id,fit_rmsd_angstrom,mean_pair_distance_error_angstrom,reference_feature_span_angstrom,ligand_feature_span_angstrom,rerank_query_feature_count,native_weighted_coverage_pct,native_matched_reference_features,native_fit_rmsd_angstrom,native_mean_pair_distance_error_angstrom,native_microstate_id,native_matched_reference_residues,native_conformer_id,native_conformer_energy
1,native_first,CHEMBL3315203,CC(C)C[C@H](NC(=O)Cn1ccc2cc(-c3cncc4ccccc34)ccc21)C(=O)O,2,3,3,1,1,1,17.857142857142858,18.33427000149602,0.8561052900226448,15.696065536984225,5,415.49300000000017,4.472000000000003,2.0,4.0,7.0,1.0,,,,30.007752655245646,10.0,4.0,6.0,4.0,2.0,1.0,,,,,17.950121338102637,12.051117034262328,35.16174402250353,20.964529167388392,6,16,3,1.1007790697651516,0.7085145624291215,13.087058989704293,13.052169978209816,28,82.68542415239115,5,1.2510280700667322,1.1795359397643401,CHEMBL3315203_m01_t04,ARG9;TYR11;TYR11;PRO10;ILE12,2,79.9768979362268
2,native_first,CHEMBL3315193,CC(C)C[C@H](NC(=O)Cn1ccc2cc(-c3cnc4ccccc4c3)ccc21)C(=O)O,3,4,4,1,1,1,21.428571428571427,21.527267045397863,0.6996337362755584,15.061202274773407,6,415.4930000000001,4.472000000000002,2.0,4.0,7.0,1.0,,,,30.007752655245646,10.0,4.0,6.0,4.0,2.0,1.0,,,,,17.405276848412505,11.718454040741587,33.81555153707053,20.55589580012079,4,16,10,1.844889245795109,1.1102693692148293,12.790023064873655,13.344656391629941,28,82.68542415239115,5,1.4276163989868413,1.296732125641931,CHEMBL3315193_m02_t05,ARG9;TYR11;TYR11;PRO10;ILE12,0,-6.7092986320985775
3,native_first,CHEMBL463811,CC(C)C[C@H](NC(=O)Cn1ccc2cc(NS(=O)(=O)c3cccc4cccnc34)ccc21)C(=O)O,1,1,1,1,1,1,21.428571428571427,22.066174593310514,0.7248313635808104,15.994255419481494,6,494.57300000000026,3.6058000000000012,3.0,6.0,9.0,1.0,,,,35.997125514953936,12.0,5.0,7.0,5.0,2.0,1.0,,,,,20.59579658032982,15.83103743614728,29.46363882130305,24.44612881398585,1,16,5,1.5062847535155772,1.161312558659754,10.122770668152079,9.249942182887466,28,82.68542415239115,5,1.458691223249919,1.127201501596399,CHEMBL463811_m01_t06,ARG9;TYR11;TYR11;PRO10;ILE12,0,-9.586243775523847
4,native_first,CHEMBL462830,COc1ccccc1-c1cc(C(=O)N[C@@H](CC(C)C)C(=O)O)nn1-c1ccnc2cc(Cl)ccc12,5,2,2,1,1,1,17.857142857142858,19.333574592865542,0.7013104199877774,13.558837317587557,5,492.96300000000014,4.978600000000004,2.0,6.0,8.0,1.0,,,,33.39071482145173,11.0,5.0,6.0,5.0,2.0,1.0,,,,,17.631820105975198,12.886994082778576,27.90671473636775,21.571543784844334,2,16,11,1.884980035212339,1.0762625522787743,10.122770668152079,10.588200565176997,28,82.68542415239115,5,1.5129210586285717,1.901393481496736,CHEMBL462830_m02_t01,ARG9;TYR11;TYR11;PRO10;ILE12,3,71.76609286318643
5,native_first,CHEMBL3099769,COc1cccc(OC)c1-c1nc(C(=O)N[C@@H](CC(C)C)C(=O)O)cn1-c1cccc2ccccc12,6,6,6,0,1,1,17.857142857142858,19.37081096862443,0.6615324986597206,12.814420981139243,5,487.5560000000002,4.938800000000004,2.0,6.0,9.0,1.0,,,,33.39071482145173,11.0,5.0,6.0,5.0,2.0,1.0,,,,,15.010488309483353,11.374510424296822,22.063221274460616,19.60554493747545,5,16,8,1.8065563223105816,1.4212505558151185,10.35189885962957,10.15877429347044,28,68.49771632385236,5,1.9196488888191343,1.2422543433001416,CHEMBL3099769_m02_t04,TYR11;TYR11;PRO10;ILE12;LEU13,1,181.01918524964756
6,native_first,CHEMBL1301125,COC(=O)C[C@]1(C(=O)OC)CN(C#N)N(c2ccc(Cl)cc2)C12c1ccccc1-c1ccccc12,9,8,8,0,0,1,14.285714285714286,15.204234895780052,0.6774750122478034,10.30048922223707,4,487.94300000000015,4.504780000000004,0.0,7.0,4.0,1.0,,,,18.630606313688514,6.0,3.0,3.0,3.0,2.0,1.0,,,,,5.704036747143508,3.469727151659651,16.02005012531328,8.93567913877976,7,16,9,1.2695086441110255,1.4400169061222468,9.308954935974285,7.551920990782191,28,58.30407578517147,4,1.058028906912653,1.4784131588452933,CHEMBL1301125_m01_t02,TYR11;TYR11;PRO10;ILE12,1,93.13314080180436
7,native_first,CHEMBL2431120,COc1cc2nc(C3CC3)nc(N3CCN(c4ccccc4OC)CC3)c2cc1OC,4,5,5,1,1,1,17.857142857142858,19.333574592865542,0.725420185461091,14.024965266782358,5,420.51300000000026,3.859600000000003,0.0,7.0,6.0,1.0,,,,27.54773352994046,9.0,5.0,4.0,5.0,2.0,1.0,,,,,12.855475927207635,9.440456824973714,20.14153511159501,16.528540327890838,3,16,3,1.5349310932278455,1.2078979988838985,10.122770668152079,10.089579437496397,28,58.30407578517147,4,1.7140235335979834,1.4070418154289932,CHEMBL2431120_m01_t01,TYR11;TYR11;PRO10;ILE12,0,140.4627297114391
8,native_first,ZINCf5000000WBLy,NC[C@@H](O)CNc1ncc([N+](=O)[O-])cn1,7,7,7,0,1,1,14.285714285714286,15.189005259394039,0.8179436086933037,12.42374977433033,4,213.197,-0.8836999999999999,3.0,7.0,5.0,1.0,,,,26.250045649530197,8.0,3.0,5.0,3.0,2.0,1.0,,,,,6.384741012213316,3.5872907527339994,28.998161764705877,11.351067171542537,9,16,9,1.1406588815080991,0.8467185924652406,9.038073356639677,8.183163703479329,28,54.31036124887257,4,1.5894751644627885,2.050700972712002,ZINCf5000000WBLy_m01_t04,TYR11;TYR11;ILE12;ARG8,0,-25.409627103557135
9,native_first,ZINCf5000000acCW,Cn1nnc(C[S@@](=O)Cc2ccon2)n1,8,9,9,0,0,1,14.285714285714286,15.882058156883279,0.7666034513718321,12.175240597954879,4,227.249,-0.353,0.0,7.0,4.0,1.0,,,,17.127196881147942,5.0,3.0,2.0,3.0,2.0,1.0,,,,,4.522388146649886,2.4609432182092346,27.858293075684383,7.673590330274399,8,16,3,1.2830244739970755,1.1042728723387365,6.493394566788621,5.9303464109894195,28,47.87653947952321,3,0.8541332765643315,1.2421845063023973,ZINCf5000000acCW_m01_t01,TYR11;TYR11;PRO10,1,22.290847382456196
