ligand_id,weighted_coverage_pct,native_weighted_coverage_pct,screen_rank,native_rank,rank_shift,abs_rank_shift
CHEMBL1161835,13.807175799851796,92.57496349030072,43,1,42,42
CHEMBL130229,14.536404870714236,92.57496349030072,22,2,20,20
CHEMBL4637284,13.660525702834134,82.41290018208466,50,3,47,47
CHEMBL4645148,15.32565427444668,82.41290018208466,11,4,7,7
CHEMBL4164040,17.7281588075601,81.78114323729052,1,5,-4,4
CHEMBL481620,14.152345979212969,81.78114323729052,34,6,28,28
CHEMBL4171914,12.212905955808536,79.84285059250405,139,7,132,132
CHEMBL1161827,14.266792263379424,79.33089316904189,29,8,21,21
CHEMBL1162058,15.986659509098953,79.33089316904189,6,9,-3,3
CHEMBL1923504,11.886949602460582,79.33089316904189,158,10,148,148
CHEMBL2364338,11.7203043260479,79.33089316904189,173,11,162,162
CHEMBL251572,12.322308661604794,79.33089316904189,126,12,114,114
CHEMBL259166,17.26995556586387,79.33089316904189,2,13,-11,11
CHEMBL270666,14.897005357729482,79.33089316904189,16,14,2,2
CHEMBL271876,16.85592017402819,79.33089316904189,4,15,-11,11
CHEMBL3218890,13.855442188732123,79.33089316904189,41,16,25,25
CHEMBL379074,14.174245752174036,79.33089316904189,33,17,16,16
CHEMBL382844,15.118571949592004,79.33089316904189,13,18,-5,5
CHEMBL401134,11.865309682585538,79.33089316904189,162,19,143,143
CHEMBL403180,14.771127732214737,79.33089316904189,19,20,-1,1
CHEMBL404336,14.809851999502106,79.33089316904189,17,21,-4,4
CHEMBL410135,14.777885875621738,79.33089316904189,18,22,-4,4
CHEMBL4637980,14.090826385458207,79.33089316904189,37,23,14,14
CHEMBL1079185,11.878065464182088,77.43811374063404,159,24,135,135
CHEMBL2364354,13.511786176915564,77.43811374063404,58,25,33,33
CHEMBL2364480,13.166177974584643,77.43811374063404,79,26,53,53
CHEMBL2364485,12.96642606357621,77.43811374063404,90,27,63,63
CHEMBL260819,16.553528890716834,77.43811374063404,5,28,-23,23
CHEMBL272540,13.402783789920662,77.43811374063404,65,29,36,36
CHEMBL4164328,17.14495338292296,77.43811374063404,3,30,-27,27
CHEMBL4170481,11.284198345360716,77.43811374063404,201,31,170,170
ZINCf5000000a5ui,9.787659377014032,77.43811374063404,256,32,224,224
ZINCj7000002nkJO,10.351392908642689,77.43811374063404,244,33,211,211
ZINCj8000002qJfL,10.741848018797896,77.43811374063404,226,34,192,192
ZINCj8000002rSdf,12.174872714765463,77.43811374063404,141,35,106,106
ZINCj8000002rSte,11.916013954940738,77.43811374063404,157,36,121,121
ZINCj800000JT0bw,11.584411266148994,77.43811374063404,182,37,145,145
ZINCj800000xceQv,12.953104519589695,77.43811374063404,91,38,53,53
ZINCk50000040Was,13.542495347274071,77.43811374063404,57,39,18,18
ZINCk50000047sNG,12.486374473472532,77.43811374063404,115,40,75,75
ZINCk6000004cY3o,11.427723833512175,77.43811374063404,195,41,154,154
ZINCk600000JU4gH,14.048834583070812,77.43811374063404,38,42,-4,4
ZINCk600000Pz833,11.33487942713173,77.43811374063404,199,43,156,156
ZINCk600000gpUvV,13.7523540371828,77.43811374063404,47,44,3,3
ZINCk600000gqEx4,11.47370523183594,77.43811374063404,191,45,146,146
ZINCk600001bNqgQ,11.753128272790882,77.43811374063404,170,46,124,124
ZINCk7000004eT0Z,11.869228535477411,77.43811374063404,161,47,114,114
ZINCk700000Bn8u5,15.353429469228772,77.43811374063404,10,48,-38,38
ZINCk700000Em93S,12.61696781618963,77.43811374063404,107,49,58,58
ZINCk700000FCpX8,10.9199165543921,77.43811374063404,221,50,171,171
ZINCk700000JUf7G,14.488073195957066,77.43811374063404,23,51,-28,28
ZINCk700000drsQ4,10.08831148892622,77.43811374063404,252,52,200,200
ZINCk700000vOWnu,13.640666902198364,77.43811374063404,53,53,0,0
ZINCk700000wTyDp,13.055114597152324,77.43811374063404,86,54,32,32
ZINCk700000y8NCO,14.120267456398013,77.43811374063404,36,55,-19,19
ZINCk7000018TAx0,13.038431937024116,77.43811374063404,88,56,32,32
ZINCk8000004hZ4R,14.179429414212011,77.43811374063404,31,57,-26,26
ZINCk8000009LywA,13.21217957616359,77.43811374063404,77,58,19,19
ZINCk800000BmzIB,14.323484856145718,77.43811374063404,27,59,-32,32
ZINCk800000GfIqo,11.751823021500067,77.43811374063404,171,60,111,111
ZINCk800000JSZKR,13.67617679770837,77.43811374063404,48,61,-13,13
ZINCk800000PA5TH,12.1083664908862,77.43811374063404,146,62,84,84
ZINCk800000PtDR3,13.471816645283496,77.43811374063404,62,63,-1,1
ZINCk800000Py67v,14.582906377856402,77.43811374063404,21,64,-43,43
ZINCk800000Pyl8e,11.560859361887276,77.43811374063404,184,65,119,119
ZINCk800000Pyl8f,12.630321386795355,77.43811374063404,106,66,40,40
ZINCk800000ds8Aw,14.312582270007988,77.43811374063404,28,67,-39,39
ZINCk800000y7OLt,12.48960260159951,77.43811374063404,114,68,46,46
ZINCk8000018TA71,14.987753318412484,77.43811374063404,14,69,-55,55
ZINCk8000018Tng8,12.102165841405006,77.43811374063404,147,70,77,77
CHEMBL2364381,13.598069002958702,70.0168090390329,56,71,-15,15
CHEMBL2364382,13.821059507685408,70.0168090390329,42,72,-30,30
CHEMBL2364408,13.756950882319323,70.0168090390329,46,73,-27,27
CHEMBL251169,12.23234938214967,70.0168090390329,137,74,63,63
CHEMBL251573,13.334121914761615,70.0168090390329,74,75,-1,1
ZINCk500000dq4PX,12.37651705853601,68.12402961062504,122,76,46,46
ZINCk700000JTKDZ,13.369257050652353,68.12402961062504,67,77,-10,10
ZINCk7000018StsX,12.164197439391348,68.12402961062504,142,78,64,64
ZINCk800000gu5Mi,15.385655755586384,68.12402961062504,9,79,-70,70
CHEMBL2364429,14.977017109181192,66.08682284778305,15,80,-65,65
CHEMBL2364468,12.634113656939553,66.08682284778305,105,81,24,24
ZINCk800000xcqB6,13.601365079506008,65.55398002104442,55,82,-27,27
ZINCj600000PLgxg,13.046142783075128,65.04202259758227,87,83,4,4
ZINCk600000Emteg,12.240936665657474,65.04202259758227,134,84,50,50
ZINCk600000Pu9Ja,11.758857244924211,65.04202259758227,168,85,83,83
ZINCk600000gpzZR,14.25467635469182,65.04202259758227,30,86,-56,56
ZINCk7000009KZrH,11.989885354803471,65.04202259758227,151,87,64,64
ZINCk700000PzC17,11.280174273955316,65.04202259758227,202,88,114,114
ZINCk8000009M5XH,12.306933757698106,65.04202259758227,130,89,41,41
ZINCk8000009MfQv,12.93959246158325,65.04202259758227,92,90,2,2
ZINCk8000009Mg4L,11.595711082344302,65.04202259758227,181,91,90,90
ZINCk800000PzIYD,13.350696823700105,65.04202259758227,72,92,-20,20
ZINCk800000PzWQF,11.278315932577115,65.04202259758227,203,93,110,110
ZINCf50000008Jbu,11.109686521207507,64.70600084283734,215,94,121,121
ZINCf50000026AWG,10.932728404729474,64.70600084283734,220,95,125,125
ZINCj600001bPpQC,11.450835230797816,64.70600084283734,194,96,98,98
ZINCj7000002nZj8,12.81690464124074,64.70600084283734,99,97,2,2
ZINCj700000xcgLi,14.140934039708496,64.70600084283734,35,98,-63,63
ZINCj8000002rHpm,11.096844817478948,64.70600084283734,216,99,117,117
ZINCj8000002rLl9,10.504781448921658,64.70600084283734,238,100,138,138
ZINCj800000FCplr,12.693839826036486,64.70600084283734,104,101,3,3
ZINCj800000Ghtwb,11.87673418242222,64.70600084283734,160,102,58,58
ZINCj800000JaoGi,13.905268808465973,64.70600084283734,40,103,-63,63
ZINCk500000468se,11.534479869293452,64.70600084283734,188,104,84,84
ZINCk6000004dCFt,11.548492040950023,64.70600084283734,186,105,81,81
ZINCk600000vJ41m,9.958588576050705,64.70600084283734,254,106,148,148
ZINCk600000wI9FZ,12.589616092575335,64.70600084283734,110,107,3,3
ZINCk600000xcqtG,12.136044920446956,64.70600084283734,144,108,36,36
ZINCk7000004h24p,12.233803613766815,64.70600084283734,136,109,27,27
ZINCk7000009L1jt,11.98373402779876,64.70600084283734,152,110,42,42
ZINCk7000009L1ju,11.839588410001475,64.70600084283734,163,111,52,52
ZINCk7000009L1mI,10.702396126244103,64.70600084283734,228,112,116,116
ZINCk700000PA5Ru,12.030804160063155,64.70600084283734,150,113,37,37
ZINCk700000drsVz,13.033100592883432,64.70600084283734,89,114,-25,25
ZINCk7000018TgPn,13.925630578098716,64.70600084283734,39,115,-76,76
ZINCk8000004jFzp,12.900639763307012,64.70600084283734,96,116,-20,20
ZINCk800000JSpFH,11.180174180263164,64.70600084283734,209,117,92,92
ZINCk800000JTEfE,14.479693505150692,64.70600084283734,24,118,-94,94
ZINCk800000JTrPk,11.209772719401151,64.70600084283734,207,119,88,88
ZINCk800000PzJpT,13.445615055690798,64.70600084283734,64,120,-56,56
ZINCk800000ciIsJ,11.534874068538493,64.70600084283734,187,121,66,66
ZINCk8000018ToFS,11.63974510881578,64.70600084283734,177,122,55,55
CHEMBL2364384,10.621059132212793,64.19404341937518,231,123,108,108
ZINCf500000099NR,8.531607581818244,64.19404341937518,263,124,139,139
ZINCf5000000aohG,7.5168879991793505,64.19404341937518,269,125,144,144
ZINCi800000Bn9ye,11.78368215958529,64.19404341937518,166,126,40,40
ZINCj6000002laIu,10.346704543031583,64.19404341937518,245,127,118,118
ZINCj600000JUVqm,11.630396246161336,64.19404341937518,178,128,50,50
ZINCj7000002nXp3,11.932897780431402,64.19404341937518,155,129,26,26
ZINCj7000002oGfY,11.936158216256908,64.19404341937518,154,130,24,24
ZINCj700000JTEZC,13.648328011186695,64.19404341937518,52,131,-79,79
ZINCj700000d8xgb,12.316170772804208,64.19404341937518,127,132,-5,5
ZINCj700000foZg6,11.626837938592566,64.19404341937518,179,133,46,46
ZINCj700000fpUOo,13.099837743150546,64.19404341937518,82,134,-52,52
ZINCj800000PCxfJ,11.749155781599146,64.19404341937518,172,135,37,37
ZINCj800000wXIrv,12.7794181957103,64.19404341937518,100,136,-36,36
ZINCj8000018Tg4a,14.175866640049088,64.19404341937518,32,137,-105,105
ZINCk5000003ZXd1,11.61911910641746,64.19404341937518,180,138,42,42
ZINCk50000048fa4,10.547917049165616,64.19404341937518,233,139,94,94
ZINCk5000009FSd4,11.562631034942369,64.19404341937518,183,140,43,43
ZINCk500000cLfyB,13.611019825096966,64.19404341937518,54,141,-87,87
ZINCk500000dp3ZE,14.425056244679586,64.19404341937518,25,142,-117,117
ZINCk500000gdi0R,12.900155409982531,64.19404341937518,97,143,-46,46
ZINCk6000004bJA5,13.069998460999503,64.19404341937518,84,144,-60,60
ZINCk600000Emt87,13.08374770007208,64.19404341937518,83,145,-62,62
ZINCk600000JUaNj,13.382843556435656,64.19404341937518,66,146,-80,80
ZINCk600000PBNlG,13.357993121135834,64.19404341937518,70,147,-77,77
ZINCk600000PBfsm,12.382976875920011,64.19404341937518,121,148,-27,27
ZINCk600000PBwsY,11.149227510085014,64.19404341937518,212,149,63,63
ZINCk600000dqY1l,12.606206342827198,64.19404341937518,108,150,-42,42
ZINCk600000gqrRP,12.767841686887037,64.19404341937518,101,151,-50,50
ZINCk600000y8RkA,11.64346841382856,64.19404341937518,176,152,24,24
ZINCk600001bNsCK,11.38777005798508,64.19404341937518,196,153,43,43
ZINCk600001bPrL8,15.868984841776207,64.19404341937518,7,154,-147,147
ZINCk7000004f8Dd,13.793535989462995,64.19404341937518,44,155,-111,111
ZINCk7000004fBsl,12.25214211093438,64.19404341937518,133,156,-23,23
ZINCk7000004fEPm,8.562464805206567,64.19404341937518,262,157,105,105
ZINCk7000004fo8S,12.560000830726448,64.19404341937518,111,158,-47,47
ZINCk7000004g4d9,12.30816961259353,64.19404341937518,129,159,-30,30
ZINCk7000004gjaB,11.499655941693472,64.19404341937518,189,160,29,29
ZINCk7000004goUF,12.412346415579806,64.19404341937518,119,161,-42,42
ZINCk7000004gqk0,10.801891127006822,64.19404341937518,225,162,63,63
ZINCk7000009KfII,13.477441844304764,64.19404341937518,60,163,-103,103
ZINCk700000FCG8P,12.344409372464652,64.19404341937518,125,164,-39,39
ZINCk700000JTfxs,12.456872165342974,64.19404341937518,117,165,-48,48
ZINCk700000PCx9I,11.49664993395209,64.19404341937518,190,166,24,24
ZINCk700000Pu1QP,11.466615421583985,64.19404341937518,192,167,25,25
ZINCk700000PyGjc,11.926381613277066,64.19404341937518,156,168,-12,12
ZINCk700000PzZeB,10.547225214700156,64.19404341937518,234,169,65,65
ZINCk700000drleP,12.130862603995135,64.19404341937518,145,170,-25,25
ZINCk700000drwBy,11.76226612555764,64.19404341937518,167,171,-4,4
ZINCk700000drzz2,10.693671181395626,64.19404341937518,229,172,57,57
ZINCk700000gssfs,11.452566389300944,64.19404341937518,193,173,20,20
ZINCk700000vkXoQ,11.146241152304867,64.19404341937518,213,174,39,39
ZINCk700000x2z5n,15.438809724247584,64.19404341937518,8,175,-167,167
ZINCk700001bPBzA,10.49732706812127,64.19404341937518,239,176,63,63
ZINCk700001bPDoV,10.107920859979275,64.19404341937518,251,177,74,74
ZINCk700001bPzgd,13.353138557775267,64.19404341937518,71,178,-107,107
ZINCk8000004i2XY,13.12570869580177,64.19404341937518,80,179,-99,99
ZINCk8000004i2ku,10.51055667853616,64.19404341937518,237,180,57,57
ZINCk8000004i6V5,11.26991244235704,64.19404341937518,204,181,23,23
ZINCk8000004iBRf,13.655261273285603,64.19404341937518,51,182,-131,131
ZINCk8000004idWz,13.11265394986817,64.19404341937518,81,183,-102,102
ZINCk8000004iiBi,12.47600906495377,64.19404341937518,116,184,-68,68
ZINCk8000004jDXf,11.757919422930575,64.19404341937518,169,185,-16,16
ZINCk8000004jqlG,13.790466719088595,64.19404341937518,45,186,-141,141
ZINCk8000009Lyww,11.285280343674303,64.19404341937518,200,187,13,13
ZINCk8000009Mfcx,11.149686710847648,64.19404341937518,211,188,23,23
ZINCk8000009Mfqq,10.826170228142074,64.19404341937518,224,189,35,35
ZINCk8000009MgDE,11.257315420543485,64.19404341937518,206,190,16,16
ZINCk800000EmsOa,12.094882421926176,64.19404341937518,148,191,-43,43
ZINCk800000FCBLz,12.75839306728984,64.19404341937518,102,192,-90,90
ZINCk800000JSaDi,12.240425841453169,64.19404341937518,135,193,-58,58
ZINCk800000JT7sU,13.476015109056547,64.19404341937518,61,194,-133,133
ZINCk800000JTI7N,11.82177629830884,64.19404341937518,165,195,-30,30
ZINCk800000JTZ16,11.157040807965576,64.19404341937518,210,196,14,14
ZINCk800000JTa1Z,13.24936226171416,64.19404341937518,75,197,-122,122
ZINCk800000JUoEf,11.554438980728502,64.19404341937518,185,198,-13,13
ZINCk800000JUvI5,13.335082485847678,64.19404341937518,73,199,-126,126
ZINCk800000PBwvN,10.838984191785832,64.19404341937518,223,200,23,23
ZINCk800000PwEUu,12.499519744750344,64.19404341937518,113,201,-88,88
ZINCk800000ds8tC,13.363976498612956,64.19404341937518,68,202,-134,134
ZINCk800000guvDk,12.91823690014825,64.19404341937518,94,203,-109,109
ZINCk8000018Slw3,13.06751291250918,64.19404341937518,85,204,-119,119
ZINCk8000018T2V9,12.083288177339943,64.19404341937518,149,205,-56,56
ZINCk8000018T3g5,13.226791926582411,64.19404341937518,76,206,-130,130
ZINCk8000018TedI,11.359426968074883,64.19404341937518,197,207,-10,10
ZINCk8000018Tp53,12.40649139481303,64.19404341937518,120,208,-88,88
ZINCk800001bPJGz,10.604862228159032,64.19404341937518,232,209,23,23
ZINCk800001bQcGS,13.360199541183944,64.19404341937518,69,210,-141,141
ZINCf5000000a7as,10.2050410720477,63.14924316917441,249,211,38,38
ZINCf5000000aeLi,10.221192063419876,63.14924316917441,248,212,36,36
ZINCf5000000ahqO,12.349409567377489,63.14924316917441,124,213,-89,89
ZINCf5000000arUA,8.342405783589488,63.14924316917441,266,214,52,52
ZINCf50000018dKl,7.110380936850939,63.14924316917441,270,215,55,55
ZINCf50000025tDK,11.004024600597967,63.14924316917441,218,216,2,2
ZINCi80000014rjS,12.551746971914731,63.14924316917441,112,217,-105,105
ZINCi800000vr0ue,12.215691451258529,63.14924316917441,138,218,-80,80
ZINCj6000002lAe5,12.141531242889258,63.14924316917441,143,219,-76,76
ZINCj600000JU75f,15.189563092863777,63.14924316917441,12,220,-208,208
ZINCj700000xcJzW,11.340245400550469,63.14924316917441,198,221,-23,23
ZINCj8000002qwcT,12.258372302062629,63.14924316917441,132,222,-90,90
ZINCk500000doSkc,13.465085614755502,63.14924316917441,63,223,-160,160
ZINCk600000BmPF7,14.705114889397803,63.14924316917441,20,224,-204,204
ZINCk600000PAmkg,10.416691167632113,63.14924316917441,242,225,17,17
ZINCk7000004foGS,10.521327208148856,63.14924316917441,236,226,10,10
ZINCk800000PACto,13.671035944169429,63.14924316917441,49,227,-178,178
ZINCk8000018T4xF,11.200592156176116,63.14924316917441,208,228,-20,20
ZINCj5000002c8e2,10.893568822273842,54.87995928936619,222,229,-7,7
ZINCk500000dpM9s,12.30877787570547,54.87995928936619,128,230,-102,102
ZINCk600000PC7ZQ,14.366733092184566,54.24820234457205,26,231,-205,205
ZINCk700001bPyy0,12.865068465668845,53.35470994998635,98,232,-134,134
ZINCk700000PC6VH,10.361311272202636,52.30990969978558,243,233,10,10
ZINCk800000wuX7z,12.428697358896542,52.30990969978558,118,234,-116,116
ZINCk5000009FVHb,11.696745232667336,51.79795227632343,174,235,-61,61
ZINCk6000009Jfx9,12.927169646576884,51.79795227632343,93,236,-143,143
ZINCf5000000acl9,8.42126456545756,51.46193052157849,264,237,27,27
ZINCf5000000axR1,7.896666564456385,51.46193052157849,268,238,30,30
ZINCf5000002sEgd,10.472933382813208,51.46193052157849,240,239,1,1
ZINCf500000446yY,12.202263257121492,51.46193052157849,140,240,-100,100
ZINCj6000002lA7T,11.679135154540909,51.46193052157849,175,241,-66,66
ZINCj600001bQGIZ,12.375121445026766,51.46193052157849,123,242,-119,119
ZINCk50000045w8F,11.82767459397849,51.46193052157849,164,243,-79,79
ZINCk6000004dm5O,12.91631293270638,51.46193052157849,95,244,-149,149
ZINCk600000GfSWC,11.267583497208618,51.46193052157849,205,245,-40,40
ZINCk600000JTl3x,10.53959339670156,51.46193052157849,235,246,-11,11
ZINCk600000dqRJl,11.072309940836536,51.46193052157849,217,247,-30,30
ZINCk7000004eWZp,13.190935986318117,51.46193052157849,78,248,-170,170
ZINCk7000004eXFt,10.729121492847074,51.46193052157849,227,249,-22,22
ZINCk7000004fsSG,12.597306529490986,51.46193052157849,109,250,-141,141
ZINCk700000JTCa8,12.7151064168455,51.46193052157849,103,251,-148,148
ZINCk800000Emx6O,12.2680781729282,51.46193052157849,131,252,-121,121
ZINCk800000ciGFd,13.509237552675303,51.46193052157849,59,253,-194,194
ZINCf5000000aavf,10.239155104070734,50.94997309811634,246,254,-8,8
ZINCf5000000acCm,10.229380447509012,50.94997309811634,247,255,-8,8
ZINCf5000002mCsZ,10.657127152114295,50.94997309811634,230,256,-26,26
ZINCf5000002mSa8,9.744445396320543,50.94997309811634,258,257,1,1
ZINCf500000437uP,8.415553943816477,50.94997309811634,265,258,7,7
ZINCf5000000azNl,11.951830567319767,50.41713027137772,153,259,-106,106
ZINCf50000017MnG,9.788974629838933,50.41713027137772,255,260,-5,5
ZINCf50000025AyO,9.707652469157235,50.41713027137772,259,261,-2,2
ZINCf5000002KusP,10.058301887721976,50.41713027137772,253,262,-9,9
ZINCi800000PAVb1,10.436063578900631,50.41713027137772,241,263,-22,22
ZINCk7000018TeUr,11.141431297553597,50.41713027137772,214,264,-50,50
ZINCf5000000a8DN,9.754757910966944,49.905172847915566,257,265,-8,8
ZINCf5000000apSF,9.22650277292509,49.905172847915566,261,266,-5,5
ZINCf5000001ooXU,8.081979213005145,49.905172847915566,267,267,0,0
ZINCf5000001oyw4,9.402692770074191,49.905172847915566,260,268,-8,8
ZINCk7000004fuvb,10.933668203635472,49.905172847915566,219,269,-50,50
ZINCf5000003oKPw,10.17257542525436,39.22025354031439,250,270,-20,20
ZINCf5000002mDsd,6.396091696490622,27.020983469256315,271,271,0,0
