zinc_id,smiles,mw,logp,hbd,hba,rotatable_bonds,lipinski,chemistry_flagged,pains_alert,reactive_flags,hotspot_weighted_pct,hotspot_bits_matched,hotspot_exact_matches,hotspot_compatible_matches,hotspot_exact_residue_count,hotspot_group_count,hotspot_required_groups_pass,native_supported_hotspot_bits_matched,native_supported_hotspot_exact_matches,native_supported_hotspot_exact_residue_count,native_supported_hotspot_weighted_pct,pair_hash_overlap_pct,pair_hash_recall_pct,pair_hash_precision_pct,cascade_score_pct,shortlist_rank
CHEMBL410135,CC(C)(N)C(=O)N[C@H](COCc1ccccc1)c1nnnn1CCNC(=O)CCc1cccc(O)c1,495.5840000000003,1.2390999999999996,4,9,13,1,0,,,33.18093759173754,11,4,7,4,2,1,0,0,0,0.0,29.403559474826757,23.41633162881136,39.50424005218526,30.347904004054456,1
ZINCk50000047sNG,O=C(NCCCc1nc(O)n[nH]1)c1n[nH]cc1[N+](=O)[O-],281.2320000000001,-0.4958000000000007,4,7,6,1,0,,,41.19084267040562,12,7,5,7,2,1,0,0,0,0.0,24.713792150010725,17.070783349818182,44.74903269319512,28.833054780109453,2
CHEMBL270666,CC(C)(N)C(=O)N[C@H](COCc1ccccc1)c1nnnn1[C@H](CC#N)COc1ccccc1O,479.5410000000002,2.0238799999999997,3,10,12,1,0,,,34.1174432062358,11,5,6,5,2,1,0,0,0,0.0,26.996639165560616,21.6643648097019,35.81078865387769,28.77684017572941,3
CHEMBL4171914,Cn1ccc2c(F)c(C(=O)N[C@H]3Cc4ccccc4[C@@H]3NC(=O)c3cnccc3N)ccc21,443.4820000000002,3.120400000000001,3,5,4,1,0,,,34.89823407860856,11,5,6,5,2,1,0,0,0,0.0,25.6007099376565,18.97155880303825,39.35094246031745,27.925090972894516,4
ZINCk600000cLi01,NOCCNC(=O)Cc1ccc([N+](=O)[O-])cc1[N+](=O)[O-],284.228,0.05200000000000071,2,7,7,1,0,,,41.43257879686414,11,8,3,8,3,1,0,0,0,0.0,22.022937842887842,14.566582924327543,45.11795543905635,26.87534808138191,5
CHEMBL4164040,Nc1ccncc1C(=O)N[C@H]1c2ccccc2C[C@@H]1NC(=O)c1cc2c(F)cc(F)cc2[nH]1,447.4450000000001,3.249100000000001,4,4,4,1,0,,,33.69533478231311,11,4,7,4,2,1,0,0,0,0.0,24.45171962062359,18.23570874839218,37.0969754808398,26.762623411045972,6
CHEMBL259166,CC(C)(N)C(=O)N[C@H](COCc1ccccc1)c1nnnn1CCCC(=O)NCCSCCO,493.63400000000036,0.40640000000000015,4,10,16,1,0,,,29.07337943761589,10,3,7,3,2,1,0,0,0,0.0,25.96539846135383,21.10013945912662,33.74669312169311,26.742393705419342,7
ZINCk6000004dm5O,Cc1cc([N+](=O)[O-])cc([N+](=O)[O-])c1NC[C@@H](O)C(N)=O,284.228,0.0695199999999998,3,7,6,1,0,,,41.894685904351626,11,8,3,8,2,1,0,0,0,0.0,21.394667413395222,14.130914562329538,44.02491597252667,26.519672036134324,8
CHEMBL4637284,Cc1ccc2[nH]c(C(=O)N[C@H]3CN(S(=O)(=O)c4cnccn4)C[C@@H]3C(=O)NCCN(C)C)cc2c1,499.59700000000026,0.36322000000000054,3,7,8,1,0,,,33.23974676957568,11,5,6,5,3,1,0,0,0,0.0,24.122824916488224,19.802462072982312,30.854428616015678,26.402055379760085,9
ZINCj600000JU75f,Nc1nonc1C(=NO)Sc1cnc(C(=O)O)cn1,282.241,0.0680999999999996,3,10,3,1,0,,,30.00988505211415,10,4,6,4,2,1,0,0,0,0.0,24.439238578787,16.273041159501105,49.057407302254276,25.831900197118784,10
CHEMBL382844,CC(C)(N)C(=O)N[C@H](COCc1ccccc1)C(=O)N1CCC2=NNC(=O)[C@@]2(Cc2ccccc2)C1,491.5920000000003,1.3725000000000025,3,6,9,1,0,,,30.00988505211415,10,4,6,4,2,1,0,0,0,0.0,23.856542441547372,18.191363363124307,34.646067970756775,25.394878094189067,11
CHEMBL271876,CC(C)(N)C(=O)N[C@H](COCc1ccccc1)c1nnnn1[C@H](CC#N)COc1ccccn1,464.5300000000002,1.713279999999999,2,10,12,1,0,,,31.704392034230118,10,5,5,5,2,1,0,0,0,0.0,22.287992319142177,16.85783542234807,32.87870809197822,24.64209224791416,12
ZINCk50000048fa4,O=C1C[C@@H](C[C@H](O)Cn2nc([N+](=O)[O-])cc2[N+](=O)[O-])N1,285.216,-0.6610000000000003,2,8,6,1,0,,,41.43257879686414,11,8,3,8,3,1,0,0,0,0.0,18.88507812455024,12.813338190030876,35.8936981385961,24.521953292628716,13
CHEMBL130229,CCOC(=O)[C@@H](CCc1ccccc1)NC(=O)[C@@H](Cc1c[nH]c2ccccc12)NC(=O)C(C)(C)N,478.5930000000003,2.6132,4,5,11,1,0,,,29.626577682298024,10,3,7,3,2,1,0,0,0,0.0,22.31905831146995,16.644400137584338,33.864728856842426,24.145938154176967,14
CHEMBL4645148,Cc1ccc2[nH]c(C(=O)N[C@H]3CN(S(=O)(=O)c4cccnc4)C[C@@H]3C(=O)NCCN(C)C)cc2c1,498.60900000000026,0.968220000000001,3,6,8,1,0,,,30.00988505211415,10,4,6,4,2,1,0,0,0,0.0,22.062441861080387,17.237909371553304,30.637140637140636,24.04930265883883,15
ZINCk600000gqEx4,O=C(N[C@@H]1C[C@H]1NC(=O)c1n[nH]cc1Cl)c1cnc[nH]1,294.702,0.08689999999999987,4,4,4,1,0,,,29.07337943761589,10,3,7,3,2,1,0,0,0,0.0,22.16527708009155,15.471553018480177,39.06789038599233,23.892302669472638,16
ZINCk700000PCx9I,O=[N+]([O-])c1ccc(S(=O)(=O)Nc2cnn(CCO)c2)o1,302.26800000000003,0.1774,2,8,6,1,0,,,35.147413232312545,10,6,4,6,2,1,0,0,0,0.0,20.138689731095464,12.863743483764045,46.35325416910001,23.890870606399734,17
ZINCk8000004j8mL,C[C@@](O)(CNc1cc(N)c([N+](=O)[O-])c(C#N)c1)C(=O)O,280.24,0.29617999999999994,4,7,5,1,0,,,33.75985428051273,10,5,5,5,2,1,0,0,0,0.0,19.495379159153693,12.336729587939988,46.4475674620602,23.061497939493453,18
CHEMBL2364485,COc1ccc(N2C[C@@H](C)N[C@@H](C)C2)cc1NS(=O)(=O)c1ccc(-c2ccc(C)o2)cn1,456.5680000000002,3.646020000000002,2,7,6,1,1,anil_di_alk_C(246),,31.704392034230118,10,5,5,5,2,1,0,0,0,0.0,20.085095244493207,15.16360221909679,29.736296407335228,22.989919441927437,19
ZINCk500000468se,N=c1nnn(CC(=O)NNc2ccc([N+](=O)[O-])cc2)[nH]1,278.23199999999997,-0.86283,4,8,5,1,0,,,31.859447004670212,9,5,4,5,2,1,0,0,0,0.0,19.453382220221066,11.559694625660402,61.340623734305396,22.55489841633335,20
ZINCk600000y8RkA,O=C(O)c1cc([N+](=O)[O-])cnc1NCCC(CO)CO,285.25600000000003,0.09079999999999994,4,7,8,1,0,,,33.75985428051273,10,5,5,5,2,1,0,0,0,0.0,18.67032567140303,12.144176581644665,40.35860132720776,22.442707823680458,21
ZINCk600000vJ41m,Cc1ccc([N+](=O)[O-])c(NNC(=O)c2nonc2N)n1,279.216,0.020319999999999838,3,9,4,1,0,,,35.147413232312545,10,6,4,6,2,1,0,0,0,0.0,18.143324715823812,11.431215411488267,43.94905484172223,22.394346844945996,22
ZINCk50000046YPS,Nc1c(C(=O)NCC[C@H](O)C(=O)O)cccc1[N+](=O)[O-],283.24000000000007,-0.25760000000000005,4,6,6,1,0,,,33.75985428051273,10,5,5,5,2,1,0,0,0,0.0,18.59912372223048,12.142451776177465,39.719962718183346,22.389306361801044,23
CHEMBL2364354,COc1ccc(NS(=O)(=O)c2ccc(-c3cccc(C)n3)s2)cc1N1C[C@@H](C)N[C@@H](C)C1,472.6360000000002,4.114520000000002,2,7,6,1,0,,,28.416425806587785,9,4,5,4,2,1,0,0,0,0.0,20.342639277435264,14.43077143056279,34.45983098917639,22.361085909723393,24
ZINCk600000PBwsY,C[S@](=O)CC[C@H](NC(=O)c1cc([N+](=O)[O-])sn1)C(=O)O,321.33600000000007,0.0029000000000001247,2,7,7,1,0,,,36.652872272476884,10,7,3,7,3,1,0,0,0,0.0,17.430380830993826,11.219948772539153,39.03929084810733,22.23600369136459,25
ZINCj5000002c8e2,COC[C@@](O)(CO)CNc1cc(N)c([N+](=O)[O-])cn1,272.26099999999997,-0.6462999999999999,4,8,7,1,0,,,33.75985428051273,10,5,5,5,2,1,0,0,0,0.0,18.29442366987983,11.467531276608177,45.20754165448702,22.160781322538053,26
ZINCk600000PBfsm,CONC(=O)c1cnn(CCNC(=O)c2cncs2)c1,295.324,0.06080000000000002,2,7,6,1,0,,,27.596833880108466,9,4,5,4,2,1,0,0,0,0.0,20.29842317192751,13.944509595042176,37.28976697061802,22.12302584897275,27
CHEMBL272540,COc1ccc(N2C[C@@H](C)N[C@@H](C)C2)cc1NS(=O)(=O)c1ccc(-c2cnco2)s1,448.57000000000016,3.3991000000000016,2,8,6,1,1,anil_di_alk_C(246),,28.416425806587785,9,4,5,4,2,1,0,0,0,0.0,19.8419709695213,13.756688676472049,35.581457129574275,21.98558467878792,28
CHEMBL260819,COc1ccc(F)c(-c2ccc(S(=O)(=O)Nc3cc(N4C[C@@H](C)N[C@@H](C)C4)ccc3OC)cc2)c1,499.6080000000003,4.497300000000004,2,6,7,1,1,anil_di_alk_C(246),,28.416425806587785,9,4,5,4,2,1,0,0,0,0.0,19.656239748440886,14.17386352849438,32.05491186804892,21.84628626297761,29
ZINCk700000PzC17,Cn1cc(NC(=O)CONC(=O)Cc2cscn2)cn1,295.324,0.10559999999999925,2,7,6,1,0,,,27.596833880108466,9,4,5,4,2,1,0,0,0,0.0,19.842247718548258,12.997395334941869,41.91722674212948,21.78089425893831,30
CHEMBL3218890,COc1cccc(-n2cc3nc(-c4cccnc4C)n(C[C@H]4CCCN(C(C)C)C4)c(=O)c3n2)c1,472.59300000000036,4.081620000000003,0,8,6,1,0,,,33.90594778386845,10,7,3,7,3,1,0,0,0,0.0,17.593973986018973,12.949113068549076,27.434903748733547,21.671967435481342,31
ZINCk800000FCBLz,COCCOCc1ocnc1C(=O)Nc1nnc(O)s1,300.296,0.6469999999999998,2,9,7,1,0,,,27.596833880108466,9,4,5,4,2,1,0,0,0,0.0,19.61109290469076,13.485141396553354,35.935797930283215,21.607528148545185,32
ZINCk700000JTKDZ,COCc1nnc(NNC(=O)N[C@@H](C)c2nc[nH]n2)s1,298.33200000000005,0.1898999999999998,4,8,6,1,0,,,26.721918824471818,9,3,6,3,2,1,0,0,0,0.0,19.852655606087147,13.693817714473935,36.07954545454546,21.569971410683316,33
ZINCk700000Bn8u5,O=C(O)c1cn(CCCNC(=O)c2c[nH]nc2I)nn1,390.141,0.12409999999999999,3,6,6,1,0,,,26.721918824471818,9,3,6,3,2,1,0,0,0,0.0,19.753670474667246,13.261480031783195,38.69872947728724,21.495732562118384,34
ZINCk8000018TA71,O=C(COCc1cc(C(=O)O)n[nH]1)OCc1nncs1,298.28,0.21939999999999982,2,8,7,1,0,,,27.596833880108466,9,4,5,4,2,1,0,0,0,0.0,19.334579296025137,13.417752991383816,34.58594118042937,21.400142942045967,35
CHEMBL1161835,CC(C)(N)C(=O)N[C@H](Cc1c[nH]c2ccccc12)C(=O)N1CCC2(CC1)C[C@@H](O)c1ccccc12,474.60500000000036,2.9300000000000015,4,4,5,1,0,,,27.23145167775744,9,3,6,3,2,1,0,0,0,0.0,19.450619492028018,14.694735044635731,28.758023585609806,21.39582753846037,36
CHEMBL2364468,COc1ccc(N2C[C@@H](C)N[C@@H](C)C2)cc1NS(=O)(=O)c1ccc(-c2ccc(C)o2)cc1Cl,490.0250000000002,4.9044200000000036,2,6,6,1,1,anil_di_alk_C(246),,28.416425806587785,9,4,5,4,2,1,0,0,0,0.0,19.039306234591447,13.756688676472049,30.908143774960934,21.383586127590533,37
CHEMBL1923504,CCC[C@@H]1NCCOc2ccccc2CCCNC(=O)[C@@H](Cc2ccccc2)NC(=O)CN(C)C1=O,494.63600000000025,2.072,3,5,4,1,0,,,26.721918824471818,9,3,6,3,2,1,0,0,0,0.0,19.18412564939436,14.456129639741466,28.507853403141347,21.068573943163727,38
ZINCk8000018ToFS,CS(=O)(=O)c1occc1C(=O)NCCOc1cn[nH]c1,299.30799999999994,0.2149999999999997,2,6,6,1,0,,,27.596833880108466,9,4,5,4,2,1,0,0,0,0.0,18.774453888100208,12.394252928717888,38.691938691938695,20.980048886102274,39
CHEMBL403180,CC(C)(N)C(=O)N[C@H](COCc1ccccc1)c1nnnn1C(CC#N)CCc1ccccc1,461.5700000000002,2.8720800000000004,2,8,12,1,0,,,28.416425806587785,9,4,5,4,2,1,0,0,0,0.0,18.429481038527033,13.686614328993086,28.202629366353282,20.92621723054222,40
CHEMBL404336,CC(C)(N)C(=O)N[C@H](COCc1ccccc1)c1nnnn1C(/C=C/c1ccccc1)CC#N,459.55400000000014,2.95268,2,8,11,1,0,,,28.416425806587785,9,4,5,4,2,1,0,0,0,0.0,18.429481038527033,13.686614328993086,28.20262936635328,20.92621723054222,41
ZINCk800000gu5Mi,CCC[C@H](C(=O)Nc1cnc(C(N)=O)s1)c1nn[nH]n1,295.328,0.27749999999999964,3,7,6,1,0,,,26.721918824471818,9,3,6,3,2,1,0,0,0,0.0,18.756419111426716,12.382031603519172,38.6578449905482,20.747794039687996,42
ZINCk700000FCpX8,Cc1ncc([N+](=O)[O-])n1CCN[C@H](C)c1nc(=N)[nH][nH]1,280.292,-0.018810000000000493,4,7,6,1,0,,,31.859447004670212,9,5,4,5,2,1,0,0,0,0.0,16.974370723062655,10.650235368451481,41.788456774832795,20.695639793464544,43
ZINCk800000PACto,COCCNCc1cn(-c2[nH]nc3cnccc23)nn1,273.3,0.2745999999999989,2,7,6,1,0,,,28.416425806587785,9,4,5,4,2,1,0,0,0,0.0,17.84225861010324,11.750369184034168,37.051140008163756,20.485800409224375,44
ZINCj700000d8xgb,Nc1ccc(CN[C@@H](CCO)C(=O)O)cc1[N+](=O)[O-],269.257,0.10219999999999985,4,6,7,1,0,,,30.205494371073204,9,4,5,4,2,1,0,0,0,0.0,17.112810347403524,10.91236933830944,39.631610219845506,20.385981353320943,45
ZINCk600000JUaNj,NC[C@H](N)CCC(=O)Nc1cc(CO)cc([N+](=O)[O-])c1,282.3,0.09180000000000021,4,6,7,1,0,,,30.205494371073204,9,4,5,4,2,1,0,0,0,0.0,17.096749798478466,10.747300379339302,41.78038484193993,20.373935941627153,46
ZINCk700000Em93S,Cc1nn[nH]c1C(=O)NC1CN(Cc2n[nH]cc2Cl)C1,295.73400000000004,0.10381999999999986,3,5,4,1,0,,,26.721918824471818,9,3,6,3,2,1,0,0,0,0.0,18.10639847399069,12.442212879096425,33.23734987202205,20.260278561610974,47
ZINCk50000043tzx,C[C@@](N)(CO)CNc1ccc([N+](=O)[O-])cc1S(N)(=O)=O,304.32800000000003,-0.6361999999999999,4,7,6,1,0,,,30.205494371073204,9,4,5,4,2,1,0,0,0,0.0,16.94414326766185,10.30168016750562,47.702320316921345,20.25948104351469,48
ZINCk800000JSaDi,Cc1nccnc1CNC(=O)c1cnc(C(=O)O)nc1,273.252,0.2032199999999995,2,6,4,1,0,,,27.596833880108466,9,4,5,4,2,1,0,0,0,0.0,17.721694288479952,12.10623767317858,33.053501745738345,20.190479186387083,49
CHEMBL4637980,Cc1ccc2[nH]c(C(=O)N[C@H]3CN(S(=O)(=O)c4ccccc4)C[C@@H]3C(=O)NCCN(C)C)cc2c1,497.62100000000027,1.57322,3,5,8,1,0,,,26.721918824471818,9,3,6,3,2,1,0,0,0,0.0,17.927706407494888,13.183168511413552,28.00738477209066,20.12625951173912,50
ZINCk600000PBNlG,NC(=O)Cn1cc(CCNC(=O)c2coc(Br)c2)nn1,342.153,0.09139999999999932,2,6,6,1,0,,,24.308867652466137,8,3,5,3,2,1,0,0,0,0.0,18.623960998812404,11.902710197457996,42.78246601031411,20.045187662225835,51
CHEMBL481620,COc1cccc(C(=O)Nc2ccc(S(=O)(=O)N3CCCC[C@H]3C(=O)N3CC[C@H](N)C3)cc2)c1,486.5940000000004,2.0503,2,6,6,1,0,,,24.308867652466137,8,3,5,3,2,1,0,0,0,0.0,18.474896597818397,13.360196939853811,29.934914602716994,19.93338936148033,52
ZINCk800000JUvI5,O=C(O)Cc1nnc(CNC(=O)CCc2csnn2)s1,313.364,0.26569999999999966,2,8,7,1,0,,,24.308867652466137,8,3,5,3,2,1,0,0,0,0.0,18.474244604388797,11.641982703093857,44.717114568599705,19.93290036640813,53
ZINCk50000045w8F,Cn1cc([N+](=O)[O-])c(Cn2cc(COC(=N)O)nn2)n1,281.23199999999997,-0.022530000000000383,2,9,5,1,0,,,32.73436206030686,9,6,3,6,2,1,0,0,0,0.0,15.561550208676575,10.152836229247185,33.30307745504841,19.854753171584143,54
ZINCk6000004bJA5,CC(CO)(CO)CNc1ccc([N+](=O)[O-])c(C(N)=O)c1,283.284,0.0964999999999997,4,6,7,1,0,,,30.205494371073204,9,4,5,4,2,1,0,0,0,0.0,16.292271773764345,9.991254573411966,44.11104718066744,19.77057742309156,55
ZINCk700000drsQ4,CS(=O)(=O)c1cc(C(=O)NCCCc2cnn[nH]2)co1,298.32399999999996,0.16379999999999978,2,6,6,1,0,,,24.308867652466137,8,3,5,3,2,1,0,0,0,0.0,18.236153689135584,11.590634084656628,42.74291027429104,19.754332179968223,56
ZINCf5000000azNl,c1nc(-c2n[nH]c(-c3cnc[nH]3)n2)n[nH]1,202.181,-0.02010000000000034,3,5,2,1,0,,,27.275117069153946,9,3,6,3,2,1,0,0,0,0.0,17.21362574829829,10.101026098081242,58.18288854003142,19.728998578512208,57
ZINCj8000002rApC,NS(=O)(=O)CCNc1c([N+](=O)[O-])cccc1[N+](=O)[O-],290.25700000000006,0.20340000000000008,2,7,6,1,0,,,38.20271707940262,10,7,3,7,2,1,0,0,0,0.0,13.548657689969254,8.653051556695406,31.201313739525883,19.712172537327593,58
ZINCk600000gqrRP,NC(=O)c1ccc([N+](=O)[O-])c(NCCC(CO)CO)c1,283.28399999999993,0.0964999999999997,4,6,8,1,0,,,30.205494371073204,9,4,5,4,2,1,0,0,0,0.0,16.181860342993755,10.34659771248203,37.112561174551395,19.687768850013615,59
ZINCk800000PwEUu,C=C[C@@H](NC(=O)c1cnc(O)c2c1ccn2C)C(=O)O,275.264,0.6478999999999999,3,5,4,1,0,,,26.721918824471818,9,3,6,3,2,1,0,0,0,0.0,17.338318150091915,11.926025351934994,31.744812994813003,19.68421831868689,60
CHEMBL4170481,Cc1ccc2[nH]c(C(=O)N[C@H]3Cc4ccccc4[C@@H]3NC(=O)[C@@H]3CN(C)CCO3)cc2c1,432.5240000000003,2.3189199999999994,3,4,4,1,0,,,26.721918824471818,9,3,6,3,2,1,0,0,0,0.0,17.318883928661403,13.039681013251986,25.778584160937122,19.669642652614005,61
ZINCk700000wTyDp,Cc1cnc(C(=O)N[C@@H](C)Cc2cnccn2)c[n+]1[O-],273.296,0.17442000000000002,1,5,4,1,0,,,32.73436206030686,9,6,3,6,2,1,0,0,0,0.0,15.121735608896525,9.517586404798868,36.776474967429735,19.524892221749106,62
ZINCk7000018StsX,Cc1oc(CCN)nc1-c1nc(-c2nonc2N)no1,277.244,0.1664199999999998,2,10,4,1,0,,,24.862065897148263,8,3,5,3,2,1,0,0,0,0.0,17.713068891726678,10.788497707711775,49.456790123456784,19.500318143082076,63
ZINCk800000JUoEf,O=C(Nc1cncc([N+](=O)[O-])c1)C1CN(C2COC2)C1,278.26800000000003,0.2588999999999999,1,6,4,1,0,,,31.82120161551783,9,6,3,6,2,1,0,0,0,0.0,15.36253401715105,9.325274104771475,43.57032307989942,19.477200916742742,64
ZINCk700000x2z5n,NC(=O)CS(=O)(=O)NC(=O)c1cc2ncc(Br)cc2o1,362.161,0.13520000000000026,2,6,4,1,0,,,27.596833880108466,9,4,5,4,2,1,0,0,0,0.0,16.749586027085694,10.815895366029961,37.106549364613876,19.46139799034139,65
ZINCf5000000ahqO,NC(=O)c1n[nH]c(=NCc2cc[nH]n2)s1,224.24900000000005,-0.6059000000000001,3,5,3,1,0,,,26.721918824471818,9,3,6,3,2,1,0,0,0,0.0,16.89351263834756,10.677271202206901,40.43385170160019,19.350614184878623,66
CHEMBL401134,COc1cc2c(cc1N1C[C@@H](C)N[C@@H](C)C1)N(S(=O)(=O)c1ccc(-c3ccccn3)cc1)CC2,478.6180000000002,3.6952000000000025,1,6,5,1,0,,,25.988179895344604,8,4,4,4,2,1,0,0,0,0.0,17.05995261670977,11.655849655236269,31.80682976554537,19.292009436368478,67
CHEMBL4164328,CN(C)CCNC(=O)[C@H]1c2ccccc2C[C@@H]1NC(=O)c1cc2ccccc2[nH]1,390.48700000000014,2.283999999999999,3,3,6,1,0,,,27.275117069153946,9,3,6,3,2,1,0,0,0,0.0,16.60838039894195,12.239942957035804,25.825508004926114,19.275064566494947,68
ZINCk500000dq4PX,Nc1ccc(C(=O)NCCCNCCO)c([N+](=O)[O-])c1,282.3,-0.12119999999999964,4,6,8,1,0,,,30.205494371073204,9,4,5,4,2,1,0,0,0,0.0,15.600258938451534,10.013553912384333,35.28786230091997,19.25156779660695,69
CHEMBL2364338,Cc1ccc(-c2ccc(S(=O)(=O)Nc3cccc(N4C[C@@H](C)N[C@@H](C)C4)n3)cc2F)o1,444.5320000000002,3.7765200000000023,2,6,5,1,0,,,24.862065897148263,8,3,5,3,2,1,0,0,0,0.0,17.377406472113606,11.32725753891395,37.30041831143582,19.24857132837227,70
ZINCk600000JU4gH,Nc1ccc(C(=O)NCCC[C@H](O)CO)c([N+](=O)[O-])c1,283.284,0.04020000000000035,4,6,7,1,0,,,30.205494371073204,9,4,5,4,2,1,0,0,0,0.0,15.591603985391513,10.013553912384333,35.199466113006075,19.245076581811936,71
ZINCk800000wuX7z,CN(Cc1cncs1)c1ccc(C(=O)NCCO)nn1,293.352,0.2915999999999999,2,7,6,1,0,,,24.308867652466137,8,3,5,3,2,1,0,0,0,0.0,17.53637974073602,11.571276344035908,36.19551126235618,19.22950171866855,72
ZINCj700000Bmqe2,C[C@](O)(CN)CNc1cc(N)c([N+](=O)[O-])c(C#N)c1,265.27299999999997,0.17027999999999988,4,7,5,1,0,,,30.205494371073204,9,4,5,4,2,1,0,0,0,0.0,15.488717196898039,9.459130875205158,42.71990078229346,19.16791149044183,73
ZINCi800000Bn9ye,O=[N+]([O-])c1ncc(NCC[C@@H](O)CCO)cc1O,257.246,0.24069999999999975,4,7,7,1,0,,,30.205494371073204,9,4,5,4,2,1,0,0,0,0.0,15.38272412811676,9.925106774226949,34.17471539048756,19.08841668885587,74
ZINCk500000dpM9s,Cn1cc([N+](=O)[O-])c(OCC(=O)OCCOCCO)n1,289.24399999999997,-0.7407999999999999,1,9,9,1,0,,,31.82120161551783,9,6,3,6,2,1,0,0,0,0.0,14.747843710721693,9.75421618674521,30.217619297325644,19.016183186920728,75
ZINCk600001bPrL8,CN(Cc1cc(CO)no1)c1ncnc(N)c1[N+](=O)[O-],280.244,0.08370000000000027,2,9,5,1,0,,,31.859447004670212,9,5,4,5,2,1,0,0,0,0.0,14.663180231703693,9.26693536368118,35.10555638215213,18.962246924945322,76
ZINCk500000cLfyB,OCCn1ncc2c(O)nc(SCc3ncon3)nc21,294.296,0.19949999999999962,2,10,5,1,0,,,24.862065897148263,8,3,5,3,2,1,0,0,0,0.0,16.99502827949811,10.277522210614109,49.06347995592844,18.96178768391065,77
CHEMBL2364382,COc1ccc(NS(=O)(=O)c2ccc(-c3ccccc3)s2)cc1N1C[C@@H](C)N[C@@H](C)C1,457.62100000000015,4.411100000000004,2,6,6,1,0,,,24.862065897148263,8,3,5,3,2,1,0,0,0,0.0,16.92275000057519,10.939451610547192,37.3526798933965,18.907578974718454,78
ZINCk7000004eT0Z,CCn1cc(C(=O)C(=O)NCCc2csc(O)n2)cn1,294.33599999999996,0.6066999999999996,2,7,6,1,0,,,24.308867652466137,8,3,5,3,2,1,0,0,0,0.0,17.092592319412734,10.695741918200891,42.526766595289075,18.896661152676085,79
ZINCk5000003ZXd1,COC(=O)CCOCCNC(=O)c1n[nH]cc1[N+](=O)[O-],286.2440000000001,-0.37259999999999976,2,7,8,1,0,,,34.23425278752351,10,6,4,6,2,1,0,0,0,0.0,13.756737009084882,9.286990642798534,26.52111467581884,18.876115953694537,80
CHEMBL251573,COc1cc2c(cc1N1C[C@@H](C)N[C@@H](C)C1)N(S(=O)(=O)c1ccc(-c3ccon3)s1)CC2,474.60800000000023,3.349700000000002,1,8,5,1,0,,,25.988179895344604,8,4,4,4,2,1,0,0,0,0.0,16.468535111693818,11.268773025583416,30.57832422586521,18.848446307606515,81
CHEMBL251572,COc1cc2c(cc1N1C[C@@H](C)N[C@@H](C)C1)N(S(=O)(=O)c1ccc(-c3ccccn3)s1)CC2,484.6470000000002,3.756700000000003,1,7,5,1,0,,,25.988179895344604,8,4,4,4,2,1,0,0,0,0.0,16.44942298410896,11.268773025583416,30.44695581347995,18.83411221191787,82
ZINCk700000drleP,CN(CC(=O)NCc1nc(CO)cs1)c1cnccn1,293.35200000000003,0.17799999999999955,2,7,6,1,0,,,24.308867652466137,8,3,5,3,2,1,0,0,0,0.0,16.94687991745136,11.229638263684965,34.52351937606629,18.78737685120505,83
ZINCk600000BmPF7,CON(CC(=O)O)C(=O)c1cccc2c(O)nncc12,277.236,0.4235999999999996,2,6,4,1,0,,,24.308867652466137,8,3,5,3,2,1,0,0,0,0.0,16.94491643061195,10.689297124112231,40.853046594982075,18.785904236075496,84
CHEMBL2364381,COc1ccc(NS(=O)(=O)c2ccc(-c3ccsc3)s2)cc1N1C[C@@H](C)N[C@@H](C)C1,463.65000000000015,4.472600000000004,2,7,6,1,0,,,24.862065897148263,8,3,5,3,2,1,0,0,0,0.0,16.75102419567208,10.793748696806356,37.3839238185367,18.778784621041126,85
ZINCj800000xceQv,CCOCc1nc(CNC(=O)c2csc(O)n2)no1,284.297,0.6981999999999999,2,8,6,1,0,,,24.308867652466137,8,3,5,3,2,1,0,0,0,0.0,16.922558299366084,11.04540309846377,36.16631430584919,18.769135637641096,86
ZINCj8000002rSdf,O=C1C[C@@H](Cc2nc(-c3c[nH]nc3I)no2)C(=O)N1,373.1100000000001,0.26949999999999996,2,6,3,1,0,,,24.308867652466137,8,3,5,3,2,1,0,0,0,0.0,16.883649900741318,10.45617029675288,43.82027116402117,18.739954338672522,87
ZINCj8000002rSte,O=C1C[C@H](Cc2nc(-c3c[nH]nc3I)no2)C(=O)N1,373.1100000000001,0.26949999999999996,2,6,3,1,0,,,24.308867652466137,8,3,5,3,2,1,0,0,0,0.0,16.883649900741318,10.45617029675288,43.82027116402117,18.739954338672522,88
ZINCk8000004iiBi,CNc1cnn(C[C@@H](O)COc2cnsn2)c(=O)c1Cl,317.75800000000004,0.2297999999999999,2,9,6,1,0,,,24.308867652466137,8,3,5,3,2,1,0,0,0,0.0,16.754487132263364,10.208035599911701,46.70940170940171,18.64308226231406,89
ZINCk500000doSkc,COC(=O)Cn1cnc(NS(=O)(=O)c2cnc(O)s2)n1,319.32400000000007,-0.5860000000000004,2,10,5,1,0,,,24.308867652466137,8,3,5,3,2,1,0,0,0,0.0,16.72913852508109,10.518035729752809,40.854519774011294,18.624070806927353,90
ZINCk700000y8NCO,O=C(Cn1cc(I)nn1)Nc1cnc2c(c1)CNC2=O,384.13700000000017,0.1598,2,6,3,1,0,,,24.308867652466137,8,3,5,3,2,1,0,0,0,0.0,16.70848088047131,10.530540091232307,40.4239663629993,18.60857757347002,91
ZINCk8000004jFzp,Cn1ccnc1COCC(=O)NC[C@H](O)c1cncs1,296.35200000000003,0.24300000000000044,2,7,7,1,0,,,24.308867652466137,8,3,5,3,2,1,0,0,0,0.0,16.673558231783588,10.84696882745963,36.024680833790015,18.582385586954224,92
ZINCk8000004i6V5,CN(Cc1cnccn1)C(=O)c1cccnc1C(N)=O,271.28,0.24270000000000025,1,5,4,1,0,,,25.168587968865282,8,4,4,4,2,1,0,0,0,0.0,16.299243254692016,10.660229127454,34.60390915179931,18.516579433235332,93
ZINCk500000dp3ZE,COCc1nc(C(=O)NCCc2nnc(CO)s2)no1,299.312,-0.46770000000000017,2,9,7,1,0,,,24.308867652466137,8,3,5,3,2,1,0,0,0,0.0,16.585296193455605,11.316795179667848,31.03228693377392,18.516189058208237,94
CHEMBL2364408,COc1ccc(NS(=O)(=O)c2ccc(-c3cc(C)cs3)s2)cc1N1C[C@@H](C)N[C@@H](C)C1,477.6770000000002,4.781020000000004,2,7,6,1,0,,,24.862065897148263,8,3,5,3,2,1,0,0,0,0.0,16.319013362111015,10.939451610547192,32.10873983739838,18.454776495870327,95
ZINCk800000PtDR3,Cc1cc(C(=O)NCCOc2cnn(C)c2)cnc1O,276.29600000000005,0.6379199999999996,2,6,5,1,0,,,24.308867652466137,8,3,5,3,2,1,0,0,0,0.0,16.49164550316804,10.821242056787693,34.64680247288944,18.445951040492563,96
ZINCk8000018Tp53,CS(=O)(=O)NCCNC(=O)c1ccc(-c2cnco2)o1,299.30800000000005,0.21360000000000007,2,6,6,1,0,,,24.308867652466137,8,3,5,3,2,1,0,0,0,0.0,16.48808700075221,10.334636391282718,40.75360264587762,18.443282163680692,97
ZINCj800000JaoGi,NC(=O)c1noc(CNC(=O)c2ccncc2Br)n1,326.11,0.25599999999999895,2,6,4,1,0,,,24.308867652466137,8,3,5,3,2,1,0,0,0,0.0,16.47529661188174,10.448542245450284,38.93059490084987,18.433689372027835,98
ZINCk700000JUf7G,NS(=O)(=O)CCCCOC(=O)c1ccc2n[nH]cc2n1,298.324,0.18339999999999917,2,6,6,1,0,,,24.308867652466137,8,3,5,3,2,1,0,0,0,0.0,16.4410984713867,10.925352427331486,33.20478097032502,18.40804076665656,99
ZINCk600001bNqgQ,Cc1ncc(C(=O)NC[C@@H](O)CN(C)c2ncns2)o1,297.34000000000003,0.061619999999999564,2,8,6,1,0,,,24.308867652466137,8,3,5,3,2,1,0,0,0,0.0,16.435172529151725,10.63483178389145,36.15381511519994,18.40359630998033,100
ZINCk7000009KZrH,Cc1nc(CC(=O)NC[C@@H](C)N(C)c2ncns2)n[nH]1,295.372,0.14821999999999985,2,7,6,1,0,,,24.308867652466137,8,3,5,3,2,1,0,0,0,0.0,16.395371833104154,10.732121621537388,34.71327447705403,18.37374578794465,101
ZINCj800000JT0bw,C[C@H](NC(=O)COCc1nccs1)c1nnc(O)o1,284.297,0.6256999999999995,2,8,6,1,0,,,24.308867652466137,8,3,5,3,2,1,0,0,0,0.0,16.339933386723203,10.354790634782608,38.72087494056111,18.33216695315894,102
ZINCk600000xcqtG,O=C(CC1(c2ccon2)CS(=O)(=O)C1)Nc1cn[nH]c1,296.30799999999994,0.0926999999999999,2,6,4,1,0,,,24.308867652466137,8,3,5,3,2,1,0,0,0,0.0,16.26769006708136,10.335119525265728,38.18890417239799,18.277984463427554,103
ZINCi800000vr0ue,COCCNC(=O)CNc1ncc2ncsc2n1,267.314,0.26080000000000003,2,7,6,1,0,,,24.308867652466137,8,3,5,3,2,1,0,0,0,0.0,16.24186252057984,10.268676022979513,38.82733812949641,18.258613803551413,104
ZINCj8000002rLl9,O=C(NCc1cn(C2COC2)nn1)c1cc(Br)n[nH]1,327.142,0.26499999999999974,2,6,4,1,0,,,24.308867652466137,8,3,5,3,2,1,0,0,0,0.0,16.229919681869674,10.273282590049524,38.6259541984733,18.24965667451879,105
ZINCk7000018TAx0,O[C@@H](COC[C@@H]1CCCO1)CSc1nnc2nc[nH]n12,299.356,0.10099999999999959,2,8,7,1,0,,,24.308867652466137,8,3,5,3,2,1,0,0,0,0.0,16.164379454410703,10.615647277286458,33.86584289496911,18.200501503924563,106
ZINCk7000004goUF,Cn1c(C(=O)Nc2nc(CC(N)=O)cs2)cccc1=O,292.32000000000005,0.12189999999999973,2,6,4,1,0,,,24.308867652466137,8,3,5,3,2,1,0,0,0,0.0,16.147618832616885,10.17802888557681,39.05270655270655,18.1879310375792,107
ZINCj700000xcgLi,Cn1cnc(Br)c1C(=O)NCc1nc(C(N)=O)co1,328.1260000000001,0.19949999999999968,2,6,4,1,0,,,24.308867652466137,8,3,5,3,2,1,0,0,0,0.0,16.078951336438113,10.625085607049353,33.036737648549185,18.13643041544512,108
ZINCk700000FCG8P,O=C(NCc1nnc2n1CCNC2=O)c1ccc(I)o1,387.13700000000006,0.14910000000000007,2,6,3,1,0,,,24.308867652466137,8,3,5,3,2,1,0,0,0,0.0,16.022510450996798,10.625085607049353,32.565339048639636,18.094099751364134,109
ZINCk800000ds8tC,Cc1nc(C(N)=O)ccc1NC(=O)[C@H](C)n1cncn1,274.284,0.28011999999999954,2,6,4,1,0,,,24.308867652466137,8,3,5,3,2,1,0,0,0,0.0,16.021056444835082,10.224600194969577,36.99267658870776,18.09300924674285,110
ZINCk800000ciIsJ,O=C(O)Cn1ccnc1CNC(=O)Cn1cnc(Br)c1,342.153,0.24309999999999993,2,6,6,1,0,,,24.308867652466137,8,3,5,3,2,1,0,0,0,0.0,16.00198291086747,10.224600194969577,36.790167865707424,18.078704096267135,111
ZINCj7000002nkJO,CC[S@@](=O)CCNC(=O)c1cc([N+](=O)[O-])cnc1O,287.297,0.19379999999999964,2,6,6,1,0,,,33.42301055501535,9,6,3,6,2,1,0,0,0,0.0,12.958546418522953,8.092035209159963,32.50976085895558,18.074662452646052,112
ZINCk6000009Jfx9,COCC(=O)NCC(C)(C)Nc1cc2nncn2cn1,278.31600000000003,0.07739999999999952,2,7,6,1,0,,,24.308867652466137,8,3,5,3,2,1,0,0,0,0.0,15.985246776774506,9.955237511730642,40.54208273894435,18.066151995697414,113
ZINCk800000Py67v,C[C@@H](CNC(=O)c1ccns1)CC(=O)Nn1ccnn1,294.34,0.26089999999999997,2,7,6,1,0,,,24.308867652466137,8,3,5,3,2,1,0,0,0,0.0,15.750235606082196,9.884036128796984,38.746198830409355,17.889893617678183,114
ZINCj7000002oGfY,Cn1nnc(Br)c1C(=O)NCc1ccc(C(N)=O)o1,328.1260000000001,0.1994999999999999,2,6,4,1,0,,,24.308867652466137,8,3,5,3,2,1,0,0,0,0.0,15.66383134438533,10.258844085294719,33.106210029286956,17.82509042140553,115
ZINCk700000drsVz,CS(=O)(=O)c1sccc1CNC(=O)c1c[nH]c(=O)cn1,313.36,0.16489999999999994,2,6,4,1,0,,,24.308867652466137,8,3,5,3,2,1,0,0,0,0.0,15.65711106217067,9.813484451237574,38.704362256993825,17.820050209744537,116
ZINCk7000004g4d9,C[C@H](NC(=O)c1coc(S(N)(=O)=O)c1)c1ccn(C)n1,298.324,0.1514999999999993,2,6,4,1,0,,,24.308867652466137,8,3,5,3,2,1,0,0,0,0.0,15.622569785621506,10.082897941247083,34.67156891814425,17.794144252332664,117
ZINCi80000014rjS,COCC(=O)NCCNc1nccc2nsnc12,267.314,0.2608,2,7,6,1,0,,,24.308867652466137,8,3,5,3,2,1,0,0,0,0.0,15.607553080249264,9.771444124737965,38.75358166189111,17.782881723303483,118
ZINCj700000fpUOo,Cn1nnc(Br)c1C(=O)NCc1cc(C(N)=O)co1,328.1260000000001,0.1994999999999999,2,6,4,1,0,,,24.308867652466137,8,3,5,3,2,1,0,0,0,0.0,15.54676887738728,10.149679112244767,33.201840894148596,17.737293571156993,119
ZINCj700000JTEZC,COc1cc(N)cc(NC[C@H](CN)CO)c1[N+](=O)[O-],270.289,0.16470000000000046,4,7,7,1,0,,,30.205494371073204,9,4,5,4,2,1,0,0,0,0.0,13.555906934197228,8.512376756509251,33.265520534861494,17.718303793416222,120
ZINCj800000Ghtwb,CSc1snnc1C(=O)NCc1nc(C(=O)O)no1,301.309,0.2711999999999999,2,9,5,1,0,,,24.308867652466137,8,3,5,3,2,1,0,0,0,0.0,15.519999266221113,10.149679112244767,32.959025206068574,17.717216362782366,121
ZINCk7000018TgPn,COCCN1CC[C@@H](CNc2nn[nH]c3ncnc2-3)C1,277.3320000000001,0.07970000000000038,2,7,6,1,0,,,24.308867652466137,8,3,5,3,2,1,0,0,0,0.0,15.514110797326678,10.199536449572305,32.3926235786249,17.712800011111543,122
CHEMBL2364384,COc1ccc(N2C[C@@H](C)N[C@@H](C)C2)cc1NS(=O)(=O)c1ccc2c(Cl)cccc2c1,459.9990000000002,4.489200000000003,2,5,5,1,1,anil_di_alk_C(246),,24.862065897148263,8,3,5,3,2,1,0,0,0,0.0,15.281043042475275,9.988893699322189,32.49925969795677,17.676298756143524,123
ZINCk700000drwBy,C[S@](=O)(=NCC(=O)O)NC(=O)c1cc2cccn2cn1,296.30800000000005,0.16149999999999892,2,6,4,1,0,,,24.308867652466137,8,3,5,3,2,1,0,0,0,0.0,15.344840090836056,9.692759888013814,36.80911680911681,17.585846981243577,124
ZINCk7000009KfII,CCN(CCN=c1[nH]nc(O)s1)C(=O)Cc1cnns1,314.396,0.02019999999999922,2,8,6,1,0,,,24.308867652466137,8,3,5,3,2,1,0,0,0,0.0,15.323887575587275,9.815503669445805,34.921637426900595,17.570132594806992,125
ZINCk600000dqY1l,COc1cncc(CN(C)Cc2cc(O)nc(O)n2)c1,276.296,0.9233999999999998,2,7,5,1,0,,,24.308867652466137,8,3,5,3,2,1,0,0,0,0.0,15.303261339902956,10.131149278214734,31.264057579847055,17.55466291804375,126
ZINCk8000009LywA,CCN(CCNC(=O)c1cnns1)c1cc(O)ncn1,294.34000000000003,0.29000000000000015,2,8,6,1,0,,,24.308867652466137,8,3,5,3,2,1,0,0,0,0.0,15.245764986474786,9.598831663333417,37.030692362598145,17.511540652972624,127
ZINCk7000004gqk0,Cn1cc(I)c(CNC(=O)c2ccc(S(N)(=O)=O)o2)n1,410.19300000000015,0.1951,2,6,4,1,0,,,24.308867652466137,8,3,5,3,2,1,0,0,0,0.0,15.196770848928168,9.866462742570985,33.05407011289365,17.47479504981266,128
ZINCk800000ciGFd,COC[C@@H](ONC(=O)c1scc2c1OCCO2)C(=O)O,303.29200000000003,0.28030000000000016,2,7,6,1,0,,,26.683673435319445,9,4,5,4,2,1,0,0,0,0.0,14.380696384547742,9.752251123033028,27.371092164027605,17.45644064724067,129
ZINCk800000BmzIB,CN(C)[C@@H](CNC(=O)c1csc(O)n1)c1cnn(C)c1,295.36800000000005,0.6148999999999994,2,7,5,1,0,,,24.308867652466137,8,3,5,3,2,1,0,0,0,0.0,15.102057359434855,10.127576653612913,29.68065122103946,17.403759932692676,130
ZINCk8000004idWz,CNC(=O)Cn1cc(NC(=O)c2c(I)cnn2C)cn1,388.16900000000004,0.2194999999999992,2,6,4,1,0,,,24.308867652466137,8,3,5,3,2,1,0,0,0,0.0,15.068556413627116,9.919609063469316,31.33196142517048,17.37863422333687,131
ZINCk800000PA5TH,CNC(=O)[C@H](c1nc(Br)nn1C)N(C)Cc1cn[nH]c1,342.2010000000001,0.21979999999999916,2,6,5,1,0,,,24.308867652466137,8,3,5,3,2,1,0,0,0,0.0,15.043517091064423,10.054610989942658,29.858966440189434,17.359854731414853,132
ZINCk50000040Was,COCCCS(=O)(=O)NCc1nc(-c2cnn[nH]2)no1,302.31600000000003,-0.6893999999999991,2,8,8,1,0,,,24.308867652466137,8,3,5,3,2,1,0,0,0,0.0,15.025660068379507,9.8646083679774,31.512802443035003,17.346461964401165,133
CHEMBL1079185,CCCCc1ccc(S(=O)(=O)Nc2ccc3c(c2)CCN(Cc2cnc[nH]2)CC3)cc1,438.5970000000002,4.153900000000003,2,4,8,1,0,,,24.862065897148263,8,3,5,3,2,1,0,0,0,0.0,14.822254241088013,10.694470101866024,24.139445029855985,17.332207155103074,134
ZINCk800000JTI7N,COc1nccnc1C(=O)N[C@@H](CO)Cc1cncs1,294.336,0.27509999999999935,2,7,6,1,0,,,24.308867652466137,8,3,5,3,2,1,0,0,0,0.0,15.003696829655134,9.3039997437311,38.729930505631444,17.329989535357885,135
ZINCk800000JSZKR,C[C@@H](NC(=O)Cc1csc(NC=O)n1)c1nncn1C,294.34000000000003,0.25979999999999964,2,7,6,1,0,,,24.308867652466137,8,3,5,3,2,1,0,0,0,0.0,14.96317558117933,9.830594949083405,31.31044487427465,17.29959859900103,136
ZINCk700001bPzgd,COc1cc(CNCc2cn(C)nc2C(=O)O)nn1C,279.3,0.1501999999999994,2,7,6,1,0,,,24.308867652466137,8,3,5,3,2,1,0,0,0,0.0,14.960606423069777,10.534605372122474,25.800342681937067,17.297671730418866,137
ZINCj800000wXIrv,Cn1ncc(I)c1CNCc1cnc(C(N)=O)cn1,372.17000000000013,0.20339999999999991,2,6,5,1,0,,,24.308867652466137,8,3,5,3,2,1,0,0,0,0.0,14.944006147165108,9.652857108011709,33.07244631747943,17.285221523490364,138
CHEMBL2364429,COc1ccc(N2C[C@@H](C)N[C@@H](C)C2)cc1NS(=O)(=O)c1ccc(-c2cc(C)cs2)cc1F,489.6380000000002,4.858620000000004,2,6,6,1,1,anil_di_alk_C(246),,24.862065897148263,8,3,5,3,2,1,0,0,0,0.0,14.71337140802526,9.988893699322189,27.917684167684182,17.25054503030601,139
CHEMBL2364480,COc1ccc(N2C[C@@H](C)N[C@@H](C)C2)cc1NS(=O)(=O)c1ccc(-c2csc(C)c2)c(F)c1,489.6380000000002,4.858620000000004,2,6,6,1,1,anil_di_alk_C(246),,24.862065897148263,8,3,5,3,2,1,0,0,0,0.0,14.71337140802526,9.988893699322189,27.917684167684182,17.25054503030601,140
ZINCk600001bNsCK,Cc1nnc(N(C)C[C@H](O)CNC(=O)c2nccs2)o1,297.34000000000003,0.06161999999999962,2,8,6,1,0,,,24.308867652466137,8,3,5,3,2,1,0,0,0,0.0,14.830214406782524,9.578272113353856,32.833333333333336,17.199877718203428,141
ZINCk8000018Slw3,Cc1ccnc(C(=O)NCc2cnc(C(=O)O)nc2)n1,273.252,0.20321999999999968,2,6,4,1,0,,,24.308867652466137,8,3,5,3,2,1,0,0,0,0.0,14.789623289290551,9.703130054808025,31.084454728125195,17.169434380084446,142
ZINCk800000JSpFH,CC(C)c1nccnc1C(=O)N(C)Cc1nc(O)n[nH]1,276.29999999999995,0.6958999999999999,2,6,4,1,0,,,24.308867652466137,8,3,5,3,2,1,0,0,0,0.0,14.674894532728185,9.6020215704469,31.111510360522228,17.08338781266267,143
ZINCk8000004jDXf,Cn1cc(CNC(=O)c2ncsc2S(N)(=O)=O)c(Br)n1,380.2490000000001,0.2165000000000003,2,7,4,1,0,,,24.308867652466137,8,3,5,3,2,1,0,0,0,0.0,14.635965437765067,9.394515399523144,33.10754604872251,17.054190991440336,144
ZINCj8000018Tg4a,COC[C@H](CCO)NC(=O)c1nc2nccnc2s1,282.325,0.21349999999999947,2,7,6,1,0,,,24.308867652466137,8,3,5,3,2,1,0,0,0,0.0,14.557535422141015,9.354635509837747,32.800845476901834,16.995368479722295,145
ZINCf5000000arUA,O=C(NN=c1cncc[nH]1)c1cc[nH]n1,204.193,-0.6215000000000008,3,4,2,1,0,,,26.721918824471818,9,3,6,3,2,1,0,0,0,0.0,13.697988802269577,8.226048403328395,40.9135439627725,16.953971307820137,146
ZINCk700000gssfs,CS(=O)(=O)NC(=O)CNC(=O)c1cncc2ccsc12,313.36,0.10190000000000082,2,6,4,1,0,,,24.308867652466137,8,3,5,3,2,1,0,0,0,0.0,14.499918512677246,9.034603362984447,36.70227920227918,16.952155797624467,147
ZINCk6000004dCFt,N#Cc1cccc(OCCNS(=O)(=O)c2cnn[nH]2)c1,293.308,0.03367999999999982,2,6,6,1,0,,,24.308867652466137,8,3,5,3,2,1,0,0,0,0.0,14.498675210192626,9.297288055841967,32.910552061495466,16.951223320761006,148
ZINCj7000002nZj8,COc1c(C(=O)NCc2cnc(O)[nH]2)ccnc1F,266.232,0.5879999999999999,3,5,4,1,0,,,24.308867652466137,8,3,5,3,2,1,0,0,0,0.0,14.481583669218315,9.133410794311912,34.942652329749116,16.93840466503027,149
ZINCk600000Pu9Ja,Cc1sccc1CC(=O)NOCC(=O)Nn1ccnn1,295.324,0.00861999999999924,2,7,6,1,0,,,24.308867652466137,8,3,5,3,2,1,0,0,0,0.0,14.469944169839646,8.998087421716326,36.92379616643292,16.92967504049627,150
ZINCf5000001ooXU,N=c1[nH]c(N)c([N+](=O)[O-])c(N)c1[N+](=O)[O-],214.141,-0.5250300000000001,4,7,2,1,0,,,38.60671967670929,10,7,3,7,2,1,0,0,0,0.0,9.640521423349709,5.604538100997951,34.446147731789026,16.882070986689605,151
ZINCj8000002rHpm,O=C(Cn1ccc([N+](=O)[O-])n1)OCCn1ccnc1,265.229,0.23119999999999985,0,8,6,1,0,,,30.306116149063673,8,6,2,6,2,1,0,0,0,0.0,12.328664299916161,7.291999532453937,39.86131713404441,16.823027262203038,152
ZINCj600000PLgxg,O=C(CNC(=O)c1ccns1)NCCc1csnn1,297.36499999999995,0.08329999999999971,2,7,6,1,0,,,24.308867652466137,8,3,5,3,2,1,0,0,0,0.0,14.32317354269051,8.99974211108374,35.063649222065074,16.819597070134417,153
ZINCk800000Pyl8e,C[C@H](NCCNC(=O)c1cnccn1)c1cn(C)cn1,274.32800000000003,0.29069999999999885,2,6,6,1,0,,,24.308867652466137,8,3,5,3,2,1,0,0,0,0.0,14.28260531502848,9.264893734617331,31.156379852032035,16.789170899387894,154
ZINCk800000Pyl8f,C[C@@H](NCCNC(=O)c1cnccn1)c1cncn1C,274.32800000000003,0.29069999999999885,2,6,6,1,0,,,24.308867652466137,8,3,5,3,2,1,0,0,0,0.0,14.28260531502848,9.264893734617331,31.156379852032035,16.789170899387894,155
ZINCk6000004cY3o,CSc1nc(O)cc(CNC(=O)c2cccc[n+]2[O-])n1,292.32,0.46749999999999986,2,6,4,1,0,,,28.30508709523069,8,4,4,4,2,1,0,0,0,0.0,12.835892090469434,7.951826968445909,33.27142001198322,16.703190841659747,156
ZINCk800001bQcGS,O=c1c(NCc2ccns2)c(N[C@H]2CC[S@](=O)C2)c1=O,311.3880000000001,0.2840999999999998,2,7,5,1,0,,,26.777578676069417,8,4,4,4,2,1,0,0,0,0.0,13.337034977630955,8.02326315762657,39.49322143318269,16.697170902240572,157
ZINCj600001bPpQC,Cn1c(S(=O)(=O)NCc2cnc(N)cn2)cnc1Br,347.19800000000004,0.03330000000000022,2,7,4,1,0,,,24.308867652466137,8,3,5,3,2,1,0,0,0,0.0,14.107677252815733,8.819831977981535,35.228712174524986,16.657974852728337,158
ZINCj600001bQGIZ,Cc1nc(CNc2c(N(C)CCO)c(=O)c2=O)cs1,281.33699999999993,0.08811999999999981,2,7,6,1,0,,,24.308867652466137,8,3,5,3,2,1,0,0,0,0.0,14.081493914910817,9.08634695417147,31.274281274281275,16.638337349299647,159
ZINCk700000PA5Ru,CNC(=O)[C@@H](c1csnc1OC)N(C)Cc1nc[nH]n1,296.35599999999994,0.18889999999999924,2,7,6,1,0,,,24.308867652466137,8,3,5,3,2,1,0,0,0,0.0,13.970394325525435,9.25415141557558,28.48980852378013,16.555012657260608,160
ZINCf500000446yY,NC(=O)c1n[nH]c(=NCc2ccon2)o1,209.16500000000002,-0.8095000000000001,2,6,3,1,0,,,24.308867652466137,8,3,5,3,2,1,0,0,0,0.0,13.951874524584095,8.442571838528485,40.15645917001339,16.541122806554608,161
ZINCk7000004h24p,OCCn1ncc2c(NOC[C@@H]3CCOC3)ncnc21,279.29999999999995,0.19859999999999922,2,8,6,1,0,,,24.308867652466137,8,3,5,3,2,1,0,0,0,0.0,13.941783434656132,8.74087006283073,34.42508710801394,16.533554489108635,162
ZINCf5000001oyw4,O=C(O)c1sc(C(=O)O)c2c(=O)c(=O)c12,226.16499999999996,-0.10630000000000017,2,5,2,1,0,,,24.308867652466137,8,3,5,3,2,1,0,0,0,0.0,13.600257802193061,8.118804441112262,41.86694531522115,16.27741026476133,163
ZINCk800000ds8Aw,Cc1nc(CC(=O)Nc2c(P(C)(C)=O)cnn2C)n[nH]1,296.27099999999996,0.27581999999999957,2,6,4,1,0,,,24.308867652466137,8,3,5,3,2,1,0,0,0,0.0,13.458970260942104,8.947767129704841,27.144369323226115,16.171444608823112,164
ZINCk700000drzz2,Cc1ncc([N+](=O)[O-])n1CC[S@](=O)Cc1ncn(C)n1,298.328,0.17711999999999972,0,8,6,1,0,,,32.724735634017044,8,7,1,7,2,1,0,0,0,0.0,10.648846598369621,6.597475543056257,27.593331433456825,16.16781885728148,165
ZINCk7000004fBsl,COCc1ncc(C(=O)NS(=O)(=O)c2cnn(C)c2)s1,316.36400000000003,0.1417,1,8,5,1,0,,,25.168587968865282,8,4,4,4,2,1,0,0,0,0.0,12.954643777832528,8.696243947153013,25.385466362442095,16.008129825590718,166
ZINCk7000004fEPm,CO[C@@]1(COC(=O)Cn2cc([N+](=O)[O-])cn2)CCOC1,285.25600000000003,0.13999999999999946,0,8,6,1,0,,,29.392955704274637,8,6,2,6,2,1,0,0,0,0.0,11.440344016469538,7.2511240414237195,27.09273437103889,15.928496938420814,167
ZINCf50000025AyO,NC(=O)C(=O)Nc1nc2nccnc2s1,223.217,-0.4899,2,6,1,1,0,,,24.308867652466137,8,3,5,3,2,1,0,0,0,0.0,13.124051695700722,7.5891945465457455,48.48326359832637,15.920255684892076,168
ZINCf50000018dKl,Oc1nc2c(-c3cnn[nH]3)ncnc2[nH]1,203.16500000000002,-0.1564000000000002,3,6,1,1,0,,,24.862065897148263,8,3,5,3,2,1,0,0,0,0.0,12.908912405841678,7.2749996613809405,57.22569134701161,15.897200778668324,169
ZINCk8000018T4xF,CNc1nccn2c(C(=O)NC[C@@H](C)[S@](C)=O)cnc12,295.36800000000005,0.26780000000000004,2,6,5,1,0,,,26.777578676069417,8,4,4,4,2,1,0,0,0,0.0,12.105390449817042,7.65259711845855,28.951048951048946,15.773437506380136,170
ZINCk600000gpzZR,COC(=O)[C@@H](C)NC(=O)Cn1cc(-c2cncs2)nn1,295.324,0.0792999999999997,1,8,5,1,0,,,21.88062174122295,7,3,4,3,2,1,0,0,0,0.0,13.473404730663113,8.179549190811446,38.19060166886254,15.575208983303074,171
ZINCk7000009L1ju,Cn1ccnc1CN1CC(CNC(=O)c2cnsn2)C1,292.36800000000005,0.1333999999999998,1,7,5,1,0,,,21.88062174122295,7,3,4,3,2,1,0,0,0,0.0,13.424560658451748,8.394920121796428,33.48848484848484,15.53857592914455,172
ZINCk7000004eXFt,CN(C)C[C@@H](O)CNC(=O)c1nccn2c(Br)cnc12,342.197,0.1440999999999995,2,6,5,1,0,,,24.308867652466137,8,3,5,3,2,1,0,0,0,0.0,12.609023712161008,8.153339641643756,27.802928341286364,15.53398469723729,173
ZINCj600000JUVqm,Cc1[nH]nc(I)c1C(=O)NCC(=O)c1cnnn1C,374.14200000000017,0.06391999999999953,2,6,4,1,0,,,24.308867652466137,8,3,5,3,2,1,0,0,0,0.0,12.586216304493448,8.100230457973021,28.208177259845023,15.51687914148662,174
ZINCk7000004gjaB,Cc1nc(C2CN(c3cncc(OCCO)n3)C2)no1,277.28399999999993,0.14291999999999977,1,8,5,1,0,,,21.88062174122295,7,3,4,3,2,1,0,0,0,0.0,13.349564379202969,8.099392265418283,37.94840437922199,15.482328719707963,175
ZINCk8000018T2V9,Cn1ncc(Br)c1CNC(=O)c1nscc1S(N)(=O)=O,380.2490000000001,0.2165000000000003,2,7,4,1,0,,,24.308867652466137,8,3,5,3,2,1,0,0,0,0.0,12.41284198695283,7.957417594215868,28.205128205128222,15.386848403331157,176
ZINCk700000PC6VH,OC[C@H]1COCCN1Cc1cn(Cc2ccco2)nn1,278.312,0.11249999999999916,1,7,5,1,0,,,21.88062174122295,7,3,4,3,2,1,0,0,0,0.0,13.205236633267214,8.237307789745554,33.27102803738317,15.37408291025615,177
ZINCk800000Emx6O,COCC(=O)NC1CN(c2ccn3ncc(I)c3n2)C1,387.18100000000004,0.2850999999999997,1,6,4,1,0,,,21.88062174122295,7,3,4,3,2,1,0,0,0,0.0,13.18235600085646,7.977951053335438,37.918313570487484,15.356922435948084,178
ZINCk800000xcqB6,O=C(Cc1cnoc1)N1CCN(Cc2cnc[nH]2)CC1,275.31200000000007,0.2845999999999998,1,5,4,1,0,,,21.88062174122295,7,3,4,3,2,1,0,0,0,0.0,13.154894191368221,8.32106862996908,31.38948884089272,15.336326078831902,179
ZINCk600000PC7ZQ,OCCn1cc(CN2CC[C@@H](c3cnccn3)C2)nn1,274.328,0.04989999999999983,1,7,5,1,0,,,21.88062174122295,7,3,4,3,2,1,0,0,0,0.0,13.03218930513551,8.223448455686391,31.384689224862004,15.244297414157371,180
ZINCk600000wI9FZ,COC(=O)c1nnc(CCNC(=O)c2cn(C)cn2)s1,295.324,0.03069999999999995,1,8,5,1,0,,,21.88062174122295,7,3,4,3,2,1,0,0,0,0.0,12.981933469244703,8.398648545651447,28.576751117734723,15.206605537239264,181
ZINCk800000y7OLt,Brc1ncc2n1CCN(CCOCCc1nn[nH]n1)C2,342.201,0.23359999999999964,1,7,6,1,0,,,21.88062174122295,7,3,4,3,2,1,0,0,0,0.0,12.944593405733329,8.14793853813282,31.47204529370135,15.178600489605735,182
ZINCk5000009FVHb,Cn1nccc1COCc1nc(N2CCNCC2)no1,278.316,-0.07049999999999956,1,8,5,1,0,,,21.88062174122295,7,3,4,3,2,1,0,0,0,0.0,12.940308987460474,8.522921439731762,26.863555339491175,15.175387175901095,183
ZINCk8000009M5XH,C[C@H](CN(C)C(=O)c1csnn1)NC(=O)c1cnsn1,312.38,0.28009999999999985,1,8,5,1,0,,,21.88062174122295,7,3,4,3,2,1,0,0,0,0.0,12.925453859418793,8.106472549606483,31.872278664731503,15.164245829869833,184
ZINCk7000009L1mI,Cn1cnc(C(=O)NCC2CN(Cc3csnn3)C2)c1,292.36800000000005,0.13339999999999996,1,7,5,1,0,,,21.88062174122295,7,3,4,3,2,1,0,0,0,0.0,12.921899408849091,8.120493560273061,31.614771904417083,15.161579991942556,185
ZINCk7000004fo8S,COC(=O)c1cnc(-n2cc(CCNC(C)=O)nn2)s1,295.324,0.18899999999999967,1,8,5,1,0,,,21.88062174122295,7,3,4,3,2,1,0,0,0,0.0,12.861794928150939,8.062234431442858,31.78215414539266,15.116501631418942,186
ZINCk800000guvDk,CN(Cc1cccnn1)C(=O)c1ccc(C(N)=O)cn1,271.28,0.24270000000000003,1,5,4,1,0,,,21.88062174122295,7,3,4,3,2,1,0,0,0,0.0,12.848487630933539,8.040748533162727,31.955198441684924,15.106521158505892,187
ZINCk8000018T3g5,Cn1ncc(CNC(=O)c2nscc2S(N)(=O)=O)c1Br,380.2490000000001,0.2165000000000003,2,7,4,1,0,,,24.308867652466137,8,3,5,3,2,1,0,0,0,0.0,12.032475503016226,7.649732658265745,28.174321338383844,15.101573540378704,188
CHEMBL251169,COc1cc2c(cc1N1C[C@@H](C)N[C@@H](C)C1)N(S(=O)(=O)c1ccc3ccccc3c1)CC2,451.5920000000002,3.786400000000003,1,5,4,1,0,,,22.43381998590508,7,3,4,3,2,1,0,0,0,0.0,12.632147205542212,8.157397609626132,27.98134576948701,15.08256540063293,189
ZINCk8000009MfQv,Cn1ccc(CC(=O)N[C@H]2CCN(c3ncns3)C2)n1,292.36800000000005,0.2091999999999994,1,7,4,1,0,,,21.88062174122295,7,3,4,3,2,1,0,0,0,0.0,12.783481631929122,8.016308608580895,31.539568345323733,15.05776665925258,190
ZINCk600000Pz833,CCO[C@H]1COC[C@@H]1n1cc(Cn2cc(N)cn2)nn1,278.316,0.0814999999999998,1,8,5,1,0,,,21.88062174122295,7,3,4,3,2,1,0,0,0,0.0,12.780486104726647,8.0203587914272,31.44073811213627,15.055520013850721,191
ZINCk800000GfIqo,Clc1conc1CN1CCN(CCc2nn[nH]n2)CC1,297.75000000000006,0.20139999999999963,1,7,5,1,0,,,21.88062174122295,7,3,4,3,2,1,0,0,0,0.0,12.698699873924305,7.950535697205419,31.527093596059125,14.994180340748967,192
ZINCk8000018Tng8,CP(C)(=O)c1[nH]nnc1C(=O)NCCn1cc(I)cn1,408.14,0.2837999999999992,2,6,5,1,0,,,24.308867652466137,8,3,5,3,2,1,0,0,0,0.0,11.887271408763675,7.654242273704072,26.59526070100484,14.99267046968929,193
CHEMBL1161827,CC(C)(N)C(=O)N[C@H](CCCc1ccccc1)C(=O)N1CCC2(CC1)C[S+]([O-])c1ccccc12,481.6620000000003,2.913000000000001,2,4,7,1,0,,,23.2232187666299,7,3,4,3,2,1,0,0,0,0.0,12.232829108549677,8.23998499091703,23.733219890338436,14.980426523069731,194
ZINCk700000JTfxs,CC[S@](=O)CC(=O)Nc1ccc2oc(=O)nc(O)c2c1,296.30400000000003,0.6006999999999998,2,6,4,1,0,,,23.2232187666299,7,3,4,3,2,1,0,0,0,0.0,12.201625909202104,7.1883285972241975,40.32553326965933,14.957024123559052,195
ZINCk7000004fsSG,COCCN(Cc1cncs1)c1cc(O)nc(=O)n1C,296.35200000000003,0.5954000000000002,1,8,6,1,0,,,21.88062174122295,7,3,4,3,2,1,0,0,0,0.0,12.586490819791548,7.846548046906952,31.79049034175335,14.910023550149399,196
ZINCj800000PCxfJ,O=S1CCN(CCNc2ccnc3ccnn23)CC1,279.36900000000014,0.20549999999999957,1,6,4,1,0,,,24.349332764826226,7,4,3,4,2,1,0,0,0,0.0,11.694057870420696,7.1187701134539125,32.72965879265092,14.857876594022079,197
ZINCk600000PAmkg,COCC1(N(C)C)CN(Cc2ncc([N+](=O)[O-])n2C)C1,283.33200000000005,0.09070000000000067,0,7,6,1,0,,,29.392955704274637,8,6,2,6,2,1,0,0,0,0.0,9.918157399962697,6.552455423005495,20.39325769685628,14.78685697604068,198
ZINCk5000009FSd4,Cn1cc(CN2CC[C@H]2CNC(=O)c2cnsn2)nn1,293.356,-0.32910000000000034,1,8,5,1,0,,,21.88062174122295,7,3,4,3,2,1,0,0,0,0.0,12.260142953089828,7.952905297439708,26.745102795803266,14.66526265012311,199
ZINCk8000004hZ4R,CN(C(=O)COCc1ccnc(O)c1)c1nccn1C,276.29600000000005,0.7002999999999999,1,6,5,1,0,,,21.88062174122295,7,3,4,3,2,1,0,0,0,0.0,12.176204213845777,7.64783737401704,29.851742031134172,14.602308595690072,200
ZINCk600000Emteg,Cn1cnc(CN2CC(C(=O)NCc3nccs3)C2)n1,292.36800000000005,0.019799999999999818,1,7,5,1,0,,,21.88062174122295,7,3,4,3,2,1,0,0,0,0.0,12.160517118583117,7.649701359288072,29.636098981077147,14.590543274243077,201
ZINCk600000dqRJl,CN(CCN(C)C1COC1)Cc1cn(C)nc1[N+](=O)[O-],283.332,0.09070000000000067,0,7,7,1,0,,,29.392955704274637,8,6,2,6,2,1,0,0,0,0.0,9.567325539661322,6.472703364925657,18.331844833611612,14.52373308081465,202
ZINCk600000gpUvV,COc1noc(C)c1CN1CC(c2nnc(O)n2C)C1,279.30000000000007,0.4251199999999998,1,8,4,1,0,,,21.88062174122295,7,3,4,3,2,1,0,0,0,0.0,12.018234914444045,7.891102993465281,25.196030384709626,14.483831621138771,203
ZINCj6000002laIu,CN(CCn1cnnc1)Cc1cn(C)nc1[N+](=O)[O-],265.277,0.0517999999999994,0,8,6,1,0,,,30.306116149063673,8,6,2,6,2,1,0,0,0,0.0,9.182012345911755,5.724341286680655,23.1886278515492,14.463038296699732,204
ZINCk700000JTCa8,COc1ccc(CNCc2nn(C)c(=O)n2C)nc1C,277.32800000000003,0.12061999999999973,1,7,5,1,0,,,21.88062174122295,7,3,4,3,2,1,0,0,0,0.0,11.98007016721375,8.08729861068277,23.098290598290603,14.455208060716052,205
ZINCk700000PzZeB,CNC(=O)c1ccc(-n2cc(CCN(C)C)nn2)cn1,274.328,0.12600000000000033,1,6,5,1,0,,,21.88062174122295,7,3,4,3,2,1,0,0,0,0.0,11.881994728377368,7.779009482066742,25.144053393027406,14.381651481588765,206
ZINCk800000EmsOa,Cn1cc(CNC(=O)[C@@H]2CCN2Cc2cnco2)cn1,275.31199999999995,0.29879999999999973,1,6,5,1,0,,,21.88062174122295,7,3,4,3,2,1,0,0,0,0.0,11.871465425351161,7.643204832342973,26.570285060851095,14.373754504319109,207
ZINCf5000000aeLi,N#Cc1cnn(C(=O)c2ncc[nH]2)c1N,202.177,-0.2514200000000001,2,6,1,1,0,,,24.308867652466137,8,3,5,3,2,1,0,0,0,0.0,11.038155544407937,6.554729114746936,34.93073225897654,14.355833571422489,208
ZINCj6000002lA7T,COCc1nc(C(=O)NCc2c(Br)nnn2C)no1,331.13000000000005,0.0369999999999997,1,8,5,1,0,,,21.88062174122295,7,3,4,3,2,1,0,0,0,0.0,11.84021160544001,7.573857970541496,27.112914131169717,14.350314139385745,209
ZINCk7000009L1jt,Cn1ccnc1CN1CC(CNC(=O)c2cnns2)C1,292.36800000000005,0.1333999999999998,1,7,5,1,0,,,21.88062174122295,7,3,4,3,2,1,0,0,0,0.0,11.7795453044864,7.353393190389894,29.590876176683555,14.304814413670536,210
ZINCk700001bPyy0,COc1cccc2c(CNCc3nnnn3C)cnn12,273.3,0.15619999999999945,1,8,5,1,0,,,22.43381998590508,7,3,4,3,2,1,0,0,0,0.0,11.583395824186976,7.169475555635232,30.137981118373276,14.296001864616503,211
ZINCk8000009Mfqq,Cc1scnc1C(=O)NC[C@H](C)N(C)c1nnn(C)n1,295.372,0.22971999999999926,1,8,5,1,0,,,21.88062174122295,7,3,4,3,2,1,0,0,0,0.0,11.743920623864074,7.638539580656464,25.389860536019622,14.278095903203795,212
ZINCk800000PzWQF,CN(CC(=O)NCc1nccs1)C(=O)c1cn(C)cn1,293.35200000000003,0.26499999999999924,1,6,5,1,0,,,21.88062174122295,7,3,4,3,2,1,0,0,0,0.0,11.713026435560316,7.631082216444478,25.184444166562454,14.254925261975975,213
ZINCk800000JTZ16,COC(=O)Cn1cc(CN2Cc3[nH]nc(I)c3C2)nn1,388.16900000000004,0.2945999999999998,1,7,4,1,0,,,21.88062174122295,7,3,4,3,2,1,0,0,0,0.0,11.670251872464673,7.607705970706469,25.043677329959667,14.222844339654243,214
ZINCk700001bPBzA,COc1nc(CNC(=O)Cc2cc(Br)nn2C)n(C)n1,343.18500000000006,0.17859999999999943,1,7,5,1,0,,,21.88062174122295,7,3,4,3,2,1,0,0,0,0.0,11.666601967163972,7.434772585801285,27.080883718051858,14.220106910678718,215
ZINCk7000004eWZp,CN(C)CC(=O)NCc1nn(C)c(=O)c2ccccc12,274.324,0.11129999999999995,1,5,4,1,0,,,21.88062174122295,7,3,4,3,2,1,0,0,0,0.0,11.661980671543978,7.592896506056239,25.128526645768,14.216640938963721,216
ZINCk800000JTrPk,CN(C)c1cncc(C(=O)NCCc2cn(C)cn2)n1,274.328,0.2485999999999995,1,6,5,1,0,,,21.88062174122295,7,3,4,3,2,1,0,0,0,0.0,11.65243114528203,7.434772585801285,26.928848318119304,14.20947879426726,217
ZINCk600000JTl3x,CN1CCO[C@H](CN(C)Cc2c([N+](=O)[O-])cnn2C)C1,283.33200000000005,0.09070000000000067,0,7,5,1,0,,,29.392955704274637,8,6,2,6,2,1,0,0,0,0.0,9.08708796936065,6.160258521158648,17.31252173241123,14.163554903089148,218
ZINCk600000Emt87,Cn1cc(S(=O)(=O)NC2CN(Cc3nccs3)C2)cn1,313.4080000000001,0.03930000000000011,1,7,5,1,0,,,21.88062174122295,7,3,4,3,2,1,0,0,0,0.0,11.584706162654781,7.199696042719022,29.632564841498553,14.158685057296823,219
ZINCj8000002qJfL,CSCCONC(=O)c1cc2c(cnn2C)nc1O,282.32500000000005,0.6982999999999999,2,7,5,1,0,,,24.308867652466137,8,3,5,3,2,1,0,0,0,0.0,10.660356621840835,6.79113933953713,24.776830391097228,14.07248437949716,220
ZINCk800000JTEfE,COc1cc(C(=O)OCC(=O)c2cn(C)cn2)n(C)n1,278.26800000000003,0.20189999999999975,0,8,5,1,0,,,22.499770812270175,7,4,3,4,2,1,0,0,0,0.0,11.256123896057805,7.246543742011477,25.198922373284876,14.067035625110897,221
ZINCk800000PzJpT,CN(Cc1cn(C)cn1)C(=O)CNC(=O)c1ccsn1,293.352,0.26499999999999974,1,6,5,1,0,,,21.88062174122295,7,3,4,3,2,1,0,0,0,0.0,11.446210165704336,7.4061064821627705,25.184723951847243,14.05481305958399,222
ZINCk800000PzIYD,CN(Cc1ccn(C)n1)C(=O)CNC(=O)c1ccns1,293.352,0.26499999999999974,1,6,5,1,0,,,21.88062174122295,7,3,4,3,2,1,0,0,0,0.0,11.434057496057195,7.385106348272856,25.311091818595223,14.045698557348635,223
ZINCk8000004i2ku,CN(C)Cc1ccc(C(=O)NCc2ncn(C)n2)cn1,274.328,0.20169999999999955,1,6,5,1,0,,,21.88062174122295,7,3,4,3,2,1,0,0,0,0.0,11.398500331536958,7.573857970541496,23.0263157894737,14.019030683958455,224
ZINCk8000018TedI,COCc1cc(C(=O)NCCn2ccsc2=O)n(C)n1,296.352,0.21969999999999956,1,7,6,1,0,,,21.88062174122295,7,3,4,3,2,1,0,0,0,0.0,11.395538911274402,7.358486200509996,25.246302864372673,14.016809618761538,225
ZINCk8000009Mfcx,Cc1nsc(N(C)CCCNC(=O)c2cnn(C)n2)n1,295.372,0.23131999999999958,1,8,6,1,0,,,21.88062174122295,7,3,4,3,2,1,0,0,0,0.0,11.391418688873195,7.3459471944729735,25.354151268785426,14.013719451960633,226
ZINCf50000008Jbu,CC(=O)C(=O)CSc1nnc2nc[nH]n12,225.23300000000003,-0.29740000000000005,1,7,4,1,1,imine_one_A(321),,21.88062174122295,7,3,4,3,2,1,0,0,0,0.0,11.36783876948204,6.609236216825985,40.59838160136288,13.996034512417266,227
ZINCk7000004f8Dd,CNC(=O)Cc1nc(CS(=O)(=O)c2nccn2C)cs1,314.39200000000005,0.139,1,7,5,1,0,,,21.88062174122295,7,3,4,3,2,1,0,0,0,0.0,11.352532325000055,7.128571530919743,27.861681329423266,13.98455467905578,228
ZINCk8000004i2XY,CN(C)[C@H](C(=O)NCCc1nncn1C)c1cscn1,294.384,0.23319999999999985,1,7,6,1,0,,,21.88062174122295,7,3,4,3,2,1,0,0,0,0.0,11.30008334979828,7.151044183161316,26.91780821917808,13.945217947654449,229
ZINCk800000JTa1Z,CC(=O)c1sc(CNC(=O)Cn2nnc(C)n2)nc1C,294.34000000000003,0.2654399999999997,1,8,5,1,0,,,21.88062174122295,7,3,4,3,2,1,0,0,0,0.0,11.103745282943798,7.263915620652366,23.555678738605568,13.797964397513585,230
ZINCk700000vOWnu,COCCC1CN(C(=O)c2c[nH]c(=O)c3ccnn23)C1,276.29600000000005,0.13109999999999983,1,5,4,1,0,,,21.88062174122295,7,3,4,3,2,1,0,0,0,0.0,11.10254663044732,6.952517910422841,27.543604651162784,13.79706540814123,231
ZINCk700000vkXoQ,Cn1nc(Br)c(CNC(=O)COCc2ccnn2C)n1,343.185,0.14409999999999967,1,7,6,1,0,,,21.88062174122295,7,3,4,3,2,1,0,0,0,0.0,11.099102972607657,7.10270865023105,25.378531073446332,13.794482664761482,232
ZINCj7000002nXp3,CO[C@H](C(=O)NCc1ccn(C)n1)c1cnn(C)c1,263.301,0.15749999999999975,1,6,5,1,0,,,21.88062174122295,7,3,4,3,2,1,0,0,0,0.0,11.022618936820248,6.928130069193064,26.94982613015401,13.737119637920921,233
ZINCk800000JT7sU,CCN(CC(N)=O)C(=O)c1cc2c(C)nc(C)cn2n1,275.312,0.29353999999999925,1,5,4,1,0,,,21.88062174122295,7,3,4,3,2,1,0,0,0,0.0,10.955652183562353,7.131370894025976,23.624645368200323,13.686894572977504,234
ZINCf5000003oKPw,Cn1[nH]nnc1=NCc1ncc(C#N)o1,205.18099999999998,-0.8962199999999998,1,7,2,1,0,,,21.88062174122295,7,3,4,3,2,1,0,0,0,0.0,10.890687473047658,6.593306886638545,31.275239413868682,13.638171040091478,235
ZINCf5000002KusP,N#Cc1cncn(Cc2cnn[nH]2)c1=O,202.17700000000002,-0.7186200000000003,1,6,2,1,0,,,21.88062174122295,7,3,4,3,2,1,0,0,0,0.0,10.86972734587284,6.332874294086823,38.327284372331356,13.622450944710367,236
ZINCk8000009Mg4L,Cn1cnnc1CN1CC[C@H](NC(=O)c2ccsn2)C1,292.36800000000005,0.27589999999999987,1,7,4,1,0,,,21.88062174122295,7,3,4,3,2,1,0,0,0,0.0,10.869107045572504,7.086074895181622,23.317683881064166,13.621985719485114,237
ZINCk500000gdi0R,COC(=O)c1cnc(CNC(=O)Cc2cnn(C)n2)s1,295.324,-0.08290000000000042,1,8,5,1,0,,,21.88062174122295,7,3,4,3,2,1,0,0,0,0.0,10.803565826151598,7.006027360419622,23.590568723312085,13.572829804919435,238
ZINCj8000002qwcT,COC[C@H](NC(=O)c1cn(C)cn1)c1cnn(C)c1,263.301,0.27109999999999945,1,6,5,1,0,,,21.88062174122295,7,3,4,3,2,1,0,0,0,0.0,10.77511511227434,6.847693767344411,25.266371736556803,13.551491769511493,239
CHEMBL379074,CNC(C)(C)C/C=C/C(=O)N(C)[C@H](Cc1ccc2ccccc2c1)C(=O)N(C)CCc1cccs1,491.70100000000025,4.916200000000005,1,4,11,1,1,,michael_acceptor,20.0386939813645,6,3,3,3,2,1,0,0,0,0.0,11.303618245415391,7.4208423731858915,23.708533806026843,13.487387179402669,240
CHEMBL1162058,CNC(C)(C)C/C=C/C(=O)N(C)[C@H](Cc1ccc2ccccc2c1)C(=O)N(C)CCc1ccccc1,485.67200000000025,4.854700000000005,1,3,11,1,1,,michael_acceptor,20.0386939813645,6,3,3,3,2,1,0,0,0,0.0,11.300167766552287,7.4208423731858915,23.67820464054773,13.48479932025534,241
ZINCk8000009MgDE,Cn1nncc1CN1CC[C@@H]1CNC(=O)c1ccns1,292.368,0.27589999999999987,1,7,5,1,0,,,21.88062174122295,7,3,4,3,2,1,0,0,0,0.0,10.64550573639885,6.889454769550131,23.406408777150258,13.454284737604874,242
ZINCk8000009Lyww,CCN(CCNC(=O)c1cnnn1C)c1nc(C)ns1,295.372,0.23131999999999975,1,8,6,1,0,,,21.88062174122295,7,3,4,3,2,1,0,0,0,0.0,10.632210184015639,6.849286601121678,23.748999815350533,13.444313073317465,243
ZINCf5000002sEgd,O=C(NNc1nncnn1)c1cnsc1,223.22100000000003,-0.5200000000000005,2,8,3,1,0,,,21.88062174122295,7,3,4,3,2,1,0,0,0,0.0,10.624066188425681,5.92189968726875,51.58066940796744,13.438205076624998,244
ZINCj700000foZg6,CC(C)N(C)CCNC(=O)c1cnn2cnnc2c1,262.317,0.19430000000000042,1,6,5,1,0,,,21.88062174122295,7,3,4,3,2,1,0,0,0,0.0,10.608113991517113,6.553796371934327,27.81516703243112,13.426240928943573,245
ZINCf5000000aohG,O=C(CCC[N+](=O)[O-])N1CC([N+](=O)[O-])C1,217.18099999999998,-0.46920000000000006,0,5,5,1,0,,,29.206239294412327,7,6,1,6,2,1,0,0,0,0.0,8.06256901544514,4.620902646902889,31.593623082984784,13.348486585186937,246
ZINCk600000GfSWC,COc1cnccc1C(=O)NOC[C@H]1CN(C)CCO1,281.312,0.08220000000000027,1,6,5,1,0,,,24.255427524076254,8,4,4,4,2,1,0,0,0,0.0,9.46386779883702,6.259212539036095,19.392780877591793,13.161757730146828,247
ZINCf5000000a7as,Cc1cncc(CN=c2nn[nH]n2C)n1,205.22500000000002,-0.6574800000000005,1,6,2,1,0,,,21.88062174122295,7,3,4,3,2,1,0,0,0,0.0,10.180191953131379,6.072949575751956,31.45117057821657,13.105299400154271,248
ZINCk7000004foGS,COC(=O)c1nscc1S(=O)(=O)NCc1cncn1C,316.36400000000003,0.14169999999999972,1,8,5,1,0,,,21.88062174122295,7,3,4,3,2,1,0,0,0,0.0,9.955511803441793,6.313007305669076,23.53460125971974,12.936789287887082,249
ZINCj6000002lAe5,COCc1nc(O)cc(N(C)Cc2cn(C)nn2)n1,264.289,0.0934999999999997,1,8,5,1,0,,,21.88062174122295,7,3,4,3,2,1,0,0,0,0.0,9.580597356995472,6.120436012093389,22.04187176771139,12.655603453052342,250
ZINCj800000FCplr,Cc1cnc(CN(C)CC(=O)c2cn(C)nn2)cn1,260.301,0.22821999999999987,0,7,5,1,0,,,22.499770812270175,7,4,3,4,2,1,0,0,0,0.0,9.330090011839411,5.934341667686698,21.81048118548118,12.622510211947102,251
ZINCi800000PAVb1,COCn1cc(NCc2c(OC)cnn2C)nn1,252.278,0.23619999999999952,1,8,6,1,0,,,21.88062174122295,7,3,4,3,2,1,0,0,0,0.0,9.410794123093744,5.980959724305777,22.06304020463313,12.528251027626045,252
ZINCj700000xcJzW,CN(C)Cc1nnc(NS(=O)(=O)c2ccnn2C)s1,302.38500000000005,0.13399999999999973,1,8,5,1,0,,,21.88062174122295,7,3,4,3,2,1,0,0,0,0.0,8.819840356651914,5.520486204346989,21.92116716728989,12.085035702794674,253
ZINCk800001bPJGz,COCCOCCC(=O)NOCCOC[C@H]1CCCO1,291.34400000000005,0.28290000000000126,1,6,12,1,0,,,20.02346152423572,7,3,4,3,2,1,0,0,0,0.0,9.283481389712449,6.212853858481055,18.355429292929294,11.968476423343265,254
ZINCk700001bPDoV,COCCc1cn(CCN2CCn3nccc3C2)nn1,276.344,0.17930000000000001,0,7,6,1,0,,,19.211804584627842,6,3,3,3,2,1,0,0,0,0.0,9.095725839919256,5.60672333749141,24.08118081180811,11.624745526096403,255
ZINCk8000004jqlG,Cc1cc(COCC(=O)N(C)CCn2cncn2)no1,279.3,0.2497199999999995,0,7,7,1,0,,,19.211804584627842,6,3,3,3,2,1,0,0,0,0.0,9.058521392718843,5.560333248024298,24.425244177310283,11.596842190696094,256
ZINCf50000025tDK,[O-][n+]1cccnc1CSc1n[nH]c(O)n1,225.23300000000003,-0.16899999999999993,2,6,3,1,0,,,25.89203592322501,7,4,3,4,2,1,0,0,0,0.0,6.769924110902929,3.7541518262621842,34.420405133100026,11.55045206398345,257
ZINCf50000017MnG,COCn1nnnc1-c1nccnc1O,208.181,-0.5604000000000007,1,8,3,1,0,,,21.88062174122295,7,3,4,3,2,1,0,0,0,0.0,7.6177511485977245,4.3765548728636,29.3647363872083,11.183468796754031,258
ZINCk7000004fuvb,COCCOC[C@H]1CN(c2c(C#N)cnn2C)CCO1,280.32800000000003,0.15997999999999957,0,7,6,1,0,,,21.586610367481146,7,4,3,4,2,1,0,0,0,0.0,7.655791666387649,5.077109446042454,15.557504251700676,11.138496341661023,259
ZINCk8000004iBRf,COCCc1noc(CN(C)C(=O)c2cncn2C)n1,279.3,0.26419999999999977,0,7,6,1,0,,,19.211804584627842,6,3,3,3,2,1,0,0,0,0.0,8.320055852390613,5.3364709379294935,18.870330230779032,11.042993035449921,260
ZINCk7000018TeUr,COCc1nsc(Cn2cnc(S(=O)(=O)N(C)C)c2)n1,317.3960000000001,0.17959999999999976,0,8,6,1,0,,,19.211804584627842,6,3,3,3,2,1,0,0,0,0.0,8.275935582941914,5.2924470785356545,18.969569912966143,11.009902833363396,261
ZINCk800000PBwvN,C[S@@](=O)CCCNc1cc(N2CCS(=O)CC2)ncn1,316.4520000000001,0.22580000000000022,1,6,6,1,0,,,22.62493008752904,6,4,2,4,2,1,0,0,0,0.0,7.01193474863336,4.097332797918743,24.29143561306223,10.91518358335728,262
ZINCk700000Pu1QP,Cc1nc(CN(C)Cc2cn(CCN(C)C)nn2)no1,279.348,0.1631200000000006,0,8,7,1,0,,,19.211804584627842,6,3,3,3,2,1,0,0,0,0.0,7.732908741671894,4.986061496332149,17.21887868229332,10.60263270241088,263
ZINCk700000PyGjc,CCn1cnnc1CN(C)Cc1cn(CCOC)nn1,279.34799999999996,0.16789999999999994,0,8,8,1,0,,,19.211804584627842,6,3,3,3,2,1,0,0,0,0.0,7.732550700917824,4.986061496332149,17.215328775217355,10.60236417184533,264
ZINCf500000099NR,CC[S@](=O)CCNC(=O)CCC[N+](=O)[O-],236.29299999999995,-0.07189999999999985,1,4,8,1,0,,,23.49002715552681,6,4,2,4,2,1,0,0,0,0.0,5.836841725156703,3.4242425800762075,19.756725815684025,10.25013808274923,265
ZINCf5000000a5ui,C[S@@](=O)CCNC(=O)c1ccc[n+]([O-])c1,228.27300000000002,-0.5717000000000003,1,3,4,1,0,,,24.16763324592782,6,4,2,4,2,1,0,0,0,0.0,5.560179900179691,3.1324075618257443,24.717398427260807,10.212043236616724,266
ZINCf50000026AWG,CC[S@@](=O)Cc1nc(-c2nn[nH]n2)no1,228.23700000000002,-0.4817000000000002,1,7,4,1,0,,,20.794972855386707,6,3,3,3,2,1,0,0,0,0.0,6.619994726030365,3.691875422832568,32.0,10.16373925836945,267
ZINCf5000000a8DN,Cc1nn(C)c(=O)n1Cc1cnccn1,205.22100000000003,-0.27148000000000083,0,6,2,1,0,,,19.211804584627842,6,3,3,3,2,1,0,0,0,0.0,5.538544656552724,3.1878404005116336,21.09094982078853,8.956859638571505,268
ZINCf5000000acCm,Cn1nnc(COc2coccc2=O)n1,208.177,-0.25770000000000004,0,7,3,1,0,,,19.211804584627842,6,3,3,3,2,1,0,0,0,0.0,5.377344048650282,2.988216825855061,26.82181410346278,8.835959182644672,269
ZINCf5000000apSF,O=C(Cn1ncsc1=O)c1cnccn1,222.229,-0.022299999999999986,0,7,3,1,0,,,19.211804584627842,6,3,3,3,2,1,0,0,0,0.0,5.365298042256299,2.9087325795052936,34.51426836672738,8.826924677849185,270
ZINCf500000437uP,c1cnn2c(Cn3cncn3)nnc2c1,201.193,-0.23590000000000044,0,7,2,1,0,,,19.76500282930997,6,3,3,3,2,1,0,0,0,0.0,5.029273559679134,2.748161436123153,29.592711682743843,8.713205877086844,271
ZINCf5000000aavf,Cn1cc(Cn2cnnc2[S@@](C)=O)nn1,226.26500000000001,-0.8077000000000001,0,7,3,1,0,,,18.126155698791603,5,3,2,3,2,1,0,0,0,0.0,5.122506739978581,2.820977557416406,27.81888874952966,8.373418979681837,272
ZINCf5000000acl9,Cn1ncnc1Cn1cnnc1[S@](C)=O,226.265,-0.8077000000000001,0,7,3,1,0,,,18.126155698791603,5,3,2,3,2,1,0,0,0,0.0,4.249551563165992,2.329558118331137,24.170974656411552,7.718702597072394,273
ZINCf5000000axR1,O=[N+]([O-])CCN1C[C@@H]2C[C@H](C1)CS(=O)C2,232.30499999999998,-0.0365000000000002,0,4,3,1,0,,,21.061781244283623,5,4,1,4,2,1,0,0,0,0.0,2.633758002608281,1.4563862461232215,13.74756176853056,7.240763813027116,274
ZINCf5000002mCsZ,CO[C@H]1C[C@@H](CN[S@@](C)=O)N([S@@](C)=O)C1,254.37699999999998,-0.7476999999999985,1,5,5,1,0,,,18.39296408768851,5,3,2,3,2,1,0,0,0,0.0,2.718851915379343,1.556710348250097,10.726811431982687,6.637379958456635,275
ZINCf5000002mSa8,CO[C@H]1C[C@@H](CN[S@](C)=O)N([S@@](C)=O)C1,254.37699999999998,-0.7476999999999985,1,5,5,1,0,,,18.39296408768851,5,3,2,3,2,1,0,0,0,0.0,2.718851915379343,1.556710348250097,10.726811431982687,6.637379958456635,276
ZINCf5000002mDsd,C[S@@](=O)N1CCN([S@@](C)=O)CC2(CC2)C1,250.38899999999995,-0.028799999999999715,0,4,2,1,0,,,15.724146931093403,4,3,1,3,2,1,0,0,0,0.0,0.5353899951884045,0.2921759960449626,3.1948881789137378,4.332579229164654,277
